Datetime,Open,High,Low,Close,Volume
2023-08-28 09:15:00,457.8385,465.9761,457.8385,459.5339,415271.86
2023-08-28 13:15:00,459.8245,463.6511,457.887,460.1636,242710.98
2023-08-29 09:15:00,463.1678,478.7035,462.8774,468.1044,701143.21
2023-08-29 13:15:00,468.1044,468.8787,463.7969,465.7329,419324.09
2023-08-30 09:15:00,470.5233,476.187,467.8609,469.652,644035.32
2023-08-30 13:15:00,469.894,470.4265,465.3921,468.587,258831.5
2023-08-31 09:15:00,469.4121,474.7353,457.8945,471.1542,731338.27
2023-08-31 13:15:00,470.5251,479.0907,469.4604,478.8971,636134.41
2023-09-01 09:15:00,481.5556,484.1235,472.1561,474.3848,246566.07
2023-09-01 13:15:00,473.9003,481.701,472.1561,476.9528,538772.99
2023-09-04 09:15:00,481.1231,482.5749,471.4445,474.5417,724463.37
2023-09-04 13:15:00,474.9288,491.6728,471.3477,491.1889,1682720.92
2023-09-05 09:15:00,497.0878,524.1929,494.2321,517.1746,2773113.53
2023-09-05 13:15:00,516.8358,517.6103,506.5746,508.2203,1056996.05
2023-09-06 09:15:00,518.5758,518.9665,504.8533,506.9043,599303.21
2023-09-06 13:15:00,506.5625,512.3738,505.1463,507.881,468349.23
2023-09-07 09:15:00,505.2712,506.7714,493.0278,501.0127,787606.82
2023-09-07 13:15:00,501.2062,502.5128,496.5121,497.4316,511391.2
2023-09-08 09:15:00,499.2705,505.9004,498.3511,505.3681,462580.4
2023-09-08 13:15:00,505.2712,506.1907,500.3835,501.787,386426.81
2023-09-11 09:15:00,530.3872,578.4414,530.3872,561.1651,10095758.65
2023-09-11 13:15:00,560.9715,580.232,560.9715,567.1658,4334839.59
2023-09-12 09:15:00,575.1015,577.764,529.4032,543.345,1253996.78
2023-09-12 13:15:00,543.1514,549.6866,532.5014,541.0698,980603.58
2023-09-13 09:15:00,540.6402,558.9875,528.3925,547.1271,1028079.89
2023-09-13 13:15:00,547.1271,550.8547,542.383,550.2253,520498.35
2023-09-14 09:15:00,554.0031,577.8124,549.4541,566.7304,2000927.94
2023-09-14 13:15:00,566.7304,569.3436,561.504,565.2302,753465.42
2023-09-15 09:15:00,569.2364,590.2009,567.0093,571.3184,932236.1
2023-09-15 13:15:00,571.3184,573.9329,564.6368,568.4134,651406.99
2023-09-18 09:15:00,570.4075,571.9084,556.8022,562.1765,316568.9
2023-09-18 13:15:00,562.1765,565.4205,558.9326,565.0332,448548.85
2023-09-20 09:15:00,559.8539,568.908,555.2058,559.8055,367634.12
2023-09-20 13:15:00,559.4666,560.9675,555.2058,558.7403,345769.18
2023-09-21 09:15:00,556.0355,566.198,548.9218,551.9705,266847.51
2023-09-21 13:15:00,552.5996,554.2934,547.3248,552.1641,204330.2
2023-09-22 09:15:00,554.1966,557.2454,539.5336,545.7763,232683.45
2023-09-22 13:15:00,545.4859,553.4223,544.4212,550.1316,407016.52
2023-09-25 09:15:00,548.6313,572.973,545.3406,564.2139,1157890.85
2023-09-25 13:15:00,564.2139,572.1987,563.8267,570.8921,664262.53
2023-09-26 09:15:00,571.2793,582.1193,566.2464,571.1341,788330.08
2023-09-26 13:15:00,571.1341,573.2634,563.5848,567.1659,381965.44
2023-09-27 09:15:00,571.7149,571.7149,561.394,564.9797,264033.18
2023-09-27 13:15:00,565.1735,567.8869,562.4601,565.9488,212551.91
2023-09-28 09:15:00,567.8367,577.6187,564.8828,573.2604,515007.15
2023-09-28 13:15:00,573.1635,573.2604,561.7836,564.3501,284265.85
2023-09-29 09:15:00,567.793,571.7148,565.6626,568.4224,187169.61
2023-09-29 13:15:00,567.9867,570.698,567.4541,568.0351,191465.57
2023-10-03 09:15:00,569.7117,587.491,569.7117,578.9162,584473.6
2023-10-03 13:15:00,579.11,583.6639,577.0269,580.3696,494266.95
2023-10-04 09:15:00,579.0218,579.99,555.493,559.947,541895.7
2023-10-04 13:15:00,559.8986,563.9169,555.493,562.5613,356570.18
2023-10-05 09:15:00,563.972,566.0529,552.6964,553.8095,313643.52
2023-10-05 13:15:00,553.8095,557.0034,551.0995,552.648,228133.21
2023-10-06 09:15:00,556.9527,560.4869,554.0963,557.2916,179387.8
2023-10-06 13:15:00,557.34,562.2782,555.6939,561.7941,477543.32
2023-10-09 09:15:00,552.8879,557.5841,549.0148,551.726,228332.69
2023-10-09 13:15:00,551.726,557.0999,548.0465,556.7611,326914.7
2023-10-10 09:15:00,559.1236,570.9889,559.1236,566.9692,211650.1
2023-10-10 13:15:00,566.6302,568.5674,565.032,567.1629,169220.76
2023-10-11 09:15:00,570.4566,581.6838,566.1013,576.6993,772766.81
2023-10-11 13:15:00,577.0381,577.1348,572.3924,573.3602,220983.43
2023-10-12 09:15:00,573.9409,577.28,569.15,572.4891,164615.77
2023-10-12 13:15:00,572.4891,580.7159,572.3924,574.0377,292902.93
2023-10-13 09:15:00,574.5667,594.8951,572.2435,578.4872,508206.76
2023-10-13 13:15:00,578.7292,581.4881,569.533,571.3723,349620.77
2023-10-16 09:15:00,575.5862,575.5862,564.0135,571.3252,129678.99
2023-10-16 13:15:00,571.3252,575.0536,570.5505,572.342,143182.29
2023-10-17 09:15:00,575.5253,582.1193,570.9192,572.1798,141229.26
2023-10-17 13:15:00,571.9858,575.4283,569.2222,572.2282,166490.32
2023-10-18 09:15:00,568.7117,572.0052,559.8967,563.1903,223494.99
2023-10-18 13:15:00,563.2387,565.7088,560.6232,564.1589,164325.77
2023-10-19 09:15:00,562.2298,562.2782,556.9513,559.1305,159665.18
2023-10-19 13:15:00,559.1789,559.9538,555.0627,556.5155,180769.4
2023-10-20 09:15:00,558.0139,569.2952,555.2057,555.2057,276377.28
2023-10-20 13:15:00,555.6414,557.2876,552.3491,554.6247,269981.89
2023-10-23 09:15:00,556.6157,559.423,518.7658,524.6708,1024556.87
2023-10-23 13:15:00,524.7192,527.4781,518.9594,523.0251,697048.54
2023-10-25 09:15:00,524.0961,534.0167,497.5767,504.3517,1072218.27
2023-10-25 13:15:00,504.013,509.9654,498.3994,503.5291,686516.76
2023-10-26 09:15:00,502.4645,504.0614,486.5915,501.1578,435541.37
2023-10-26 13:15:00,501.3514,506.3843,496.5121,500.7223,464958.86
2023-10-27 09:15:00,508.1748,526.4674,508.1748,519.1116,224908.6
2023-10-27 13:15:00,518.6761,525.3543,518.6761,522.5475,238643.03
2023-10-30 09:15:00,528.403,528.403,512.9887,513.8612,195320.49
2023-10-30 13:15:00,513.7158,517.5451,513.3764,515.8001,113570.68
2023-10-31 09:15:00,517.8051,524.4833,514.0304,520.1764,279027.96
2023-10-31 13:15:00,520.4183,529.371,516.8372,518.3374,765420.63
2023-11-01 09:15:00,510.3518,516.2562,510.3034,512.5296,281057.84
2023-11-01 13:15:00,512.5296,518.5793,512.1909,515.4335,303750.12
2023-11-02 09:15:00,521.3365,525.7415,517.1736,521.2881,321953.54
2023-11-02 13:15:00,521.5302,523.7569,519.8843,520.7072,149694.16
2023-11-03 09:15:00,523.0315,535.2265,520.5634,532.2745,552002.45
2023-11-03 13:15:00,531.6938,532.2261,529.4193,529.9033,186584.87
2023-11-06 09:15:00,536.1944,540.1626,534.3554,539.5335,208905.24
2023-11-06 13:15:00,539.7271,540.8401,535.2265,538.2753,134154.75
2023-11-07 09:15:00,540.4949,547.7119,537.8794,541.9964,125166.75
2023-11-07 13:15:00,542.1418,543.2558,537.9763,538.6059,135533.05
2023-11-08 09:15:00,542.0005,544.4687,538.5158,543.0168,126312.01
2023-11-08 13:15:00,543.0168,553.9545,541.9521,550.7603,555044.3
2023-11-09 09:15:00,552.5512,553.9546,543.4533,547.9539,137416.59
2023-11-09 13:15:00,548.341,548.6798,541.1304,543.0178,91846.97
2023-11-10 09:15:00,544.0617,553.1803,541.297,550.4641,94896.6
2023-11-10 13:15:00,550.8036,551.9192,548.3785,550.9492,89051.64
2023-11-13 09:15:00,551.7269,556.4226,547.1764,548.0961,272961.07
2023-11-13 13:15:00,548.0477,549.258,543.2551,544.9011,118401.56
2023-11-15 09:15:00,554.4384,554.4384,544.0824,550.4702,105358.24
2023-11-15 13:15:00,550.4702,550.567,545.8245,548.6797,76802.45
2023-11-16 09:15:00,550.9058,556.3258,548.099,550.0831,181320.69
2023-11-16 13:15:00,550.1799,550.6638,544.034,546.4536,114844.11
2023-11-17 09:15:00,552.6944,575.8282,552.5008,566.3424,1421610.14
2023-11-17 13:15:00,566.8263,569.2462,565.8584,569.0526,283589.55
2023-11-20 09:15:00,570.9829,589.4267,568.4172,575.0976,611379.41
2023-11-20 13:15:00,575.2429,576.9372,571.2249,573.1613,254106.21
2023-11-21 09:15:00,577.231,579.6997,566.4851,567.3564,151827.96
2023-11-21 13:15:00,567.4532,570.1155,564.5973,567.308,138575.23
2023-11-22 09:15:00,570.6012,570.9405,558.4339,561.6333,149446.62
2023-11-22 13:15:00,561.5363,563.6693,559.2095,562.1665,118779.37
2023-11-23 09:15:00,564.3529,570.161,561.7393,566.773,267804.64
2023-11-23 13:15:00,566.8214,602.4928,566.289,600.5567,3315435.06
2023-11-24 09:15:00,598.6199,607.816,593.441,593.5862,612257.65
2023-11-24 13:15:00,594.0218,596.2966,588.0685,590.4886,521267.24
2023-11-28 09:15:00,601.7662,604.6705,591.8917,602.1535,482736.98
2023-11-28 13:15:00,602.3471,603.6056,595.5221,601.7662,362131.76
2023-11-29 09:15:00,601.6217,618.4625,594.6531,617.3978,1686945.62
2023-11-29 13:15:00,617.3494,620.3982,609.7517,610.8164,967637.99
2023-11-30 09:15:00,615.5589,627.1732,612.6553,626.3021,723413.61
2023-11-30 13:15:00,626.3021,629.5928,612.2197,619.2851,1014007.33
2023-12-01 09:15:00,625.2843,628.2862,609.306,613.2763,234037.81
2023-12-01 13:15:00,613.2763,614.4384,608.6281,608.6281,250767.78
2023-12-04 09:15:00,616.5748,617.3492,602.3946,615.2681,420121.03
2023-12-04 13:15:00,615.2681,620.253,612.7515,616.0909,358047.67
2023-12-05 09:15:00,617.3969,621.8013,608.6364,621.2205,392863.65
2023-12-05 13:15:00,622.0917,623.3018,617.3969,617.3969,257447.71
2023-12-06 09:15:00,623.6399,624.1245,612.3979,618.3097,377654.4
2023-12-06 13:15:00,618.3097,622.1378,617.3405,620.151,293090.54
2023-12-07 09:15:00,613.6231,613.6231,569.3059,601.3994,2949972.59
2023-12-07 13:15:00,601.0098,603.2987,584.403,587.325,970218.86
2023-12-08 09:15:00,556.3086,567.553,506.6295,514.5297,5840742.77
2023-12-08 13:15:00,514.7236,535.9523,509.3437,524.1263,4369934.98
2023-12-11 09:15:00,522.6367,536.7751,511.3066,527.4302,1994378.96
2023-12-11 13:15:00,527.4302,535.5162,527.0912,531.7394,846784.21
2023-12-12 09:15:00,536.1943,544.4211,526.5641,527.7255,576171.3
2023-12-12 13:15:00,527.5803,530.1936,521.3377,528.4514,677098.11
2023-12-13 09:15:00,533.9199,533.9199,526.7311,528.4797,252154.98
2023-12-13 13:15:00,528.4797,532.3656,527.071,528.7711,335590.39
2023-12-14 09:15:00,530.4333,533.6295,515.3237,517.5513,1211079.32
2023-12-14 13:15:00,517.5513,519.1011,513.4349,516.0501,727301.55
2023-12-15 09:15:00,517.8524,529.3226,517.8524,524.1925,1008642.51
2023-12-15 13:15:00,524.1441,527.2899,524.1441,525.1604,287518.4
2023-12-18 09:15:00,566.198,566.198,547.8771,554.9722,2534219.66
2023-12-18 13:15:00,554.9722,557.3049,551.0845,553.8059,688496.87
2023-12-19 09:15:00,556.9066,556.9066,544.6062,545.3811,648719.07
2023-12-19 13:15:00,545.7685,547.5118,542.427,544.3157,249788.01
2023-12-20 09:15:00,546.8408,546.8408,529.9978,530.4346,394691.58
2023-12-20 13:15:00,530.5802,531.0171,517.4747,520.8239,827305.22
2023-12-21 09:15:00,516.2524,527.5794,510.25,525.4012,178623.72
2023-12-21 13:15:00,525.0139,531.3551,521.8675,527.6762,210106.25
2023-12-22 09:15:00,531.0129,540.8384,530.4805,537.0631,556446.54
2023-12-22 13:15:00,536.7243,550.3735,536.3855,544.0813,724879.31
2023-12-26 09:15:00,547.2275,548.1959,538.5122,540.2068,116002.83
2023-12-26 13:15:00,540.3521,541.0784,538.2701,539.2869,174302.68
2023-12-27 09:15:00,542.0482,543.8405,528.9693,530.3741,313636.89
2023-12-27 13:15:00,530.3256,531.8757,528.9693,530.8585,213000.88
2023-12-28 09:15:00,525.6887,538.7583,525.6887,537.645,385336.86
2023-12-28 13:15:00,537.645,541.9531,532.9012,535.5635,428783.99
2023-12-29 09:15:00,536.1943,545.6794,532.8068,543.3081,512166.11
2023-12-29 13:15:00,543.3081,543.9372,535.9524,538.1301,368753.81
2024-01-01 09:15:00,541.9531,544.8083,537.9365,539.1947,149182.77
2024-01-01 13:15:00,539.1463,539.6786,537.6461,538.7107,125026.37
2024-01-02 09:15:00,541.6144,541.6144,527.8671,529.8033,333142.81
2024-01-02 13:15:00,529.7549,532.6593,528.3511,530.0453,267656.05
2024-01-03 09:15:00,533.3022,539.9198,531.7937,539.4332,229629.87
2024-01-03 13:15:00,539.0439,540.0658,536.2217,536.2703,201400.74
2024-01-04 09:15:00,535.4677,537.259,532.9988,534.8868,120012.36
2024-01-04 13:15:00,534.8868,535.9035,533.5313,535.5646,205322.49
2024-01-05 09:15:00,539.8223,543.1629,529.6553,531.8339,463531.04
2024-01-05 13:15:00,532.3181,532.4149,528.6386,530.0426,183326.06
2024-01-08 09:15:00,536.0903,537.5494,526.7518,528.4541,243116.49
2024-01-08 13:15:00,528.4541,529.0864,523.8821,525.6331,303035.43
2024-01-09 09:15:00,527.5798,528.4515,522.1074,523.0275,225541.9
2024-01-09 13:15:00,522.9791,523.0275,517.3129,518.8143,278205.13
2024-01-10 09:15:00,519.9329,521.8694,514.6077,519.352,137336.87
2024-01-10 13:15:00,519.2068,523.6122,518.9647,520.7075,184508.08
2024-01-11 09:15:00,523.7083,527.3384,520.7074,525.4507,145246.44
2024-01-11 13:15:00,525.4507,525.4991,519.8361,521.6754,111337.63
2024-01-12 09:15:00,521.9657,526.1771,521.046,521.5301,100527.09
2024-01-12 13:15:00,521.5301,522.7402,516.1085,517.0767,263082.2
2024-01-15 09:15:00,523.3703,523.3703,511.0523,512.0707,321060.64
2024-01-15 13:15:00,512.0707,512.1192,507.2696,507.2696,500220.27
2024-01-16 09:15:00,510.9332,522.6443,506.9166,511.3203,395189.46
2024-01-16 13:15:00,511.0784,514.0303,510.6913,512.9657,193158.14
2024-01-17 09:15:00,508.6989,515.5306,506.7608,509.5225,155859.01
2024-01-17 13:15:00,509.5225,512.3812,502.0124,506.8092,358568.4
2024-01-18 09:15:00,505.9972,509.0943,492.7375,502.9,146737.14
2024-01-18 13:15:00,503.2872,504.1583,498.0123,502.4161,193117.82
2024-01-19 09:15:00,505.368,510.0621,504.8357,506.6262,110182.28
2024-01-19 13:15:00,506.6262,506.8682,501.4966,503.0451,144669.71
2024-01-23 09:15:00,506.1423,506.1423,489.7384,498.5713,347188.04
2024-01-23 13:15:00,498.6199,499.5905,494.5431,496.0476,245815.14
2024-01-24 09:15:00,496.0663,504.2549,488.2653,500.5724,442213.24
2024-01-24 13:15:00,500.5724,504.3034,499.0704,501.0085,232281.78
2024-01-25 09:15:00,500.9159,509.0943,492.1084,494.6248,346270.16
2024-01-25 13:15:00,494.6732,498.3995,493.173,495.4959,258526.06
2024-01-29 09:15:00,502.2699,502.658,495.3822,501.5424,352940.47
2024-01-29 13:15:00,501.5424,502.0274,494.6061,501.0573,453769.11
2024-01-30 09:15:00,496.27,496.7541,493.8494,494.7692,364733.98
2024-01-30 13:15:00,494.866,495.4954,488.9598,490.8478,256958.74
2024-01-31 09:15:00,493.7534,495.1571,482.2337,483.7825,530907.99
2024-01-31 13:15:00,483.8309,484.9926,480.83,482.0884,493607.2
2024-02-01 09:15:00,489.154,492.6407,483.8271,486.3937,355437.06
2024-02-01 13:15:00,486.3937,490.0257,478.2581,478.4518,614893.21
2024-02-02 09:15:00,481.3567,486.9787,464.7816,472.3422,2120480.84
2024-02-02 13:15:00,471.9544,471.9544,460.5651,464.9755,888730.88
2024-02-05 09:15:00,469.4116,474.2029,455.9085,458.764,546697.93
2024-02-05 13:15:00,458.7156,469.3632,456.1021,458.9092,683088.05
2024-02-06 09:15:00,459.8236,492.7373,459.3396,489.8332,1232358.12
2024-02-06 13:15:00,489.8332,493.2214,488.0907,490.8012,687015.29
2024-02-07 09:15:00,498.5418,500.2384,485.8905,488.1687,383661.24
2024-02-07 13:15:00,487.6355,488.2656,483.3699,484.097,339778.82
2024-02-08 09:15:00,487.1232,490.6562,484.2677,489.7366,281490.47
2024-02-08 13:15:00,489.7366,494.4796,489.6882,491.7209,483943.15
2024-02-09 09:15:00,495.5443,496.3185,475.4612,481.3167,272611.78
2024-02-09 13:15:00,481.0747,487.0271,476.8646,483.4944,329907.26
2024-02-12 09:15:00,487.3174,487.3174,466.5548,469.4586,509451.91
2024-02-12 13:15:00,469.4586,473.3304,465.2964,467.5227,246548.41
2024-02-13 09:15:00,473.1383,473.1383,459.8009,462.9648,312693.24
2024-02-13 13:15:00,463.0135,467.9299,461.9426,466.3722,206704.3
2024-02-14 09:15:00,461.4756,480.8812,460.7013,479.0907,478062.99
2024-02-14 13:15:00,479.5746,482.7201,477.1549,481.0264,338960.21
2024-02-15 09:15:00,484.4622,493.6085,484.1719,488.866,198475.02
2024-02-15 13:15:00,489.0596,489.0596,483.5428,488.7208,196577.02
2024-02-16 09:15:00,492.9794,492.9794,482.2214,485.5167,137638.38
2024-02-16 13:15:00,485.5651,486.0497,482.4637,484.2083,177654.2
2024-02-19 09:15:00,489.5298,501.3514,489.5298,498.9774,328602.53
2024-02-19 13:15:00,498.8805,499.801,493.2119,496.6034,226991.79
2024-02-20 09:15:00,497.5746,499.5595,489.9255,493.6532,141206.82
2024-02-20 13:15:00,493.1207,503.1903,489.9255,495.7349,498320.49
2024-02-21 09:15:00,498.0606,498.0606,487.5441,490.1611,223263.33
2024-02-21 13:15:00,489.8219,490.8396,484.8786,487.3017,174639.23
2024-02-22 09:15:00,488.7692,495.0603,481.4135,491.7212,228764.54
2024-02-22 13:15:00,491.8664,497.1896,490.9953,493.7053,192930.84
2024-02-23 09:15:00,493.1237,501.9321,488.1388,495.7856,193829.63
2024-02-23 13:15:00,496.076,499.8994,493.9465,496.56,216034.22
2024-02-26 09:15:00,498.3511,503.2871,494.6248,502.1257,292293.35
2024-02-26 13:15:00,502.1257,502.1257,496.0766,497.238,152078.83
2024-02-27 09:15:00,499.1253,515.7725,499.1253,502.3192,538363.08
2024-02-27 13:15:00,502.3192,502.7548,497.4799,498.4478,221163.23
2024-02-28 09:15:00,502.3675,502.8032,484.2131,484.5036,193370.89
2024-02-28 13:15:00,484.9877,492.3463,484.6488,487.844,174028.43
2024-02-29 09:15:00,487.0755,487.0755,470.6703,482.5265,596138.98
2024-02-29 13:15:00,482.333,484.3655,481.9458,482.7201,309028.2
2024-03-01 09:15:00,488.7692,496.4154,485.6237,489.8339,500195.34
2024-03-01 13:15:00,490.1726,490.5114,485.8657,487.8014,150733.6
2024-03-04 09:15:00,488.671,496.1734,486.0573,489.3486,204737.63
2024-03-04 13:15:00,489.155,493.5112,488.8646,491.5751,190771.39
2024-03-05 09:15:00,492.4955,494.3344,488.7692,492.3503,104441.77
2024-03-05 13:15:00,492.3503,498.4478,489.7855,496.9477,260565.62
2024-03-06 09:15:00,499.4157,499.4157,481.0263,484.6558,161237.19
2024-03-06 13:15:00,484.6558,490.6566,483.9299,485.9624,134854.24
2024-03-07 09:15:00,488.8654,490.5114,482.6686,484.7019,124597.99
2024-03-07 13:15:00,484.2662,486.4447,480.4901,482.9591,318336.76
2024-03-11 09:15:00,483.2032,484.8978,471.1473,471.3894,557978.9
2024-03-11 13:15:00,471.3894,473.0356,468.7749,469.6948,278847.45
2024-03-12 09:15:00,472.4122,473.3319,464.6677,469.1208,326337.96
2024-03-12 13:15:00,469.2176,472.267,464.9097,469.508,153679.88
2024-03-13 09:15:00,470.9117,471.3961,443.248,451.0965,367455.0
2024-03-13 13:15:00,450.9512,453.4705,437.5312,444.7499,519192.84
2024-03-14 09:15:00,438.1502,447.9255,435.1014,439.3116,221539.3
2024-03-14 13:15:00,439.36,442.312,435.537,438.005,340074.02
2024-03-15 09:15:00,440.228,454.8942,434.3712,442.7933,410357.39
2024-03-15 13:15:00,442.7933,451.8448,441.2444,446.5688,368192.9
2024-03-18 09:15:00,452.0224,458.9006,448.5349,456.8662,154969.59
2024-03-18 13:15:00,456.9146,469.896,455.4615,459.9178,748527.65
2024-03-19 09:15:00,461.8093,463.6049,456.6651,460.4504,116651.08
2024-03-19 13:15:00,460.4019,463.071,457.3931,463.071,166238.17
2024-03-20 09:15:00,460.7779,477.255,459.421,470.9065,866402.28
2024-03-20 13:15:00,470.9065,508.8524,469.598,502.1646,5797023.38
2024-03-21 09:15:00,496.9438,517.6115,492.6844,510.2543,1457827.93
2024-03-21 13:15:00,510.4963,514.0781,508.5602,511.2708,680138.65
2024-03-22 09:15:00,506.2874,520.4666,506.2874,515.3853,560260.9
2024-03-22 13:15:00,515.5305,516.3532,513.0625,514.853,316845.48
2024-03-26 09:15:00,512.143,526.5157,504.1097,517.6114,821222.28
2024-03-26 13:15:00,517.563,519.16,509.191,514.0787,530117.09
2024-03-27 09:15:00,516.3027,528.0644,516.3027,522.4014,217171.38
2024-03-27 13:15:00,522.4014,522.7402,520.8041,521.8205,254411.68
2024-03-28 09:15:00,526.176,526.5158,520.6909,521.2735,198533.29
2024-03-28 13:15:00,521.419,525.2052,509.6723,513.0701,320593.92
2024-04-01 09:15:00,516.3508,518.5793,514.8488,516.3992,176355.75
2024-04-01 13:15:00,516.3992,517.3197,515.5271,516.6899,144479.84
2024-04-02 09:15:00,517.4179,526.2254,514.1272,522.1604,200995.0
2024-04-02 13:15:00,522.6443,523.1283,519.4988,521.7249,167114.07
2024-04-03 09:15:00,526.3705,530.3872,520.9022,528.4515,232256.78
2024-04-03 13:15:00,528.4515,532.3229,527.9191,529.5645,337826.82
2024-04-04 09:15:00,532.4191,535.9524,520.0282,529.4666,164592.25
2024-04-04 13:15:00,529.5149,531.7414,527.2401,530.0474,145481.36
2024-04-05 09:15:00,527.3357,530.3872,519.2467,520.1186,190051.28
2024-04-05 13:15:00,520.0701,523.606,518.5686,520.3608,193962.53
2024-04-08 09:15:00,526.3699,527.6288,511.6518,514.0725,183213.15
2024-04-08 13:15:00,514.0725,514.0725,508.3595,510.0056,136408.63
2024-04-09 09:15:00,513.2076,513.5464,505.5094,507.3008,139873.74
2024-04-09 13:15:00,507.3008,510.1089,504.638,507.0103,346455.03
2024-04-10 09:15:00,511.9471,514.8047,501.2432,504.682,592433.37
2024-04-10 13:15:00,504.6335,505.8928,502.793,503.5195,290794.87
2024-04-12 09:15:00,504.448,506.3359,496.4125,497.9131,144520.8
2024-04-12 13:15:00,498.3972,499.2201,494.1374,495.7348,148100.87
2024-04-15 09:15:00,490.8982,493.6085,476.7661,490.1723,102893.24
2024-04-15 13:15:00,489.7851,491.2854,485.9133,487.0264,86014.35
2024-04-16 09:15:00,486.1949,500.3352,483.8704,496.558,209200.54
2024-04-16 13:15:00,495.9284,497.9624,490.3111,492.4418,108113.89
2024-04-18 09:15:00,493.0736,495.9798,490.1191,491.0393,91995.49
2024-04-18 13:15:00,491.0393,491.1362,484.3553,486.5833,203850.38
2024-04-19 09:15:00,481.0596,492.8318,476.8449,490.022,129765.5
2024-04-19 13:15:00,490.022,495.1087,488.9562,491.9113,148230.74
2024-04-22 09:15:00,498.7339,501.7372,494.3259,501.495,128039.91
2024-04-22 13:15:00,501.5435,503.1419,496.8933,499.5574,138394.05
2024-04-23 09:15:00,502.9484,515.2886,498.0607,513.4496,535028.91
2024-04-23 13:15:00,513.4496,514.9014,506.1907,507.3521,255819.06
2024-04-24 09:15:00,511.1747,512.1915,502.1693,503.9608,218533.74
2024-04-24 13:15:00,503.9608,506.1395,501.2979,503.525,121578.95
2024-04-25 09:15:00,500.3835,509.5782,500.3835,503.4323,203235.0
2024-04-25 13:15:00,503.4807,504.255,498.1091,502.0773,177200.24
2024-04-26 09:15:00,502.5129,514.7079,502.5129,510.6428,257347.17
2024-04-26 13:15:00,510.5945,511.03,505.2229,506.8682,164959.83
2024-04-29 09:15:00,512.7238,527.3384,507.4489,526.5158,735554.82
2024-04-29 13:15:00,526.4674,532.3229,523.6606,531.7906,856107.4
2024-04-30 09:15:00,534.9805,539.098,524.4688,535.9009,562877.48
2024-04-30 13:15:00,535.9977,537.79,525.9705,530.6693,541338.83
2024-05-02 09:15:00,532.9025,537.1138,525.69,529.0784,354807.71
2024-05-02 13:15:00,528.6428,531.7408,525.8353,528.304,184497.49
2024-05-03 09:15:00,530.2905,535.0813,518.9665,525.9835,184982.34
2024-05-03 13:15:00,525.8383,527.1933,520.7086,523.5638,106068.03
2024-05-06 09:15:00,523.659,542.3887,522.7878,527.434,728755.26
2024-05-06 13:15:00,528.1115,531.1122,519.3516,520.8035,234900.41
2024-05-07 09:15:00,523.8518,526.5158,506.6564,508.4486,279428.02
2024-05-07 13:15:00,508.7393,516.2955,507.6252,509.4174,218148.05
2024-05-08 09:15:00,508.2716,520.4182,505.2228,517.4663,123898.11
2024-05-08 13:15:00,517.4663,518.7729,511.1267,515.4821,109943.61
2024-05-09 09:15:00,515.4822,516.934,499.4157,500.9159,132856.0
2024-05-09 13:15:00,500.9159,503.8195,497.48,499.5125,194116.94
2024-05-10 09:15:00,501.3514,511.7075,501.1094,504.497,110722.64
2024-05-10 13:15:00,504.5937,507.9328,503.4807,504.1582,91332.44
2024-05-13 09:15:00,506.9639,508.9491,483.7704,484.2062,331674.83
2024-05-13 13:15:00,484.2062,486.143,482.0757,484.8356,535071.65
2024-05-14 09:15:00,488.7692,488.7692,481.7039,482.9137,155905.84
2024-05-14 13:15:00,482.9621,490.8985,482.4781,487.9465,245320.64
2024-05-15 09:15:00,492.2518,502.7541,491.7678,502.0282,210330.75
2024-05-15 13:15:00,502.0282,509.9169,500.0922,507.2067,241141.17
2024-05-16 09:15:00,509.333,516.3533,502.5548,503.3294,341709.52
2024-05-16 13:15:00,503.4747,503.5231,497.2291,501.1023,147361.34
2024-05-17 09:15:00,503.0344,515.9613,498.369,515.2324,276517.42
2024-05-17 13:15:00,515.1352,517.0791,509.4493,510.2269,273146.89
2024-05-21 09:15:00,508.1739,509.1902,500.6239,502.1726,239347.01
2024-05-21 13:15:00,502.1726,517.805,499.6075,508.1739,289548.97
2024-05-22 09:15:00,508.5133,510.788,501.5925,502.8508,90218.36
2024-05-22 13:15:00,502.8508,511.3204,502.3668,508.4165,183603.2
2024-05-23 09:15:00,511.901,511.9495,503.6211,503.6211,118365.27
2024-05-23 13:15:00,503.8148,504.7348,501.878,502.2169,104525.04
2024-05-24 09:15:00,507.9328,507.9328,499.1737,505.1261,225795.09
2024-05-24 13:15:00,504.8841,506.6263,501.3514,503.7227,145022.03
2024-05-27 09:15:00,507.8361,507.8361,495.3507,498.8834,83272.38
2024-05-27 13:15:00,498.4962,500.8191,497.9639,499.9964,80159.33
2024-05-28 09:15:00,499.7037,503.7227,489.2448,489.2932,214395.01
2024-05-28 13:15:00,489.1964,489.9711,484.9838,486.6785,387572.28
2024-05-29 09:15:00,488.1388,501.3514,486.2513,496.318,295049.38
2024-05-29 13:15:00,496.56,498.0119,492.2042,495.1081,169978.25
2024-05-30 09:15:00,497.48,498.4962,486.8819,488.7692,150909.25
2024-05-30 13:15:00,488.3821,488.7692,483.9299,484.8494,233187.69
2024-05-31 09:15:00,495.2271,521.4829,485.3448,512.9086,7598673.88
2024-05-31 13:15:00,512.9086,513.0054,500.7495,503.5107,1421183.59
2024-06-03 09:15:00,529.4673,532.5647,516.884,525.4987,703175.55
2024-06-03 13:15:00,525.1115,534.4522,522.8369,532.4679,770835.21
2024-06-04 09:15:00,536.146,536.146,469.5452,492.536,1487472.54
2024-06-04 13:15:00,492.536,503.6684,487.4538,499.8931,598266.79
2024-06-05 09:15:00,502.2484,502.2484,469.7671,488.5772,683120.67
2024-06-05 13:15:00,488.1409,514.8531,488.1409,509.0355,702803.18
2024-06-06 09:15:00,514.4237,529.3225,511.3662,516.7046,401967.53
2024-06-06 13:15:00,516.3649,522.0915,515.006,519.5679,249245.13
2024-06-07 09:15:00,521.6573,560.772,517.9782,559.2228,3006868.73
2024-06-07 13:15:00,559.126,578.9738,555.931,570.2601,2821854.23
2024-06-10 09:15:00,577.278,585.3132,569.4364,576.5035,721720.95
2024-06-10 13:15:00,576.5035,585.5552,576.1647,577.278,624334.31
2024-06-11 09:15:00,575.1023,598.7181,575.1023,589.4266,879311.22
2024-06-11 13:15:00,589.717,603.9445,589.4266,599.8311,1562927.79
2024-06-12 09:15:00,605.7835,636.8518,605.2511,622.1403,2570704.84
2024-06-12 13:15:00,622.0919,622.7211,611.3971,616.5267,1077693.22
2024-06-13 09:15:00,623.1051,646.8919,620.0047,640.061,2582520.0
2024-06-13 13:15:00,640.4971,670.5817,639.4797,666.6092,4495034.64
2024-06-14 09:15:00,666.351,688.8259,653.6604,677.0557,1793626.44
2024-06-14 13:15:00,676.765,683.304,667.2713,677.0072,1225277.49
2024-06-18 09:15:00,683.6956,684.7608,659.9696,665.1506,420674.22
2024-06-18 13:15:00,665.1506,671.4452,663.359,670.1379,417592.87
2024-06-19 09:15:00,672.6342,692.9877,639.0509,660.0344,1324477.97
2024-06-19 13:15:00,660.1798,674.2819,656.9329,670.9865,676081.14
2024-06-20 09:15:00,668.0782,689.1162,667.0602,677.6762,668575.67
2024-06-20 13:15:00,677.6762,679.3244,670.6474,674.8162,408631.78
2024-06-21 09:15:00,677.8407,686.0191,672.6143,676.5341,504331.24
2024-06-21 13:15:00,676.5341,681.2282,659.8869,664.8714,518088.4
2024-06-24 09:15:00,664.3646,670.6785,649.8427,667.9587,211864.9
2024-06-24 13:15:00,668.0072,668.0072,658.585,664.4132,125937.3
2024-06-25 09:15:00,666.2263,671.5496,654.0797,655.9186,251124.16
2024-06-25 13:15:00,655.3379,670.0494,655.3379,661.2903,205291.08
2024-06-26 09:15:00,663.1265,664.6755,653.9775,658.4794,159155.95
2024-06-26 13:15:00,658.2858,672.6626,657.8985,666.4666,207944.43
2024-06-27 09:15:00,668.7386,671.16,658.0845,669.4651,264598.36
2024-06-27 13:15:00,669.2229,674.5984,655.9053,660.0701,275292.65
2024-06-28 09:15:00,660.7095,718.152,657.6124,702.6662,3074631.21
2024-06-28 13:15:00,702.9566,711.377,701.9403,706.9732,1350672.87
2024-07-01 09:15:00,715.1475,730.6374,708.6127,719.7945,497832.75
2024-07-01 13:15:00,719.5041,721.0046,713.1144,719.5041,389623.64
2024-07-02 09:15:00,723.9108,733.5894,708.4734,719.7006,1178265.65
2024-07-02 13:15:00,719.1682,723.572,715.442,721.1523,236543.55
2024-07-03 09:15:00,724.2975,726.8627,709.2453,713.4076,183185.0
2024-07-03 13:15:00,713.4076,715.7792,707.0673,710.6973,257298.47
2024-07-04 09:15:00,712.925,721.0555,705.1332,716.0223,202496.12
2024-07-04 13:15:00,715.9256,718.6841,706.5851,708.5209,274106.02
2024-07-05 09:15:00,708.4734,715.9259,702.9566,711.9093,89905.58
2024-07-05 13:15:00,711.6673,712.3448,706.5376,708.8605,124793.9
2024-07-08 09:15:00,716.2163,716.2163,692.2134,697.343,347069.89
2024-07-08 13:15:00,697.343,700.6821,694.0039,696.8591,201309.11
2024-07-09 09:15:00,699.9079,715.2001,695.2137,713.7483,774092.44
2024-07-09 13:15:00,713.2643,730.0567,712.3449,722.459,1007064.18
2024-07-10 09:15:00,728.7985,731.6537,691.2456,708.7154,1170018.49
2024-07-10 13:15:00,707.9411,709.4413,701.6984,708.4735,202752.48
2024-07-11 09:15:00,709.8717,729.0888,698.5447,717.9554,922528.11
2024-07-11 13:15:00,718.6331,723.0865,713.1633,715.2447,311307.46
2024-07-12 09:15:00,711.7057,715.8291,696.6188,697.9286,759301.13
2024-07-12 13:15:00,698.2682,705.1567,697.5405,703.2648,177840.9
2024-07-15 09:15:00,710.9415,710.9415,691.1325,697.1866,337036.74
2024-07-15 13:15:00,697.4772,701.6424,696.3148,700.0441,135819.81
2024-07-16 09:15:00,701.8436,715.2001,700.6822,703.247,1097268.35
2024-07-16 13:15:00,702.7146,704.1664,692.4554,694.4395,293018.66
2024-07-18 09:15:00,706.3185,718.7925,680.588,693.6489,386563.78
2024-07-18 13:15:00,693.4532,698.6385,684.7949,688.7572,202596.57
2024-07-19 09:15:00,683.506,694.7335,673.6455,676.9649,210061.94
2024-07-19 13:15:00,677.9412,684.3847,670.082,673.6455,241371.03
2024-07-22 09:15:00,669.7196,687.1625,662.8304,682.2277,178104.94
2024-07-22 13:15:00,681.8368,692.8302,680.2733,690.5827,127712.67
2024-07-23 09:15:00,696.4903,700.7849,644.1755,677.2627,594468.28
2024-07-23 13:15:00,677.4091,689.0726,675.5547,686.3885,190475.95
2024-07-24 09:15:00,688.5717,707.129,686.6671,696.5806,356174.77
2024-07-24 13:15:00,696.5806,700.1944,693.504,696.8736,134766.4
2024-07-25 09:15:00,694.9287,707.4218,685.3637,696.0999,293555.46
2024-07-25 13:15:00,695.9047,698.5888,691.0246,694.7822,133394.34
2024-07-26 09:15:00,690.8775,699.272,685.2162,690.3407,398902.15
2024-07-26 13:15:00,690.3407,690.9263,680.3358,682.288,186468.18
2024-07-29 09:15:00,692.8156,714.254,692.8156,695.1597,322873.92
2024-07-29 13:15:00,695.2573,698.3339,684.3673,688.6647,479002.14
2024-07-30 09:15:00,692.6832,702.7369,689.4132,692.8783,334242.33
2024-07-30 13:15:00,692.2439,698.7349,687.7538,692.2927,296431.31
2024-07-31 09:15:00,694.9266,697.6616,684.817,691.5567,215048.49
2024-07-31 13:15:00,691.5567,695.3662,684.7193,688.5776,246232.75
2024-08-01 09:15:00,692.0007,692.0007,676.4808,680.1411,226082.1
2024-08-01 13:15:00,679.9947,687.1202,678.3842,681.3124,175820.46
2024-08-02 09:15:00,667.9905,680.2883,666.7704,676.677,290521.72
2024-08-02 13:15:00,676.677,681.2643,671.4553,676.3842,149876.53
2024-08-05 09:15:00,652.2231,662.4759,636.6487,643.3862,318073.03
2024-08-05 13:15:00,643.3862,646.8038,636.1116,636.6487,221297.45
2024-08-06 09:15:00,639.7724,661.0119,639.7724,649.0982,281878.23
2024-08-06 13:15:00,648.8053,649.0494,635.2315,637.1846,128945.6
2024-08-07 09:15:00,660.5635,660.5635,638.3914,653.1728,114081.83
2024-08-07 13:15:00,652.6833,663.696,649.1103,662.7171,127496.85
2024-08-08 09:15:00,663.6197,678.2875,660.8817,662.8374,474776.04
2024-08-08 13:15:00,662.7396,664.3042,651.0054,653.5967,160539.53
2024-08-09 09:15:00,665.648,665.648,650.4187,659.9371,116202.17
2024-08-09 13:15:00,659.9371,662.3777,652.3224,656.5202,99310.8
2024-08-12 09:15:00,655.6383,688.8278,646.8529,685.3136,674531.38
2024-08-12 13:15:00,685.7529,693.9526,685.2648,689.9503,532677.68
2024-08-13 09:15:00,697.8568,712.1067,695.856,703.7129,2473155.67
2024-08-13 13:15:00,703.6153,724.4046,699.8576,714.4004,2181895.26
2024-08-14 09:15:00,722.1598,722.1598,692.0657,693.046,341493.04
2024-08-14 13:15:00,693.193,696.2318,683.6845,689.0269,480314.96
2024-08-16 09:15:00,692.0006,696.9783,680.7764,689.707,155381.51
2024-08-16 13:15:00,689.2678,707.5682,686.5349,692.9767,258568.58
2024-08-19 09:15:00,699.1256,718.7925,695.9048,715.3277,413212.38
2024-08-19 13:15:00,715.3277,738.8986,712.546,736.8002,2071682.68
2024-08-20 09:15:00,755.8327,793.4582,751.044,762.2828,6851316.33
2024-08-20 13:15:00,762.8203,769.0261,752.852,758.3736,1251479.57
2024-08-21 09:15:00,759.3737,774.7186,755.1221,762.5502,1001832.59
2024-08-21 13:15:00,762.9411,772.1285,760.791,770.9556,435090.68
2024-08-22 09:15:00,769.6431,772.913,758.0765,758.6134,311986.11
2024-08-22 13:15:00,758.6134,763.445,754.5138,762.3225,232299.41
2024-08-23 09:15:00,763.2991,763.2991,746.6631,747.6417,391254.29
2024-08-23 13:15:00,747.6417,751.5072,739.6662,741.8191,364774.32
2024-08-26 09:15:00,744.7059,745.6819,726.259,732.0664,185061.12
2024-08-26 13:15:00,732.0664,743.6811,730.456,733.4816,261229.37
2024-08-27 09:15:00,736.8489,736.8489,716.1043,722.9378,505067.81
2024-08-27 13:15:00,723.3771,729.2832,720.1068,726.4522,285827.72
2024-08-28 09:15:00,729.3335,730.0655,720.2077,725.527,257976.38
2024-08-28 13:15:00,726.015,726.3567,722.2574,723.1358,109705.36
2024-08-29 09:15:00,724.7935,726.7471,708.4319,710.9716,285213.94
2024-08-29 13:15:00,711.0205,714.4393,708.1877,713.902,121896.71
2024-08-30 09:15:00,759.4359,784.9668,742.9848,757.0927,11564858.86
2024-08-30 13:15:00,757.3368,758.8013,746.0602,747.8664,1728590.06
2024-09-02 09:15:00,751.634,753.2949,732.0444,735.8549,443156.54
2024-09-02 13:15:00,735.8549,742.059,735.3174,741.0331,248535.31
2024-09-03 09:15:00,743.5739,754.1245,738.2498,740.399,187935.72
2024-09-03 13:15:00,740.1059,744.4043,736.5402,738.3963,219313.27
2024-09-04 09:15:00,731.1391,742.7051,731.1391,736.1169,514536.82
2024-09-04 13:15:00,736.1169,744.4619,730.6023,733.9696,329679.58
2024-09-05 09:15:00,740.7916,755.3446,735.908,741.8171,740744.22
2024-09-05 13:15:00,741.8171,743.624,737.1289,738.3498,152863.0
2024-09-06 09:15:00,737.8737,738.8497,718.8412,719.8661,159501.3
2024-09-06 13:15:00,719.3781,725.6734,715.0836,715.9132,299206.96
2024-09-09 09:15:00,718.7437,718.7437,698.0018,700.3932,220343.46
2024-09-09 13:15:00,700.8813,705.7129,698.7827,705.7129,175390.63
2024-09-10 09:15:00,712.4893,718.2557,703.009,703.5465,349885.34
2024-09-10 13:15:00,703.4488,710.5346,703.2045,709.2641,217391.57
2024-09-11 09:15:00,711.9602,714.4492,701.9553,703.0777,103988.35
2024-09-11 13:15:00,703.0777,703.3217,698.002,698.8805,164908.95
2024-09-12 09:15:00,704.8331,706.249,696.6305,702.5383,164506.97
2024-09-12 13:15:00,701.9524,709.5691,701.3177,704.6377,148633.85
2024-09-13 09:15:00,706.9338,712.4972,705.7138,709.9595,179975.17
2024-09-13 13:15:00,709.9595,714.254,705.177,709.6667,135972.13
2024-09-16 09:15:00,716.9622,734.4002,708.2676,726.4383,695122.89
2024-09-16 13:15:00,726.3894,743.8763,725.8521,740.6036,618206.73
2024-09-17 09:15:00,742.0707,742.0707,727.2097,734.5913,135206.76
2024-09-17 13:15:00,734.2491,738.4043,731.316,733.0759,114103.05
2024-09-18 09:15:00,729.6743,736.0193,718.4486,718.6926,149184.62
2024-09-18 13:15:00,719.2783,721.133,716.6915,718.4974,111052.27
2024-09-19 09:15:00,729.0378,731.8224,696.6969,702.657,223957.24
2024-09-19 13:15:00,701.9242,727.3768,698.7976,719.0229,251789.54
2024-09-20 09:15:00,722.1474,749.2932,721.6104,735.0368,838691.52
2024-09-20 13:15:00,735.0368,735.2321,727.1762,731.375,353226.9
2024-09-23 09:15:00,744.9006,747.634,736.4075,741.435,145515.13
2024-09-23 13:15:00,741.5326,742.0696,737.9695,739.2385,217856.8
2024-09-24 09:15:00,737.9221,742.412,725.8186,733.1392,270762.64
2024-09-24 13:15:00,733.3344,745.438,732.7976,741.436,209276.34
2024-09-25 09:15:00,748.9767,769.6921,736.2251,738.5213,951322.59
2024-09-25 13:15:00,738.7168,741.1108,733.3913,737.2022,219996.43
2024-09-26 09:15:00,737.2363,737.2851,728.5457,731.1822,99418.12
2024-09-26 13:15:00,731.1822,743.7299,729.6198,742.314,265581.62
2024-09-27 09:15:00,748.5612,805.2194,743.6323,783.7468,10656655.58
2024-09-27 13:15:00,783.7468,792.2383,772.7666,780.8188,3023398.59
2024-09-30 09:15:00,783.0434,789.9303,765.8997,777.5731,411555.24
2024-09-30 13:15:00,777.1823,806.8786,774.6426,778.4523,1568709.63
2024-10-01 09:15:00,780.3796,792.5311,765.1048,765.544,1106670.07
2024-10-01 13:15:00,765.544,770.229,755.1982,762.2744,525077.52
2024-10-03 09:15:00,745.7724,758.0774,738.3503,749.044,528277.35
2024-10-03 13:15:00,749.1905,749.1905,737.0808,740.2547,223964.16
2024-10-04 09:15:00,738.8416,760.0783,718.1419,744.7488,502816.68
2024-10-04 13:15:00,745.0417,747.7756,739.818,741.6731,328178.14
2024-10-07 09:15:00,748.5535,751.8797,716.1225,723.2152,445720.94
2024-10-07 13:15:00,723.362,725.6121,711.5733,719.1552,407698.21
2024-10-08 09:15:00,711.1795,716.8405,694.0503,709.5691,865349.05
2024-10-08 13:15:00,709.6179,739.6306,708.2026,739.6306,435321.49
2024-10-09 09:15:00,738.1598,749.2419,735.2306,744.3111,470662.77
2024-10-09 13:15:00,744.7993,755.4421,743.5788,750.853,329421.74
2024-10-10 09:15:00,757.7587,774.9627,748.5213,758.4918,192753.8
2024-10-10 13:15:00,758.2474,769.1465,757.6609,765.7742,311636.56
2024-10-11 09:15:00,764.9096,764.9096,753.4989,756.6821,84683.36
2024-10-11 13:15:00,756.1434,760.0123,754.1845,755.164,99393.5
2024-10-14 09:15:00,757.5868,761.0055,745.3283,751.5797,209598.9
2024-10-14 13:15:00,751.5797,753.0937,746.9888,748.8935,157086.3
2024-10-15 09:15:00,749.586,777.3539,746.1211,773.5473,585116.09
2024-10-15 13:15:00,773.645,797.4111,771.7417,796.8255,1281979.49
2024-10-16 09:15:00,798.38,804.2433,783.2333,784.2593,425321.36
2024-10-16 13:15:00,783.9662,787.5819,781.7675,786.2626,463666.26
2024-10-17 09:15:00,789.1503,797.2647,775.4634,788.1238,453707.28
2024-10-17 13:15:00,788.3193,791.5456,780.0094,781.1337,265112.13
2024-10-18 09:15:00,774.2229,784.6741,756.3482,775.1996,254146.28
2024-10-18 13:15:00,775.688,781.988,774.5159,779.0089,163099.67
2024-10-21 09:15:00,784.7565,794.2391,765.5959,767.3067,115052.89
2024-10-21 13:15:00,766.9156,769.3596,754.7935,754.7935,147730.34
2024-10-22 09:15:00,752.3158,753.4901,732.9404,738.0778,311755.47
2024-10-22 13:15:00,738.4693,739.7414,715.9624,722.1273,315449.68
2024-10-23 09:15:00,714.4492,732.5056,703.8593,720.3053,221511.07
2024-10-23 13:15:00,720.8421,724.6974,714.2052,719.3293,140870.59
2024-10-24 09:15:00,721.135,724.5023,710.4475,712.6924,91073.62
2024-10-24 13:15:00,712.3507,725.1855,708.8371,722.2574,190314.06
2024-10-25 09:15:00,721.1837,725.1854,698.1495,704.2497,257032.77
2024-10-25 13:15:00,704.2985,704.2985,691.7566,692.0006,210981.62
2024-10-28 09:15:00,677.4063,687.1206,663.0548,681.7509,441181.61
2024-10-28 13:15:00,681.0187,685.9002,679.603,684.631,267973.74
2024-10-29 09:15:00,687.887,700.7849,676.2105,685.8351,912239.16
2024-10-29 13:15:00,685.8351,690.7695,680.2655,690.7695,230080.03
2024-10-30 09:15:00,684.6338,704.4662,684.6338,701.9688,78840.9
2024-10-30 13:15:00,701.4302,712.4971,693.84,704.6621,166596.64
2024-10-31 09:15:00,703.1617,710.0956,697.302,707.5564,82856.74
2024-10-31 13:15:00,708.4354,727.0399,704.4312,720.5454,238206.85
2024-11-04 09:15:00,732.6032,732.6032,697.9735,700.0277,326784.18
2024-11-04 13:15:00,700.0277,703.3538,692.6421,695.0877,208248.72
2024-11-05 09:15:00,690.0974,700.6873,686.9741,693.9527,162214.34
2024-11-05 13:15:00,695.3679,700.248,693.9527,694.5383,109491.22
2024-11-06 09:15:00,701.4157,711.7156,699.1214,711.7156,93639.16
2024-11-06 13:15:00,711.2762,714.4492,709.1772,710.9833,123351.64
2024-11-07 09:15:00,712.2509,715.9132,701.2638,703.1195,107482.67
2024-11-07 13:15:00,703.1195,703.1195,694.8182,697.2597,101619.6
2024-11-08 09:15:00,698.3435,698.3435,684.529,692.8275,91790.94
2024-11-08 13:15:00,692.9739,702.5904,689.7033,693.6573,225056.04
2024-11-11 09:15:00,695.2525,710.4963,688.1193,703.2653,112226.75
2024-11-11 13:15:00,703.5096,703.5096,686.7023,687.2886,116690.69
2024-11-12 09:15:00,689.8507,694.0503,682.6724,683.6002,177325.06
2024-11-12 13:15:00,683.5025,684.3327,679.7425,680.0843,181725.85
2024-11-13 09:15:00,674.5202,677.3603,653.8071,661.8867,169181.34
2024-11-13 13:15:00,661.8867,671.827,659.6832,663.9433,181825.57
2024-11-14 09:15:00,660.3156,671.1588,650.5957,670.4262,166205.26
2024-11-14 13:15:00,670.8658,675.4082,668.4236,674.0406,307576.11
2024-11-18 09:15:00,673.2122,690.0486,667.3073,680.142,155909.15
2024-11-18 13:15:00,680.142,683.2652,678.6291,679.5076,129593.19
2024-11-19 09:15:00,688.7684,699.6624,686.6189,693.7024,99578.76
2024-11-19 13:15:00,693.8979,693.8979,676.1156,676.1156,98087.53
2024-11-21 09:15:00,681.2644,681.2644,658.1061,659.5718,129413.97
2024-11-21 13:15:00,659.4252,662.3078,658.5946,659.5718,86488.84
2024-11-22 09:15:00,664.7087,726.2595,657.1129,717.4385,3524916.3
2024-11-22 13:15:00,717.4385,784.7229,717.4385,769.5802,5910349.14
2024-11-25 09:15:00,775.8376,794.6295,749.1873,783.1591,2881339.25
2024-11-25 13:15:00,783.0615,790.7247,768.1744,775.203,1179775.72
2024-11-26 09:15:00,779.8271,808.489,773.2842,792.1317,1212925.36
2024-11-26 13:15:00,792.2782,792.2782,774.5049,784.0263,628859.3
2024-11-27 09:15:00,787.8935,799.168,777.4,780.4748,316229.41
2024-11-27 13:15:00,780.9141,785.5996,778.913,779.9379,247827.52
2024-11-28 09:15:00,773.1072,789.9934,773.1072,777.3532,253981.25
2024-11-28 13:15:00,777.3532,785.0642,773.2536,776.7675,219982.13
2024-11-29 09:15:00,776.3591,829.6199,776.3591,822.6389,4291568.12
2024-11-29 13:15:00,823.0783,827.6672,800.036,804.2832,1654288.05
2024-12-02 09:15:00,820.455,834.5001,803.5126,809.7494,512581.75
2024-12-02 13:15:00,809.0619,811.2226,803.0707,804.8876,399194.97
2024-12-03 09:15:00,803.8529,823.7638,800.5344,802.6817,188813.09
2024-12-03 13:15:00,802.7305,806.4394,798.5336,804.0969,260493.75
2024-12-04 09:15:00,809.7076,815.858,792.8672,793.4041,257754.87
2024-12-04 13:15:00,793.4041,793.6969,786.0822,790.28,345083.31
2024-12-05 09:15:00,801.364,801.364,780.9821,782.011,357574.44
2024-12-05 13:15:00,782.6969,783.7258,773.1919,780.5411,374003.63
2024-12-06 09:15:00,780.2262,792.6286,774.1715,777.2477,214280.77
2024-12-06 13:15:00,777.2477,780.275,772.5602,774.3668,169831.07
2024-12-09 09:15:00,775.6947,792.5311,773.9378,787.1142,198260.6
2024-12-09 13:15:00,787.7974,800.2905,780.3796,788.627,473614.62
2024-12-10 09:15:00,789.4467,804.2433,782.4635,795.9904,343978.16
2024-12-10 13:15:00,795.6486,802.876,793.1092,799.7995,385542.64
2024-12-11 09:15:00,798.3384,808.245,787.6509,800.5345,161814.76
2024-12-11 13:15:00,801.2177,801.4617,795.7519,797.8016,140395.19
2024-12-12 09:15:00,796.7767,802.6329,785.2109,788.2365,94778.46
2024-12-12 13:15:00,787.6509,788.5782,782.0388,782.2828,114729.83
2024-12-13 09:15:00,783.9387,788.6251,769.7332,785.6473,186248.78
2024-12-13 13:15:00,785.6961,794.7271,778.032,780.0822,348300.65
2024-12-16 09:15:00,783.9385,813.906,783.9385,805.5112,692035.57
2024-12-16 13:15:00,805.2672,809.4646,802.3875,803.3637,308641.0
2024-12-17 09:15:00,805.1706,820.7382,804.1458,806.0002,181777.38
2024-12-17 13:15:00,806.0002,806.781,795.3127,801.7057,186396.12
2024-12-18 09:15:00,802.2355,812.93,787.6831,790.662,394364.11
2024-12-18 13:15:00,790.955,791.9805,782.3603,786.2181,184123.89
2024-12-19 09:15:00,763.8848,804.6338,763.6896,802.4866,408545.48
2024-12-19 13:15:00,802.4378,814.0036,791.6527,800.3393,700987.2
2024-12-20 09:15:00,807.1226,807.1226,789.5988,791.5513,208787.7
2024-12-20 13:15:00,791.5025,794.5777,789.8428,790.9168,233756.47
2024-12-23 09:15:00,791.555,795.3127,777.5979,785.6501,240881.5
2024-12-23 13:15:00,785.6501,789.115,782.0876,787.1141,143200.45
2024-12-24 09:15:00,785.6501,818.8837,784.8693,800.3393,780713.8
2024-12-24 13:15:00,800.3393,801.5593,791.5063,794.8735,256442.6
2024-12-26 09:15:00,798.7275,809.221,791.7969,796.9216,218775.74
2024-12-26 13:15:00,797.5561,797.9466,790.6743,791.6505,141853.46
2024-12-27 09:15:00,795.4592,802.6818,787.0165,795.0687,119660.03
2024-12-27 13:15:00,794.8247,799.2657,790.6278,793.5071,108685.91
2024-12-30 09:15:00,794.9151,814.9796,789.8868,793.0112,358459.89
2024-12-30 13:15:00,793.6458,793.9875,786.5183,793.6458,235031.8
2024-12-31 09:15:00,790.8167,797.7011,789.0102,791.4027,69522.94
2024-12-31 13:15:00,791.4515,803.6089,791.2073,801.7047,170245.14
2025-01-01 09:15:00,798.436,854.0205,798.3872,829.4735,3659253.34
2025-01-01 13:15:00,829.2295,833.4264,820.0549,825.7158,664049.63
2025-01-02 09:15:00,829.2783,841.3322,823.1294,833.524,271754.74
2025-01-02 13:15:00,833.8168,834.3536,813.8083,818.0541,363513.81
2025-01-03 09:15:00,823.7094,828.2535,813.253,818.2857,247691.27
2025-01-03 13:15:00,818.1392,820.8754,815.012,817.3085,125234.25
2025-01-06 09:15:00,824.4959,834.0121,783.8933,788.7246,450047.55
2025-01-06 13:15:00,789.115,789.115,773.9867,776.9147,405324.24
2025-01-07 09:15:00,779.3547,808.6842,777.6467,799.3144,269241.49
2025-01-07 13:15:00,800.4368,800.632,794.5806,796.4351,255081.99
2025-01-08 09:15:00,796.8243,799.3632,774.3648,775.5366,181795.11
2025-01-08 13:15:00,776.0737,788.0358,774.3648,780.7121,245371.12
2025-01-09 09:15:00,785.2548,792.4823,772.6555,773.5346,185238.83
2025-01-09 13:15:00,773.5346,773.8764,758.2983,772.0696,404397.5
2025-01-10 09:15:00,763.3781,772.8641,733.1599,733.1599,235092.69
2025-01-10 13:15:00,733.5021,734.3334,716.8772,722.6959,357397.01
2025-01-13 09:15:00,710.252,715.8156,689.266,691.0718,204671.69
2025-01-13 13:15:00,691.2182,693.0239,675.8936,680.8716,266247.97
2025-01-14 09:15:00,685.4036,706.8346,684.6225,703.7591,317513.55
2025-01-14 13:15:00,703.7591,711.5211,698.5844,711.5211,214945.67
2025-01-15 09:15:00,714.2052,748.2684,708.3978,724.4046,739932.01
2025-01-15 13:15:00,725.1854,734.2624,714.3027,727.1375,292083.14
2025-01-16 09:15:00,761.7837,771.8882,734.1553,761.2956,1008306.76
2025-01-16 13:15:00,760.9051,764.4685,747.9207,747.9207,816296.42
2025-01-17 09:15:00,741.3769,767.4724,741.3769,766.0064,389617.7
2025-01-17 13:15:00,765.9575,784.7229,758.4319,778.6144,569483.75
2025-01-20 09:15:00,779.4519,787.0653,769.9838,779.9887,148377.6
2025-01-20 13:15:00,779.9887,780.3792,767.0068,769.0566,229116.55
2025-01-21 09:15:00,775.0912,787.6509,744.3025,746.9904,312413.44
2025-01-21 13:15:00,747.2837,750.6558,742.8364,746.7461,193337.26
2025-01-22 09:15:00,747.1947,747.1947,712.7224,713.7492,153535.05
2025-01-22 13:15:00,713.9448,726.6091,708.9573,723.1863,190772.52
2025-01-23 09:15:00,733.9697,737.337,719.6221,721.7694,189343.8
2025-01-23 13:15:00,721.7694,724.9414,714.4492,714.4492,141698.43
2025-01-24 09:15:00,715.2788,715.2788,698.3448,700.9801,183838.81
2025-01-24 13:15:00,701.3217,707.8123,695.4655,701.6633,327500.31
2025-01-27 09:15:00,696.1975,696.1975,657.8298,666.9324,450218.11
2025-01-27 13:15:00,666.9324,681.0266,663.9961,673.3923,271385.09
2025-01-28 09:15:00,683.8509,683.8509,642.9175,658.4019,500897.81
2025-01-28 13:15:00,658.1576,667.3407,641.3544,641.8429,308821.57
2025-01-29 09:15:00,637.7539,682.2404,635.4588,647.3739,663781.81
2025-01-29 13:15:00,647.9111,653.8687,632.9683,635.8006,1007048.31
2025-01-30 09:15:00,641.9794,651.0076,633.1952,644.7611,358332.58
2025-01-30 13:15:00,644.1755,645.0539,618.1644,623.4838,957788.45
2025-01-31 09:15:00,602.1089,620.6045,580.3435,615.2363,1981167.65
2025-01-31 13:15:00,615.1875,621.6781,606.2081,617.8228,982557.38
2025-02-03 09:15:00,604.253,606.013,570.0316,574.8226,441149.06
2025-02-03 13:15:00,574.8226,578.7825,571.4982,574.0403,363082.52
2025-02-04 09:15:00,581.1613,584.1421,559.7092,578.5714,530949.78
2025-02-04 13:15:00,578.3759,590.1526,577.6429,587.7093,366361.34
2025-02-05 09:15:00,593.3735,616.7493,591.275,610.6003,534265.84
2025-02-05 13:15:00,610.1611,613.2843,607.5746,610.9907,392002.87
2025-02-06 09:15:00,614.7483,624.5574,613.2355,614.846,556298.12
2025-02-06 13:15:00,614.8948,617.3348,605.6225,607.7698,568847.0
2025-02-07 09:15:00,608.1104,611.1859,601.4226,606.5971,113487.65
2025-02-07 13:15:00,607.3782,607.8664,594.3441,598.0054,179235.55
2025-02-10 09:15:00,598.5948,600.8401,585.5628,586.6854,94072.62
2025-02-10 13:15:00,586.6854,587.1735,581.3652,583.8545,158250.19
2025-02-11 09:15:00,581.3684,581.3684,553.619,553.7168,609343.2
2025-02-11 13:15:00,553.7168,564.4648,552.1046,561.7289,299263.19
2025-02-12 09:15:00,560.5295,560.823,535.2354,554.8542,576305.85
2025-02-12 13:15:00,554.316,557.3493,546.2924,556.7623,395335.65
2025-02-13 09:15:00,555.3429,569.4121,555.3429,557.7366,165752.61
2025-02-13 13:15:00,557.3947,559.4953,547.1847,548.406,201970.6
2025-02-14 09:15:00,553.4053,554.3813,522.6118,523.783,289283.0
2025-02-14 13:15:00,523.539,530.5663,518.6589,520.6109,288084.26
2025-02-17 09:15:00,516.3127,524.271,502.8861,514.3598,320266.32
2025-02-17 13:15:00,514.5551,523.6363,512.6509,520.0721,230800.91
2025-02-18 09:15:00,519.2927,524.6126,500.6001,506.6033,243853.65
2025-02-18 13:15:00,506.6033,520.0736,504.8951,512.3135,293342.73
2025-02-19 09:15:00,512.4592,533.8849,511.0438,524.7582,204819.59
2025-02-19 13:15:00,524.7582,531.6886,522.2203,527.8329,186312.5
2025-02-20 09:15:00,523.1161,548.2311,515.7868,541.7325,519371.36
2025-02-20 13:15:00,541.5859,549.2572,540.4621,544.8596,320624.71
2025-02-21 09:15:00,543.5475,555.3574,529.2975,533.8849,192371.39
2025-02-21 13:15:00,533.8849,533.9824,526.7599,527.8823,203454.11
2025-02-24 09:15:00,521.2453,539.5945,512.2659,534.7144,254220.32
2025-02-24 13:15:00,534.7633,535.0073,527.8335,530.2247,175714.01
2025-02-25 09:15:00,531.2495,536.8129,517.7804,520.4645,207970.42
2025-02-25 13:15:00,520.4645,522.9045,517.9269,520.4645,174613.64
2025-02-27 09:15:00,509.5778,511.4363,484.3899,494.2205,1349422.57
2025-02-27 13:15:00,493.3402,503.1708,493.1445,494.9541,528574.66
2025-02-28 09:15:00,488.9871,495.4783,470.4896,473.4668,424523.8
2025-02-28 13:15:00,473.4668,479.2747,469.8063,477.3713,426827.82
2025-03-03 09:15:00,481.6642,484.4004,452.2015,467.9834,460905.43
2025-03-03 13:15:00,468.472,473.9443,462.9019,464.8563,446217.62
2025-03-04 09:15:00,458.487,495.6247,456.779,481.7652,922242.22
2025-03-04 13:15:00,481.7652,488.6949,476.9827,483.9124,573007.77
2025-03-05 09:15:00,487.1821,511.2411,484.1564,504.1161,408128.5
2025-03-05 13:15:00,504.2626,509.4843,500.7488,501.8713,445843.78
2025-03-06 09:15:00,516.2113,520.2205,504.6725,509.0729,276317.19
2025-03-06 13:15:00,508.7307,511.1264,507.5083,507.5083,325542.12
2025-03-07 09:15:00,503.7236,514.6084,495.914,509.4344,368778.78
2025-03-07 13:15:00,509.5809,513.1929,507.482,508.6047,234390.49
2025-03-10 09:15:00,509.2403,520.7573,498.748,500.9929,198215.51
2025-03-10 13:15:00,501.2857,502.1153,487.3285,492.4039,400697.31
2025-03-11 09:15:00,486.4989,501.8225,483.2292,498.26,299067.6
2025-03-11 13:15:00,498.3088,502.6521,497.1864,502.6521,180378.86
2025-03-12 09:15:00,506.5549,508.6049,501.625,508.068,203335.54
2025-03-12 13:15:00,508.9954,513.1931,507.1894,511.7288,269117.55
2025-03-13 09:15:00,514.1686,517.4389,509.5804,512.6067,127000.63
2025-03-13 13:15:00,512.6067,513.6317,512.021,512.6555,204408.34
2025-03-17 09:15:00,514.6077,515.7796,500.1055,502.4493,144768.8
2025-03-17 13:15:00,502.1563,507.8205,501.2286,502.4493,149324.51
2025-03-18 09:15:00,489.0044,498.2956,487.8313,494.5885,233389.91
2025-03-18 13:15:00,494.4008,502.8473,493.2746,501.4395,262746.39
2025-03-19 09:15:00,524.027,551.1116,524.027,549.55,448361.17
2025-03-19 13:15:00,549.55,553.4053,546.8659,553.4053,396827.57
2025-03-20 09:15:00,556.523,559.1639,538.2331,545.3241,185278.77
2025-03-20 13:15:00,544.884,545.373,538.7221,539.6513,222047.02
2025-03-21 09:15:00,540.9122,563.1655,537.3497,561.2135,330921.36
2025-03-21 13:15:00,560.7255,562.1895,556.1869,560.7255,237965.6
2025-03-24 09:15:00,571.2597,574.341,557.0761,567.7872,145139.29
2025-03-24 13:15:00,567.3959,570.2815,564.657,569.2056,194276.24
2025-03-25 09:15:00,573.365,573.365,551.2824,552.6015,184724.33
2025-03-25 13:15:00,552.8458,559.2947,550.2565,554.5069,201213.87
2025-03-26 09:15:00,557.4006,564.1416,547.8753,548.1684,113188.65
2025-03-26 13:15:00,548.1684,549.4385,542.5509,543.1859,166758.26
2025-03-27 09:15:00,543.2408,553.0114,537.3785,549.5917,166791.56
2025-03-27 13:15:00,549.5917,556.3334,538.3556,538.3556,220385.44
2025-03-28 09:15:00,555.643,559.4078,540.7789,541.5123,164591.42
2025-03-28 13:15:00,541.5123,545.5706,539.0186,540.7789,149866.0
2025-04-01 09:15:00,535.1525,539.4482,527.2445,533.5904,131589.19
2025-04-01 13:15:00,533.8345,533.9322,521.1915,523.2906,315799.1
2025-04-02 09:15:00,525.5398,525.5398,512.984,514.5473,243676.18
2025-04-02 13:15:00,514.5473,517.1855,510.59,516.7947,362786.34
2025-04-03 09:15:00,511.9222,516.5605,508.9439,511.1898,143385.74
2025-04-03 13:15:00,511.2874,512.5569,509.7739,512.508,213751.41
2025-04-04 09:15:00,513.6322,513.9739,496.2002,498.6905,164577.43
2025-04-04 13:15:00,498.2999,499.9601,493.4658,498.9346,172784.65
2025-04-07 09:15:00,446.2024,475.7538,446.2024,466.229,284590.99
2025-04-07 13:15:00,466.2778,485.5229,465.1544,484.6925,288780.75
2025-04-08 09:15:00,499.7235,502.4569,485.1779,488.1065,205794.21
2025-04-08 13:15:00,488.0089,488.3018,483.2255,485.422,173924.12
2025-04-09 09:15:00,480.4476,485.2789,474.7378,475.4698,90324.67
2025-04-09 13:15:00,475.5675,478.1539,472.5906,476.2019,184979.15
2025-04-11 09:15:00,493.1136,496.2592,486.97,495.1287,108532.86
2025-04-11 13:15:00,494.8338,494.8338,490.0172,493.1136,138768.37
2025-04-15 09:15:00,498.2085,507.337,497.8668,503.0412,190230.48
2025-04-15 13:15:00,502.8948,506.2142,502.2114,504.3592,144696.56
2025-04-16 09:15:00,503.2866,512.7052,500.8953,510.2163,205879.26
2025-04-16 13:15:00,510.2163,510.8995,506.7514,508.5083,167174.25
2025-04-17 09:15:00,504.6529,509.9235,502.0665,508.801,95172.92
2025-04-17 13:15:00,509.0938,509.6795,503.3841,503.3841,204586.27
2025-04-21 09:15:00,507.6786,515.2428,503.0913,512.9979,174202.78
2025-04-21 13:15:00,512.9979,513.5836,508.6546,512.6563,136735.44
2025-04-22 09:15:00,512.0205,526.9063,508.1649,514.168,658126.08
2025-04-22 13:15:00,513.5335,518.4141,512.1182,516.3642,223916.5
2025-04-23 09:15:00,522.3635,524.271,509.1577,516.0541,123177.17
2025-04-23 13:15:00,515.6139,520.8962,515.5161,516.4454,223939.91
2025-04-24 09:15:00,516.264,518.3152,512.5524,517.0454,134656.03
2025-04-24 13:15:00,517.3873,521.0013,512.8454,513.9687,211894.41
2025-04-25 09:15:00,517.7317,517.7317,492.4288,499.072,242533.78
2025-04-25 13:15:00,499.1208,501.0748,492.8684,494.3827,278140.72
2025-04-28 09:15:00,494.2086,501.2366,487.7662,499.7725,167267.67
2025-04-28 13:15:00,499.4796,503.4329,495.7704,501.7247,143491.86
2025-04-29 09:15:00,502.2129,507.2394,501.4808,505.7754,154835.42
2025-04-29 13:15:00,505.7754,507.4346,494.3071,496.1615,337362.79
2025-04-30 09:15:00,476.2994,476.2994,461.2254,462.9384,2418719.58
2025-04-30 13:15:00,462.8405,463.4767,447.6686,454.0799,1964433.03
2025-05-02 09:15:00,451.5556,452.4357,434.5416,440.0663,597240.94
2025-05-02 13:15:00,440.3596,449.7956,439.284,445.102,558851.32
2025-05-05 09:15:00,444.755,458.6781,442.117,452.6203,726913.68
2025-05-05 13:15:00,452.5226,462.6351,452.3272,459.02,1110231.25
2025-05-06 09:15:00,461.4626,462.6839,450.5196,451.057,149273.22
2025-05-06 13:15:00,451.057,452.6691,440.9445,444.3641,361815.21
2025-05-07 09:15:00,438.1183,453.7042,435.8707,445.5937,310399.6
2025-05-07 13:15:00,445.9845,453.8997,445.3982,451.4567,201467.67
2025-05-08 09:15:00,450.9716,460.1951,450.142,456.047,217771.41
2025-05-08 13:15:00,456.1446,456.6326,439.7962,445.3107,440122.62
2025-05-09 09:15:00,438.0393,442.529,433.6472,440.7234,182890.07
2025-05-09 13:15:00,441.065,444.0907,435.6969,443.1146,202004.37
2025-05-12 09:15:00,467.3648,467.4633,455.7927,465.0997,268163.25
2025-05-12 13:15:00,465.0997,467.808,463.8686,466.7739,245831.12
2025-05-13 09:15:00,461.2669,467.076,457.1175,464.9281,261755.91
2025-05-13 13:15:00,465.1233,465.5139,457.4103,458.6308,240900.25
2025-05-14 09:15:00,461.4512,471.7121,459.8876,466.1419,770356.92
2025-05-14 13:15:00,466.093,469.0736,463.9919,467.852,217099.93
2025-05-15 09:15:00,471.3695,482.0092,469.1732,476.3965,476064.31
2025-05-15 13:15:00,476.3965,479.7641,474.0538,478.2511,378333.73
2025-05-16 09:15:00,478.5931,484.1076,476.4947,483.1316,422759.3
2025-05-16 13:15:00,483.1316,483.6684,478.4955,481.1796,284033.13
2025-05-19 09:15:00,485.2283,491.2326,476.9784,486.3999,531644.29
2025-05-19 13:15:00,486.3999,486.6928,481.0789,483.2757,229509.05
2025-05-20 09:15:00,485.8088,487.7677,476.9937,479.2955,205265.53
2025-05-20 13:15:00,479.2465,480.4218,476.0633,479.1486,158051.44
2025-05-21 09:15:00,480.4448,481.7164,472.3266,476.6302,197799.97
2025-05-21 13:15:00,476.2879,480.2003,475.2609,478.2441,111138.45
2025-05-22 09:15:00,476.0977,481.5212,474.2409,475.7556,84505.72
2025-05-22 13:15:00,475.8045,478.2475,473.9478,477.4169,108873.01
2025-05-23 09:15:00,474.9813,480.2035,473.4683,478.3001,121842.27
2025-05-23 13:15:00,478.3001,479.081,474.9813,475.3717,122672.09
2025-05-26 09:15:00,476.3477,482.1068,473.8586,478.788,160529.07
2025-05-26 13:15:00,478.788,479.6665,476.6893,478.2999,98167.0
2025-05-27 09:15:00,480.2986,484.4493,476.8317,479.4685,193252.44
2025-05-27 13:15:00,479.4685,479.9569,477.6618,478.3943,119508.86
2025-05-28 09:15:00,480.4955,482.1068,477.7125,479.9585,82994.91
2025-05-28 13:15:00,479.5679,479.8608,474.0993,474.6364,154099.61
2025-05-29 09:15:00,477.5194,478.1051,468.5391,471.4675,217330.17
2025-05-29 13:15:00,471.4675,475.5672,470.9306,473.9078,149201.47
2025-05-30 09:15:00,474.2986,478.2515,471.0777,471.3705,240974.74
2025-05-30 13:15:00,471.0777,471.6633,465.8072,467.4665,236551.69
2025-06-02 09:15:00,469.2233,478.8371,467.9545,473.8106,362315.06
2025-06-02 13:15:00,473.8106,478.1051,473.469,476.3971,161336.28
2025-06-03 09:15:00,476.6353,491.135,474.1455,475.4636,826108.57
2025-06-03 13:15:00,475.4636,476.0007,472.6809,475.5125,215013.83
2025-06-04 09:15:00,478.9826,487.5237,476.9328,485.4738,697374.55
2025-06-04 13:15:00,485.3274,487.7677,481.3253,482.2038,314798.04
2025-06-05 09:15:00,486.7429,492.7942,480.3012,480.4963,326074.12
2025-06-05 13:15:00,480.0572,481.3748,476.2507,479.6179,278941.04
2025-06-06 09:15:00,487.7189,495.9175,482.4484,493.5751,2743304.95
2025-06-06 13:15:00,493.3799,495.0879,490.9398,494.8439,624355.89
2025-06-09 09:15:00,499.724,523.9782,497.528,517.7317,2384821.74
2025-06-09 13:15:00,517.5852,521.1965,513.9739,521.1965,826832.57
2025-06-10 09:15:00,524.759,525.1006,516.3652,517.5852,440689.21
2025-06-10 13:15:00,518.122,518.122,512.5099,513.8763,499746.19
2025-06-11 09:15:00,514.6079,516.3164,506.7975,507.8715,344559.95
2025-06-11 13:15:00,507.8227,507.9691,499.8658,504.7473,440166.8
2025-06-12 09:15:00,504.5553,509.9723,501.6761,502.7497,507024.71
2025-06-12 13:15:00,503.0425,503.0425,494.0143,497.528,247353.69
2025-06-13 09:15:00,486.4461,496.796,483.468,491.7675,646748.64
2025-06-13 13:15:00,491.3281,496.503,490.9863,494.7455,183301.61
2025-06-16 09:15:00,491.6705,493.4774,482.1966,485.2732,257109.77
2025-06-16 13:15:00,485.2732,486.6406,484.0523,486.201,240785.41
2025-06-17 09:15:00,487.5232,493.3799,482.8378,483.9115,472859.89
2025-06-17 13:15:00,483.9115,484.3019,480.6415,481.2272,178486.25
2025-06-18 09:15:00,481.6188,485.3277,476.397,477.0315,325134.61
2025-06-18 13:15:00,477.0802,477.8611,474.5426,476.6898,205663.09
2025-06-19 09:15:00,478.9835,480.1059,463.0744,463.6112,443914.53
2025-06-19 13:15:00,463.5135,467.2712,462.9279,464.7824,271679.94
2025-06-20 09:15:00,465.5617,473.3707,463.8047,472.8338,290244.27
2025-06-20 13:15:00,472.6874,480.2035,472.4921,480.2035,264772.06
2025-06-23 09:15:00,478.6419,483.8636,473.7618,478.2515,270280.39
2025-06-23 13:15:00,478.2515,480.7892,477.2755,478.9347,126710.07
2025-06-24 09:15:00,485.2722,491.379,483.4646,488.3012,474411.32
2025-06-24 13:15:00,488.0081,488.35,482.7318,483.8554,154232.32
2025-06-25 09:15:00,488.0118,493.7703,487.0357,490.5494,379675.28
2025-06-25 13:15:00,490.647,490.6958,487.3773,489.7198,172894.4
2025-06-26 09:15:00,493.1326,495.1354,487.515,494.4516,435963.16
2025-06-26 13:15:00,494.8424,496.4055,492.7419,492.8884,239663.1
2025-06-27 09:15:00,495.0879,499.6264,488.7925,490.8422,625693.97
2025-06-27 13:15:00,490.8422,492.2086,486.5477,489.9638,305647.36
2025-06-30 09:15:00,493.8675,496.3566,488.206,494.7948,286298.05
2025-06-30 13:15:00,494.4531,497.772,493.9651,497.3327,252049.16
2025-07-01 09:15:00,497.0374,501.4808,492.9845,494.3029,317624.42
2025-07-01 13:15:00,494.3029,494.7912,489.1758,492.0567,292422.54
2025-07-02 09:15:00,492.9875,493.8679,485.8952,486.9712,170636.91
2025-07-02 13:15:00,487.069,487.7049,482.7648,486.6289,300560.16
2025-07-03 09:15:00,489.3294,489.9638,485.2789,487.9141,135221.13
2025-07-03 13:15:00,487.8165,488.0117,484.2052,485.6205,159233.88
2025-07-04 09:15:00,484.0588,487.3773,482.1556,483.8148,190465.72
2025-07-04 13:15:00,483.4732,487.3285,483.1804,486.0597,142460.72
2025-07-07 09:15:00,486.1085,489.4757,483.4244,483.6196,152014.8
2025-07-07 13:15:00,483.4732,489.2805,483.3268,484.8396,204594.48
2025-07-08 09:15:00,486.0109,489.427,483.1316,484.1564,208627.16
2025-07-08 13:15:00,484.1564,485.5229,482.8876,485.3277,175457.87
2025-07-09 09:15:00,487.7167,489.3294,483.8071,484.0026,220251.29
2025-07-09 13:15:00,484.0026,485.8597,483.0252,484.7845,110814.72
2025-07-10 09:15:00,485.7636,492.3062,483.7618,485.3242,124920.71
2025-07-10 13:15:00,485.3242,490.2067,484.7383,488.1073,223820.1
2025-07-11 09:15:00,486.1085,489.7685,484.498,484.8396,108540.43
2025-07-11 13:15:00,484.8396,484.8396,482.3508,484.1076,165417.14
2025-07-14 09:15:00,485.0836,485.0836,478.5879,478.8809,109601.71
2025-07-14 13:15:00,478.8809,481.0299,478.7344,480.4926,129078.38
2025-07-15 09:15:00,482.0092,489.671,481.814,485.5717,404265.88
2025-07-15 13:15:00,485.6205,486.2549,481.6676,481.6676,389723.2
2025-07-16 09:15:00,485.0349,487.2797,479.6179,480.7403,274889.91
2025-07-16 13:15:00,480.6916,481.9604,479.7155,480.4476,150977.93
2025-07-17 09:15:00,483.0828,490.891,481.2772,489.183,267981.26
2025-07-17 13:15:00,488.939,499.724,488.5485,493.3799,1009750.32
2025-07-18 09:15:00,497.3327,497.6743,486.155,487.0336,190078.03
2025-07-18 13:15:00,487.0336,488.986,486.6431,488.0098,168981.24
2025-07-21 09:15:00,487.912,487.912,483.7117,486.4468,72515.3
2025-07-21 13:15:00,486.691,490.647,484.9816,489.3772,240847.49
2025-07-22 09:15:00,488.6455,491.9158,482.7394,483.0322,212416.88
2025-07-22 13:15:00,483.0322,483.2275,480.8846,482.2513,159791.29
2025-07-23 09:15:00,484.3515,485.0837,479.3728,480.1049,85661.03
2025-07-23 13:15:00,480.1049,482.0574,480.1049,482.0574,139044.49
2025-07-24 09:15:00,482.1553,483.5708,477.323,477.9576,159329.78
2025-07-24 13:15:00,477.9576,479.7636,477.7135,478.6897,94626.16
2025-07-25 09:15:00,475.3234,477.8123,471.5169,473.713,108738.16
2025-07-25 13:15:00,473.713,473.713,470.8825,472.9322,107094.76
2025-07-28 09:15:00,474.0546,474.0546,463.6111,464.0015,126494.91
2025-07-28 13:15:00,463.5135,466.9296,461.7079,464.5872,187115.38
2025-07-29 09:15:00,463.8064,468.3449,458.2918,459.3167,234513.82
2025-07-29 13:15:00,459.1214,459.9023,457.6574,458.731,258214.07
2025-07-30 09:15:00,459.9468,464.9776,459.7026,462.047,229841.29
2025-07-30 13:15:00,462.047,462.0959,458.4816,458.4816,181588.94
2025-07-31 09:15:00,453.9471,460.5855,452.678,457.9497,181948.86
2025-07-31 13:15:00,458.0961,458.0961,455.5091,455.8996,123862.16
2025-08-01 09:15:00,460.7642,465.368,458.1685,460.3724,324341.87
2025-08-01 13:15:00,460.3724,460.6173,458.9032,459.4419,83351.38
2025-08-04 09:15:00,466.2537,466.603,461.8122,463.3093,73118.3
2025-08-04 13:15:00,463.3093,463.459,460.2652,462.1116,177822.2
2025-08-05 09:15:00,457.209,462.1045,453.797,454.4398,232822.92
2025-08-05 13:15:00,453.797,454.3409,450.1872,451.2256,181287.39
2025-08-06 09:15:00,453.7008,453.7008,444.0581,445.8383,324001.07
2025-08-06 13:15:00,445.5911,451.9701,445.0471,449.8932,185616.97
2025-08-07 09:15:00,445.8409,450.7843,441.3424,441.3424,186453.45
2025-08-07 13:15:00,441.6391,449.499,440.0077,447.6699,126908.83
2025-08-08 09:15:00,447.1215,451.8224,445.1422,445.1917,171708.06
2025-08-08 13:15:00,445.1422,445.3402,441.629,443.0145,101197.92
2025-08-11 09:15:00,442.2817,446.7307,439.464,444.0119,262893.5
2025-08-11 13:15:00,444.0119,444.5062,438.6236,441.9356,203577.47
2025-08-12 09:15:00,414.3822,418.2076,404.1977,414.1338,2925646.94
2025-08-12 13:15:00,414.2828,414.5809,408.7683,411.8485,1104189.34
2025-08-13 09:15:00,412.0778,412.0778,393.5068,397.5677,1557958.45
2025-08-13 13:15:00,397.5677,402.619,395.7353,401.7276,722300.09
2025-08-14 09:15:00,402.9242,409.2107,402.9242,404.8052,547049.24
2025-08-14 13:15:00,404.9042,409.1117,404.2607,404.2607,418536.29
2025-08-18 09:15:00,412.3709,413.9068,404.2949,404.7408,105978.4
2025-08-18 13:15:00,404.7408,405.6822,401.3717,402.5113,181142.98
2025-08-19 09:15:00,403.1303,406.9861,402.3888,406.1458,151379.07
2025-08-19 13:15:00,406.4918,411.3363,405.4043,408.568,225053.78
2025-08-20 09:15:00,409.21,415.0932,406.4908,410.5943,262975.45
2025-08-20 13:15:00,410.5943,410.6437,405.6503,406.0458,222027.35
2025-08-21 09:15:00,409.1612,412.7699,406.3929,408.8646,257839.23
2025-08-21 13:15:00,408.8646,410.2982,407.2828,408.1231,83653.77
2025-08-22 09:15:00,409.3519,411.6823,405.782,406.2779,107094.54
2025-08-22 13:15:00,406.2779,406.5753,403.4517,404.1954,220607.7
2025-08-25 09:15:00,401.4496,405.5526,400.1643,403.3775,106499.6
2025-08-25 13:15:00,403.6741,404.9099,403.2786,403.5258,162399.93
2025-08-26 09:15:00,402.8315,404.119,395.2057,395.3543,352403.92
2025-08-26 13:15:00,395.7504,396.7903,393.225,396.6417,337621.51
2025-08-28 09:15:00,397.0006,399.324,390.5742,395.1716,100520.86
2025-08-28 13:15:00,395.2704,396.0119,390.5248,391.464,139709.86
2025-08-29 09:15:00,391.464,395.4681,387.7071,388.844,135179.54
2025-08-29 13:15:00,388.844,390.9203,385.5814,386.5207,325562.51
2025-09-01 09:15:00,388.152,390.9697,386.5701,387.361,176830.42
2025-09-01 13:15:00,387.361,402.1417,387.361,397.4455,404105.37
2025-09-02 09:15:00,409.9027,428.0943,409.9027,413.7091,3620760.96
2025-09-02 13:15:00,413.3136,415.3404,410.4959,413.6597,798825.41
2025-09-03 09:15:00,415.9265,417.2683,409.1178,410.3105,219370.96
2025-09-03 13:15:00,410.1117,411.553,409.5154,410.2111,236888.6
2025-09-04 09:15:00,414.2529,414.2529,401.0031,401.3492,203328.65
2025-09-04 13:15:00,401.3492,401.7447,395.5648,397.5918,322911.37
2025-09-05 09:15:00,399.6682,403.2786,394.5246,399.6187,192756.38
2025-09-05 13:15:00,399.6187,403.2786,398.6296,400.8057,178275.34
2025-09-08 09:15:00,402.4869,404.0696,395.4145,395.6618,257836.38
2025-09-08 13:15:00,395.6618,395.9091,391.7052,393.4856,264282.29
2025-09-09 09:15:00,395.1207,397.3961,387.8,387.8989,311288.25
2025-09-09 13:15:00,387.9978,388.3441,383.9912,385.8214,506084.36
2025-09-10 09:15:00,388.4486,392.4033,385.3343,386.1746,542951.45
2025-09-10 13:15:00,386.2735,390.4754,386.1252,390.0305,193581.21
2025-09-11 09:15:00,389.9287,392.5021,386.217,386.2664,335373.4
2025-09-11 13:15:00,386.2664,387.2068,386.019,386.6129,177352.36
2025-09-12 09:15:00,389.7328,390.5248,385.6742,387.159,298374.61
2025-09-12 13:15:00,387.159,389.5349,387.06,388.8914,115859.47
2025-09-15 09:15:00,389.9307,392.255,386.3207,387.2603,189905.55
2025-09-15 13:15:00,387.1614,387.7054,386.4691,387.2108,167983.38
2025-09-16 09:15:00,388.8437,390.327,386.1736,386.3714,137073.67
2025-09-16 13:15:00,386.7175,387.1625,384.2946,387.0636,488970.41
2025-09-17 09:15:00,387.6562,393.1942,386.1234,386.4695,580707.83
2025-09-17 13:15:00,386.4695,386.8157,385.4312,386.6179,264666.78
2025-09-18 09:15:00,387.6082,388.8935,385.5814,385.6308,191768.68
2025-09-18 13:15:00,385.5814,387.5588,385.5814,387.4599,216816.46
2025-09-19 09:15:00,389.4867,389.4867,384.8835,385.4775,183799.45
2025-09-19 13:15:00,385.131,385.7745,384.3886,385.0815,260226.32
2025-09-22 09:15:00,384.0469,386.4218,379.0001,380.2371,472760.28
2025-09-22 13:15:00,380.2865,380.5339,377.3674,377.9611,396706.0
2025-09-23 09:15:00,380.0447,380.1437,377.223,377.322,190949.97
2025-09-23 13:15:00,377.2725,377.5695,375.7379,377.3715,276379.87
2025-09-24 09:15:00,378.0675,378.0675,367.8348,368.1808,780231.77
2025-09-24 13:15:00,368.2303,368.6752,364.325,364.325,503973.86
2025-09-25 09:15:00,367.2904,367.8348,355.4615,356.0554,549704.83
2025-09-25 13:15:00,356.3523,357.8866,353.7787,355.3625,524260.01
2025-09-26 09:15:00,354.3881,354.6855,345.1691,345.4169,397227.68
2025-09-26 13:15:00,345.7143,346.9534,343.0378,346.8543,377328.47
2025-09-29 09:15:00,347.0233,347.0233,338.0758,339.1139,355082.96
2025-09-29 13:15:00,339.1139,341.4373,336.1479,338.0264,385558.23
2025-09-30 09:15:00,338.912,343.0686,330.7473,331.0441,623583.5
2025-09-30 13:15:00,331.1431,331.1926,325.9474,326.0958,1093998.55
2025-10-01 09:15:00,326.2612,331.1057,325.3714,328.9306,714923.84
2025-10-01 13:15:00,328.9306,333.083,328.2386,333.083,527025.01
2025-10-03 09:15:00,334.3084,350.7271,332.9731,349.3918,1517500.1
2025-10-03 13:15:00,349.5896,359.7771,348.8973,354.7823,2848085.73
2025-10-06 09:15:00,357.1078,357.1078,344.4035,344.8005,449776.49
2025-10-06 13:15:00,344.8005,346.2397,343.5103,345.0983,341404.59
2025-10-07 09:15:00,344.1519,350.1359,341.2341,347.7126,451937.2
2025-10-07 13:15:00,347.6631,354.3889,347.4159,353.1031,376031.64
2025-10-08 09:15:00,352.0142,365.6103,349.6905,353.9918,514851.27
2025-10-08 13:15:00,354.1896,354.1896,347.0702,348.9489,646264.57
2025-10-09 09:15:00,349.9893,349.9893,345.0459,346.6278,172559.04
2025-10-09 13:15:00,346.6278,348.358,345.392,347.0233,238348.41
2025-10-10 09:15:00,348.0105,350.533,345.8342,347.1697,157531.89
2025-10-10 13:15:00,347.1697,347.5654,344.9934,346.4772,303249.52
2025-10-13 09:15:00,344.0079,345.738,339.2128,340.5475,149082.05
2025-10-13 13:15:00,340.7452,340.7947,337.8287,337.9275,320122.89
2025-10-14 09:15:00,339.4101,339.9543,331.8413,332.9791,226893.4
2025-10-14 13:15:00,332.9791,337.0851,332.9791,334.7105,215713.78
2025-10-15 09:15:00,335.011,337.6804,334.4672,335.357,135865.3
2025-10-15 13:15:00,335.6042,339.1139,334.4672,335.3076,326604.3
2025-10-16 09:15:00,338.7621,341.8328,336.1867,337.5735,212781.5
2025-10-16 13:15:00,337.5735,338.7126,335.9887,337.6725,200776.85
2025-10-17 09:15:00,337.0872,338.8173,333.6762,333.9728,191399.5
2025-10-17 13:15:00,334.0717,335.703,333.2808,335.1592,159955.24
2025-10-20 09:15:00,337.479,338.6684,334.2083,337.479,131128.39
2025-10-20 13:15:00,337.479,338.9162,337.2808,338.0241,182400.28
2025-10-21 13:15:00,339.3098,343.6124,339.3098,342.7716,278645.01
2025-10-23 09:15:00,341.4337,345.0459,339.9492,340.2956,171911.07
2025-10-23 13:15:00,340.2956,340.543,338.4647,339.3554,218084.37
2025-10-24 09:15:00,340.3992,340.3992,336.6411,337.729,93274.99
2025-10-24 13:15:00,337.9762,338.4213,336.3445,338.4213,121281.24
2025-10-27 09:15:00,338.6682,340.4981,333.0798,333.3271,284979.96
2025-10-27 13:15:00,333.3271,334.5635,333.0304,334.2173,214711.11
2025-10-28 09:15:00,332.8853,337.4826,328.5352,331.0563,451450.76
2025-10-28 13:15:00,330.8585,332.0944,330.0676,331.3035,153907.72
2025-10-29 09:15:00,331.7968,334.5655,330.3136,333.8733,224832.78
2025-10-29 13:15:00,333.8733,338.1253,333.5767,337.8781,349101.75
2025-10-30 09:15:00,338.3208,341.3384,336.8367,340.6459,209779.43
2025-10-30 13:15:00,340.6459,341.3384,338.865,338.865,205088.65
2025-10-31 09:15:00,340.6464,340.6464,334.7638,335.2581,151890.87
2025-10-31 13:15:00,335.4064,336.7905,332.737,333.3797,156878.38
2025-11-03 09:15:00,333.6762,337.4332,333.3797,335.5547,88453.14
2025-11-03 13:15:00,335.5547,337.2849,335.5547,336.0985,91354.01
2025-11-04 09:15:00,338.5653,342.3271,334.259,334.7045,193822.56
2025-11-04 13:15:00,334.754,336.6844,333.962,334.8035,160330.2
2025-11-06 09:15:00,330.698,341.289,327.3326,332.0342,442045.2
2025-11-06 13:15:00,332.1332,332.8261,329.3122,331.0939,196020.01
2025-11-07 09:15:00,330.7094,330.7094,325.1638,329.0754,155210.13
2025-11-07 13:15:00,329.0754,331.2046,328.0356,329.1249,148073.88
2025-11-10 09:15:00,329.9687,333.874,325.4703,325.6186,227266.85
2025-11-10 13:15:00,325.6186,327.7442,324.9265,327.2993,279151.69
2025-11-11 09:15:00,328.6835,328.6835,321.8122,321.9111,558249.78
2025-11-11 13:15:00,322.0594,322.6526,321.4167,321.565,268850.99
2025-11-12 09:15:00,322.6526,331.6495,320.3786,328.7329,346513.87
2025-11-12 13:15:00,328.7329,332.0944,328.7329,331.2046,237686.9
2025-11-13 09:15:00,331.0051,336.9388,327.6426,328.3843,334377.37
2025-11-13 13:15:00,328.3843,328.6315,326.5548,327.2965,147718.75
2025-11-14 09:15:00,327.3982,329.0295,323.7895,326.7061,145149.49
2025-11-14 13:15:00,326.3601,328.3869,325.4703,328.2386,125111.47
2025-11-17 09:15:00,327.8884,333.4291,326.7506,329.7683,168652.08
2025-11-17 13:15:00,329.7188,331.104,329.0262,329.0262,120185.52
2025-11-18 09:15:00,329.868,341.6348,328.8792,339.5583,1109647.82
2025-11-18 13:15:00,339.9044,343.0686,338.6684,340.4482,768206.05
2025-11-19 09:15:00,340.152,340.152,333.3292,337.1856,154202.91
2025-11-19 13:15:00,337.4822,338.1744,336.8395,337.68,147103.49
2025-11-20 09:15:00,337.4826,344.0573,334.1706,341.6845,513822.42
2025-11-20 13:15:00,341.7834,342.2777,336.5434,337.0377,236888.86
2025-11-21 09:15:00,336.8894,336.8894,332.6269,333.4695,153366.04
2025-11-21 13:15:00,333.4199,333.9651,330.793,330.8426,199752.13
2025-11-24 09:15:00,329.7214,330.3148,325.3699,325.6666,137277.67
2025-11-24 13:15:00,325.7161,326.5567,324.381,325.8644,227480.94
2025-11-25 09:15:00,326.7556,326.7556,320.7569,321.0543,163521.59
2025-11-25 13:15:00,320.8064,321.798,319.1209,321.2031,366107.42
2025-11-26 09:15:00,320.7734,325.6186,319.1912,321.96,127060.48
2025-11-26 13:15:00,321.96,322.3555,320.9217,321.3667,152754.73
2025-11-27 09:15:00,321.8107,323.7895,319.8318,320.1782,137035.05
2025-11-27 13:15:00,320.1782,320.5739,319.0403,319.5845,135083.42
2025-11-28 09:15:00,321.2684,321.2684,314.3296,314.3296,256777.38
2025-11-28 13:15:00,314.28,314.6766,312.5949,314.1809,338082.72
2025-12-01 09:15:00,312.8591,322.1088,312.4139,313.0074,193196.52
2025-12-01 13:15:00,313.1064,315.1344,312.315,313.601,193500.79
2025-12-02 09:15:00,314.1994,314.3972,311.5794,312.1727,79477.45
2025-12-02 13:15:00,312.3704,315.3858,311.5794,313.6062,151273.89
2025-12-03 09:15:00,314.644,314.8915,309.4453,310.1879,172498.19
2025-12-03 13:15:00,310.1879,311.0296,309.6928,310.8316,141814.25
2025-12-04 09:15:00,310.8874,314.5949,307.0316,310.7391,194967.92
2025-12-04 13:15:00,310.7391,313.4579,309.6021,310.1459,182341.87
2025-12-05 09:15:00,311.1341,311.3323,307.1218,307.8153,142915.93
2025-12-05 13:15:00,307.7657,308.0629,307.1218,307.4685,168750.8
2025-12-08 09:15:00,307.2292,307.7731,299.0714,300.9996,226456.72
2025-12-08 13:15:00,300.9996,300.9996,296.7971,297.6376,276889.1
2025-12-09 09:15:00,297.0954,302.978,290.4219,302.3848,615649.1
2025-12-09 13:15:00,302.632,309.2561,297.6392,307.4765,308287.8
2025-12-10 09:15:00,309.3042,310.4919,299.0105,299.1095,244858.08
2025-12-10 13:15:00,299.06,300.3962,297.8723,299.4064,268448.33
2025-12-11 09:15:00,298.6773,304.115,298.0841,301.6928,122539.32
2025-12-11 13:15:00,302.0388,302.4343,300.5558,301.5445,146031.48
2025-12-12 09:15:00,301.7903,304.461,300.9001,301.4441,102391.73
2025-12-12 13:15:00,301.5925,301.5925,299.7131,300.6528,199500.14
2025-12-15 09:15:00,299.5446,324.2758,298.1102,323.2371,2364576.53
2025-12-15 13:15:00,323.4844,338.0264,322.6436,326.7489,18115270.02
2025-12-16 09:15:00,326.3524,353.7462,324.2756,342.225,8678503.67
2025-12-16 13:15:00,342.225,346.0819,338.2197,339.1593,4143528.94
2025-12-17 09:15:00,336.8894,345.0459,327.8431,329.0295,1271948.76
2025-12-17 13:15:00,328.7823,332.5887,326.9038,328.288,1063117.78
2025-12-18 09:15:00,327.2499,337.7792,323.048,334.6649,1963021.42
2025-12-18 13:15:00,334.6649,338.0264,331.5011,335.9996,692859.89
2025-12-19 09:15:00,337.0366,340.8935,332.4379,336.7893,425136.74
2025-12-19 13:15:00,336.7893,340.5474,335.8498,338.2233,474912.41
2025-12-22 09:15:00,343.2859,346.0346,342.3364,343.036,262751.53
2025-12-22 13:15:00,343.3359,345.7347,343.036,345.3849,360003.99
2025-12-23 09:15:00,341.9281,343.3652,335.7833,336.1798,201494.11
2025-12-23 13:15:00,336.1798,336.824,332.3145,333.4047,283148.16
2025-12-24 09:15:00,333.4271,336.0985,331.5472,331.6462,128417.49
2025-12-24 13:15:00,331.8935,332.5861,329.9642,330.8052,174483.89
2025-12-26 09:15:00,330.5615,333.6763,328.7322,329.6221,152791.69
2025-12-26 13:15:00,329.6221,330.3143,328.3861,329.0782,126273.13
2025-12-29 09:15:00,329.5228,330.3148,320.8107,321.3553,201166.89
2025-12-29 13:15:00,321.4047,322.9393,319.2762,320.6622,258405.05
2025-12-30 09:15:00,319.6837,322.4054,314.8834,315.9722,221338.56
2025-12-30 13:15:00,316.1206,319.4857,314.3886,315.6257,300624.61
2025-12-31 09:15:00,316.2756,320.873,315.633,319.4394,137695.03
2025-12-31 13:15:00,319.4394,320.3292,318.3519,318.9451,174293.68
2026-01-01 09:15:00,319.1876,321.7133,317.058,317.7513,99224.97
2026-01-01 13:15:00,317.7018,317.8504,316.3646,316.9589,101490.5
2026-01-02 09:15:00,317.3632,325.3714,317.2643,318.9945,399815.76
2026-01-02 13:15:00,319.0439,322.4548,318.8462,321.9605,236538.9
2026-01-05 09:15:00,322.4037,324.2839,316.9115,318.5938,130641.89
2026-01-05 13:15:00,318.5938,320.573,316.7136,317.7527,174903.3
2026-01-06 09:15:00,318.6965,323.1963,314.9879,319.8833,627177.93
2026-01-06 13:15:00,319.7349,322.8502,317.2625,320.4272,453573.58
2026-01-07 09:15:00,320.724,321.2684,317.9523,318.3978,166871.25
2026-01-07 13:15:00,318.4473,319.7836,317.7543,318.5958,212433.94
2026-01-08 09:15:00,319.7854,319.7854,312.0244,312.0244,189293.63
2026-01-08 13:15:00,312.1232,313.7545,310.3931,311.4312,216859.95
2026-01-09 09:15:00,312.1229,312.2715,305.5337,305.9795,257383.84
2026-01-09 13:15:00,305.7814,310.3889,305.2859,306.2768,305940.33
2026-01-12 09:15:00,304.0161,306.4878,297.7381,301.2973,364451.11
2026-01-12 13:15:00,301.2973,302.3848,300.6052,302.0388,264674.68
2026-01-13 09:15:00,304.4611,308.4652,301.5939,304.2633,237392.57
2026-01-13 13:15:00,304.0161,305.6969,302.5331,304.4116,155779.93
2026-01-14 09:15:00,304.5599,308.4651,304.5599,306.735,121857.6
2026-01-14 13:15:00,306.9821,306.9821,302.5331,302.5331,119718.37
2026-01-16 09:15:00,304.115,311.8266,302.5331,307.8225,224319.45
2026-01-16 13:15:00,307.8225,309.355,304.5105,305.9935,175933.25
2026-01-19 09:15:00,301.2782,305.3508,297.3527,297.4999,160162.07
2026-01-19 13:15:00,297.549,298.3341,295.0956,295.4391,245848.06
2026-01-20 09:15:00,297.2428,297.6886,289.2682,290.3579,343726.77
2026-01-20 13:15:00,290.556,290.6551,287.2869,288.228,289566.06
2026-01-21 09:15:00,286.4178,289.3344,280.0409,287.8514,368325.0
2026-01-21 13:15:00,287.9502,289.5815,283.5012,289.5815,264335.83
2026-01-22 09:15:00,288.8871,293.5362,287.8485,288.0958,78092.74
2026-01-22 13:15:00,288.0958,291.8052,286.711,290.816,126933.68
2026-01-23 09:15:00,290.8668,290.8668,281.5144,282.0092,174654.51
2026-01-23 13:15:00,281.9597,282.8009,279.1886,280.2278,326294.49
2026-01-27 09:15:00,281.3257,281.5239,272.5096,274.4412,259917.49
2026-01-27 13:15:00,274.7879,277.3634,270.4788,276.3728,381546.8
2026-01-28 09:15:00,275.0975,280.9307,275.0975,279.7937,187458.85
2026-01-28 13:15:00,279.5465,286.0223,278.2613,283.9955,180414.04
2026-01-29 09:15:00,287.2087,287.2087,277.305,277.8002,332500.34
2026-01-29 13:15:00,277.8002,278.2954,275.4728,276.2651,294584.4
2026-01-30 09:15:00,275.8885,291.1634,274.0594,284.8359,501318.76
2026-01-30 13:15:00,284.7371,289.8782,275.839,288.4446,284198.87
2026-02-03 09:15:00,296.7988,296.7988,283.0012,289.2548,796406.92
2026-02-03 13:15:00,289.2548,291.5875,286.7732,290.6445,305969.46
2026-02-04 09:15:00,288.9335,295.4147,285.4208,286.7566,326838.39
2026-02-04 13:15:00,286.9545,289.1314,285.4702,286.6081,374978.96
2026-02-05 09:15:00,286.9122,287.9008,279.7937,283.3529,85982.14
2026-02-05 13:15:00,283.3529,283.8967,282.4631,283.6495,91710.04
2026-02-06 09:15:00,284.7865,284.7865,278.0542,280.2818,119540.0
2026-02-06 13:15:00,280.3808,284.143,279.6878,283.6479,132713.14
2026-02-09 09:15:00,284.3837,299.2705,283.2956,294.9182,617252.67
2026-02-09 13:15:00,294.7699,295.759,291.2089,291.8518,326566.8
2026-02-10 09:15:00,297.8104,336.0445,297.4642,334.066,20052275.2
2026-02-10 13:15:00,334.0165,344.0573,329.4166,333.0768,23830633.42
2026-02-11 09:15:00,335.0094,337.0872,325.1649,329.9635,2408998.54
2026-02-11 13:15:00,329.8151,331.9917,325.3133,325.7586,1359546.93
2026-02-12 09:15:00,324.9553,325.302,319.11,321.2401,232301.4
2026-02-12 13:15:00,321.2401,334.9615,320.9924,324.9553,1282364.88
2026-02-13 09:15:00,309.2486,315.2375,305.0414,310.0405,872486.48
2026-02-13 13:15:00,309.9415,310.0405,301.9727,305.3384,648906.04
2026-02-16 09:15:00,300.5558,303.9172,293.9317,300.012,279920.41
2026-02-16 13:15:00,299.7154,300.8524,298.0841,299.1222,300762.54
2026-02-17 09:15:00,300.5387,337.6795,300.5387,329.8656,14074001.06
2026-02-17 13:15:00,329.8656,339.7566,321.7055,322.2989,15112419.64
2026-02-18 09:15:00,324.3812,334.9615,321.9091,325.9633,1289697.69
2026-02-18 13:15:00,325.8149,326.606,321.6125,321.8597,1049918.05
2026-02-19 09:15:00,321.8616,322.9986,315.8802,317.116,377661.79
2026-02-19 13:15:00,316.8688,317.8081,312.5187,313.0625,398576.75
2026-02-20 09:15:00,313.4056,317.0666,310.091,310.5363,243505.01
2026-02-20 13:15:00,310.5363,311.3773,307.5185,308.7058,319013.26
2026-02-23 09:15:00,310.29,314.1006,306.034,306.9248,309457.61
2026-02-23 13:15:00,306.7269,306.9248,304.5494,305.8361,269109.47
2026-02-24 09:15:00,303.6692,305.4991,299.9104,301.048,201234.29
2026-02-24 13:15:00,301.048,303.5703,299.1191,303.5703,231458.2
2026-02-25 09:15:00,303.0275,306.3889,296.6011,297.1449,319717.29
2026-02-25 13:15:00,296.8977,299.5671,296.6011,298.183,309505.59
2026-02-26 09:15:00,300.5457,305.9876,297.3794,301.3867,787962.4
2026-02-26 13:15:00,301.3372,313.3591,300.3973,307.5708,2047001.31
2026-02-27 09:15:00,309.3519,329.5238,306.5832,318.3502,6065393.32
2026-02-27 13:15:00,318.2018,322.0582,311.6756,311.7251,2383021.41
2026-03-02 09:15:00,297.8188,306.4878,297.8188,299.9984,518334.81
2026-03-02 13:15:00,299.9489,302.822,298.4132,302.6239,430426.45
2026-03-04 09:15:00,297.9987,324.2344,291.1675,308.691,7727934.66
2026-03-04 13:15:00,308.9385,319.1358,305.0279,312.4531,2497757.6
2026-03-05 09:15:00,316.5692,317.9564,309.3362,310.9711,515402.75
2026-03-05 13:15:00,311.0206,311.1197,300.7655,304.2334,1246822.01
2026-03-06 09:15:00,304.706,309.2561,301.3924,302.5794,298860.22
2026-03-06 13:15:00,302.6288,303.0739,300.7494,301.0956,330807.01
2026-03-09 09:15:00,299.9333,318.7968,294.2892,308.4986,8338773.34
2026-03-09 13:15:00,308.4986,313.8952,304.1417,307.4589,2926459.23
2026-03-10 09:15:00,311.281,314.2983,305.3947,308.3626,724670.24
2026-03-10 13:15:00,308.3626,312.4186,307.9174,309.6486,550662.09
2026-03-11 09:15:00,310.7348,315.287,308.0134,308.2608,321892.28
2026-03-11 13:15:00,308.6072,312.9119,306.7764,309.7452,612559.85
2026-03-12 09:15:00,309.8987,316.3745,303.324,309.6516,426456.62
2026-03-12 13:15:00,309.6516,312.1726,309.4538,311.0851,687423.29
2026-03-13 09:15:00,311.1829,314.7926,302.4798,302.9743,830350.65
2026-03-13 13:15:00,303.0732,303.5183,297.4855,299.0678,634297.34
2026-03-16 09:15:00,301.149,301.149,289.6578,292.1839,683996.71
2026-03-16 13:15:00,292.1839,296.0473,290.2026,292.4811,542262.49
2026-03-17 09:15:00,295.1116,315.9296,295.1116,308.0178,12751963.24
2026-03-17 13:15:00,308.0178,308.5617,297.6335,301.2927,2279278.11
2026-03-18 09:15:00,302.286,305.4991,301.4456,305.1531,309756.43
2026-03-18 13:15:00,305.3508,305.9935,302.1377,303.5218,320167.38
2026-03-19 09:15:00,299.4359,311.3796,298.4942,305.3829,561083.05
2026-03-19 13:15:00,305.3829,312.2221,303.0537,312.2221,998693.23
2026-03-20 09:15:00,312.2685,316.1768,310.2896,312.3674,482945.03
2026-03-20 13:15:00,312.1695,313.6042,311.6748,311.6748,670049.12
2026-03-23 09:15:00,311.8178,318.9451,303.7501,304.0471,891715.36
2026-03-23 13:15:00,304.2946,311.5703,304.2946,306.9673,1224826.54
2026-03-24 09:15:00,313.6557,313.6557,306.4878,311.7277,538607.25
2026-03-24 13:15:00,311.4312,312.3704,307.4765,309.4538,519649.46
2026-03-25 09:15:00,311.5719,328.2385,311.5719,323.6392,1376109.94
2026-03-25 13:15:00,323.4413,324.2821,321.4631,321.8587,883298.77
2026-03-27 09:15:00,322.9469,328.0408,316.9627,317.5562,587553.06
2026-03-27 13:15:00,317.754,324.8756,310.1378,310.9785,2222481.2
2026-03-30 09:15:00,308.654,323.1963,306.626,321.3662,1215236.75
2026-03-30 13:15:00,321.3662,321.9103,313.6003,313.6003,1013919.74
2026-04-01 09:15:00,323.1469,327.151,319.9337,323.6907,425130.59
2026-04-01 13:15:00,323.7401,323.8884,319.8843,322.3065,449317.62
2026-04-02 09:15:00,317.2504,322.5445,314.1828,321.6044,273670.29
2026-04-02 13:15:00,321.6044,332.8853,321.6044,332.8853,2012630.85
2026-04-06 09:15:00,332.0944,340.3004,326.7556,336.7411,1211103.33
2026-04-06 13:15:00,336.5434,342.426,334.7638,341.0913,1131125.21
2026-04-07 09:15:00,341.1302,347.8637,336.2286,338.2586,362467.55
2026-04-07 13:15:00,338.0605,339.3973,336.2781,337.2188,409698.55
2026-04-08 09:15:00,345.046,345.046,334.1164,338.2706,614738.45
2026-04-08 13:15:00,338.2706,340.0016,337.6772,338.3696,462384.09
2026-04-09 09:15:00,339.2083,345.4909,335.1518,335.7949,623135.86
2026-04-09 13:15:00,335.4981,336.0423,331.6396,333.7667,437446.5
2026-04-10 09:15:00,334.1706,338.5207,334.1706,336.8894,223139.08
2026-04-10 13:15:00,336.8894,338.5207,332.8359,334.9615,379827.3
2026-04-13 09:15:00,330.1665,345.8863,324.9265,341.8822,859457.32
2026-04-13 13:15:00,342.0305,344.4033,337.4332,338.1253,756393.65
2026-04-15 09:15:00,342.8709,347.5671,339.2622,344.3539,1327944.14
2026-04-15 13:15:00,344.5516,349.841,343.8595,348.012,1168250.87
2026-04-16 09:15:00,351.4225,352.9553,342.423,343.5603,518944.69
2026-04-16 13:15:00,343.5109,346.1316,343.3625,345.3899,503675.93
2026-04-17 09:15:00,347.6645,351.1757,346.6259,347.5655,305114.39
2026-04-17 13:15:00,347.5655,348.5546,346.2797,347.7634,299565.84
2026-04-20 09:15:00,351.7586,351.7586,342.7186,346.7142,0.0
2026-04-20 13:15:00,350.51,357.6021,350.51,355.7042,2268342.37
2026-04-21 09:15:00,353.1022,363.8307,352.5089,361.9025,799292.33
2026-04-21 13:15:00,362.1003,362.298,358.9361,360.1227,574188.22
2026-04-22 09:15:00,362.9903,385.3837,362.9903,375.2004,3049824.32
2026-04-22 13:15:00,375.0027,380.6381,374.36,378.7596,1775694.93
2026-04-23 09:15:00,383.1901,422.8049,383.1901,407.2755,13012316.13
2026-04-23 13:15:00,407.2755,410.1934,401.9836,406.0391,4599566.95
2026-04-24 09:15:00,409.7521,411.8801,385.2561,385.8994,1169011.72
2026-04-24 13:15:00,385.7509,398.865,384.1674,398.865,1413369.98
2026-04-27 09:15:00,398.4341,405.8492,391.5629,397.9892,543875.94
2026-04-27 13:15:00,398.2364,401.153,396.1602,398.4341,536415.41
2026-04-28 09:15:00,398.533,398.8296,389.0912,391.9089,409162.67
2026-04-28 13:15:00,391.6617,392.4527,389.1407,389.5361,376491.52
2026-04-29 09:15:00,397.0429,404.3168,394.3709,399.6655,495881.12
2026-04-29 13:15:00,399.6655,399.8139,394.2225,396.4986,517046.42
2026-04-30 09:15:00,398.1328,418.2076,393.2377,409.3074,3876133.02
2026-04-30 13:15:00,409.4063,411.1863,401.8412,405.4507,901311.83
2026-05-04 09:15:00,407.331,418.0593,407.331,409.358,852906.36
2026-05-04 13:15:00,409.5063,410.3467,406.1938,407.5781,427456.93
2026-05-05 09:15:00,407.4757,413.1653,404.1114,407.7231,600121.81
2026-05-05 13:15:00,408.02,412.0274,404.7051,410.7411,578599.81
2026-05-06 09:15:00,417.7132,417.7132,402.5866,404.0201,326991.7
2026-05-06 13:15:00,404.1684,404.6133,393.9357,399.6206,707099.17
2026-05-07 09:15:00,399.5677,404.1684,397.5394,401.2992,267048.69
2026-05-07 13:15:00,400.9034,402.2886,398.0836,398.7267,278136.26
2026-05-08 09:15:00,401.0047,402.0922,394.4795,396.8523,331851.77
2026-05-08 13:15:00,396.6051,399.67,395.9625,398.4341,285735.28
2026-05-11 09:15:00,397.8401,405.0088,389.8308,399.7682,460960.92
2026-05-11 13:15:00,399.6693,401.3997,392.0556,395.3681,485980.36
2026-05-12 09:15:00,396.6532,399.4228,389.0366,390.1247,268344.85
2026-05-12 13:15:00,390.372,391.7074,384.6843,387.454,558249.4
2026-05-13 09:15:00,388.3789,397.4455,387.2889,388.7752,526609.07
2026-05-13 13:15:00,388.6266,388.7256,374.6055,377.2314,1198275.79
2026-05-14 09:15:00,376.7805,378.9573,359.2674,369.2608,585995.35
2026-05-14 13:15:00,369.2608,370.5965,367.084,367.3808,351160.6
2026-05-15 09:15:00,370.7509,374.1129,364.3237,372.2836,255746.1
2026-05-15 13:15:00,372.0364,373.2724,364.8676,366.3508,314532.45
2026-05-18 09:15:00,363.1877,363.1877,352.8449,356.309,313873.09
2026-05-18 13:15:00,356.309,363.4846,355.3687,360.9608,572685.66
2026-05-19 09:15:00,359.9749,383.4064,359.9749,380.292,774177.15
2026-05-19 13:15:00,380.2426,384.4445,379.4517,381.1324,693518.32
2026-05-20 09:15:00,378.7582,389.5856,378.7582,383.5045,228562.86
2026-05-20 13:15:00,383.4056,384.8888,379.9942,380.8842,266433.16
2026-05-21 09:15:00,384.394,392.0572,381.6749,384.1468,271852.11
2026-05-21 13:15:00,384.048,386.866,383.1086,384.6412,602901.54
2026-05-22 09:15:00,385.5814,386.5207,379.6494,386.0758,191586.6
2026-05-22 13:15:00,386.0758,386.669,384.5928,385.7792,221473.21
2026-05-25 09:15:00,388.052,390.8213,379.8429,389.9311,447808.58
2026-05-25 13:15:00,389.9311,391.0685,387.7552,389.3377,464833.08
2026-05-26 09:15:00,390.7201,395.6659,386.9118,392.1049,289620.12
2026-05-26 13:15:00,392.1049,392.3522,387.0601,389.5825,205830.23
2026-05-27 09:15:00,391.0191,391.0191,379.6988,380.0449,158987.27
2026-05-27 13:15:00,380.2426,380.3909,376.6834,379.6494,285095.03
2026-05-29 09:15:00,355.1654,370.6031,351.6524,352.0977,1272248.52
2026-05-29 13:15:00,352.0977,354.1758,346.9518,348.6341,753600.68
2026-06-01 09:15:00,352.807,354.8338,331.6,336.5434,795196.27
2026-06-01 13:15:00,336.5434,336.84,332.3415,332.9842,383144.89
2026-06-02 09:15:00,331.2965,347.6165,328.8732,342.4732,831473.45
2026-06-02 13:15:00,342.4732,347.023,342.2754,345.935,278071.11
2026-06-03 09:15:00,346.7761,346.7761,337.5486,338.7393,157131.62
2026-06-03 13:15:00,338.8385,342.9065,338.3424,341.4182,229628.64
2026-06-04 09:15:00,340.6958,345.9852,340.6958,341.4373,200752.45
2026-06-04 13:15:00,341.5856,346.5784,340.943,345.738,283032.65
2026-06-05 09:15:00,347.5074,358.0964,347.5074,348.695,411576.41
2026-06-05 13:15:00,348.4476,352.505,346.7157,349.7836,471542.46
2026-06-08 09:15:00,344.7354,361.7545,342.2617,359.2808,997938.76
2026-06-08 13:15:00,359.2808,360.1218,351.9586,351.9586,370572.85
2026-06-09 09:15:00,355.2776,357.7998,351.5686,353.0522,141816.6
2026-06-09 13:15:00,353.1017,353.8435,351.1729,352.0631,142316.05
2026-06-10 09:15:00,352.9528,355.9213,343.0579,344.1958,184201.05
2026-06-10 13:15:00,344.3937,344.5421,337.5167,339.2978,231698.01
2026-06-11 09:15:00,344.5487,346.5784,328.7074,328.9549,833546.7
2026-06-11 13:15:00,328.7569,329.5985,323.46,325.5391,605474.8
2026-06-12 09:15:00,332.1932,332.1932,320.723,321.2174,329272.09
2026-06-12 13:15:00,321.3657,329.6717,321.0196,329.474,548256.9
2026-06-15 09:15:00,341.8714,346.9244,333.202,335.8771,539279.85
2026-06-15 13:15:00,335.679,336.7193,330.626,332.2608,503386.2
2026-06-16 09:15:00,335.0568,339.1139,331.5934,338.2233,422572.9
2026-06-16 13:15:00,338.0254,338.9655,336.9369,337.8275,269982.15
2026-06-17 09:15:00,339.2615,340.1026,332.78,335.8971,238397.25
2026-06-17 13:15:00,335.8971,337.2824,335.6497,336.6887,208571.06
2026-06-18 09:15:00,337.9765,339.9542,335.3068,338.6193,279645.18
2026-06-18 13:15:00,338.4215,340.8441,337.8777,339.0148,245330.32
2026-06-19 09:15:00,338.7667,338.7667,335.2947,335.5427,157262.69
2026-06-19 13:15:00,335.4435,339.1139,334.7987,337.7747,184578.32
2026-06-22 09:15:00,338.1253,342.772,336.1479,340.2015,350113.65
2026-06-22 13:15:00,340.5969,340.6958,335.2087,338.6196,608431.29
2026-06-23 09:15:00,339.8554,344.5516,335.6536,339.5588,304446.26
2026-06-23 13:15:00,339.5588,340.3498,338.5207,339.3611,249550.31
2026-06-24 09:15:00,339.0645,347.0233,334.2694,345.2437,529805.53
2026-06-24 13:15:00,345.392,345.9357,342.0799,344.0573,280826.68
2026-06-25 09:15:00,345.6392,347.0233,340.1026,343.4641,254219.21
2026-06-25 13:15:00,343.2664,347.5671,343.2169,344.4033,322195.35
2026-06-29 09:15:00,345.0445,346.7761,336.7325,342.3728,571869.1
2026-06-29 13:15:00,342.3728,345.5392,340.5916,344.1044,646845.1
2026-06-30 09:15:00,344.6949,351.8678,342.5677,350.2353,335752.63
2026-06-30 13:15:00,350.3837,350.8289,346.1789,346.1789,234149.11
2026-07-01 09:15:00,349.4279,362.3477,349.4279,356.7046,683139.03
2026-07-01 13:15:00,356.7541,360.8132,354.8235,357.2986,490467.36
2026-07-02 09:15:00,358.8873,358.8873,349.0006,351.7689,244522.36
2026-07-02 13:15:00,351.9666,356.91,351.324,356.91,269468.99
2026-07-03 09:15:00,358.1926,359.5794,351.4567,351.8529,149856.11
2026-07-03 13:15:00,352.051,352.051,348.9802,349.9708,190977.6
2026-07-06 09:15:00,351.4229,363.6824,348.1602,360.8647,573609.82
2026-07-06 13:15:00,360.8647,362.842,360.4197,361.6556,370732.28
2026-07-07 09:15:00,363.3364,363.3364,351.5056,358.0398,300330.1
2026-07-07 13:15:00,357.8913,358.3863,356.9012,357.3963,198641.98
2026-07-08 09:15:00,353.844,355.9213,350.6785,354.3386,100617.66
2026-07-08 13:15:00,354.5364,355.7235,348.2549,351.371,456574.88
2026-07-09 09:15:00,351.6192,356.7617,349.6413,353.696,199179.04
2026-07-09 13:15:00,353.696,353.9432,349.1468,350.0369,153983.38
2026-07-10 09:15:00,351.9172,356.8111,351.9172,352.7576,101469.62
2026-07-10 13:15:00,352.6093,353.4496,350.978,351.9666,78743.13
2026-07-13 09:15:00,351.6694,356.7617,347.6152,355.9707,158808.48
2026-07-13 13:15:00,356.0201,356.4156,350.5322,353.3503,177593.73
2026-07-14 09:15:00,353.3013,353.3013,347.0154,347.3618,128006.7
2026-07-14 13:15:00,347.3618,349.5397,345.58,348.1538,191571.63
2026-07-15 09:15:00,348.8029,354.7349,348.0614,349.6433,247550.65
2026-07-15 13:15:00,349.6433,352.3621,348.012,348.012,130142.46
2026-07-16 09:15:00,350.5317,355.3281,347.1199,351.224,159324.25
2026-07-16 13:15:00,351.3723,353.0535,350.9767,352.114,126526.69
2026-07-17 09:15:00,351.9172,351.9172,342.3271,344.5516,185473.35
2026-07-17 13:15:00,344.5022,345.046,342.1788,342.8214,155622.14
2026-07-20 09:15:00,343.0686,343.0686,333.6491,335.4338,188003.81
2026-07-20 13:15:00,335.6322,336.3758,334.5911,334.9381,173825.69
2026-07-21 09:15:00,333.4272,335.9502,330.1622,331.3495,183491.32
2026-07-21 13:15:00,331.2505,332.6852,331.1021,332.6357,131735.62
2026-07-22 09:15:00,332.4898,332.4898,324.9141,325.4588,135757.22
2026-07-22 13:15:00,325.7063,325.8549,322.3393,323.3791,239323.87
2026-07-23 09:15:00,323.1467,324.7288,318.3015,320.5263,167760.4
2026-07-23 13:15:00,320.378,322.4545,317.5104,319.3892,214076.17
2026-07-24 09:15:00,316.1711,321.119,311.817,319.4862,170046.72
2026-07-24 13:15:00,319.7336,322.3065,318.8925,320.0305,117366.84
2026-07-27 09:15:00,317.0632,318.3519,313.445,316.6171,178888.64
2026-07-27 13:15:00,316.5675,316.7162,311.6111,313.4946,250149.52
2026-07-28 09:15:00,312.4198,312.4198,297.8633,299.6953,706197.51
2026-07-28 13:15:00,299.6458,301.3291,298.507,299.6458,554852.95
2026-07-29 09:15:00,299.8046,308.4157,299.4087,306.5352,226175.31
2026-07-29 13:15:00,306.5352,307.8219,305.7433,306.7331,148272.21
2026-07-30 09:15:00,305.8445,307.9708,303.4215,305.7456,115238.01
2026-07-30 13:15:00,305.8445,307.0807,304.6577,305.3006,108745.52
2026-07-31 09:15:00,305.4991,311.4312,303.4724,309.4538,206987.09
2026-07-31 13:15:00,309.3549,309.6516,307.8719,308.0202,135634.7
2026-08-03 09:15:00,311.8726,314.3478,310.338,311.3775,120784.18
2026-08-03 13:15:00,311.1795,312.5656,311.031,311.7241,113439.26
2026-08-04 09:15:00,317.5074,326.5084,314.7379,317.0128,1653104.46
2026-08-04 13:15:00,317.0128,318.1998,313.6498,315.2819,470589.21
2026-08-05 09:15:00,316.8688,317.8575,312.5681,313.8534,169812.93
2026-08-05 13:15:00,313.8534,315.2375,312.9636,313.5074,181255.57
2026-08-06 09:15:00,316.35,328.15,314.55,321.05,432100.0
2026-08-06 13:15:00,321.1,323.9,318.5,319.65,195558.0
