Datetime,Open,High,Low,Close,Volume
2021-01-01 09:15:00,1138.8,1146.0,1133.5,1144.7,17136
2021-01-01 10:15:00,1144.7,1217.95,1142.5,1194.05,169624
2021-01-01 11:15:00,1194.65,1234.05,1192.0,1229.0,136338
2021-01-01 12:15:00,1229.0,1233.95,1210.0,1210.5,64569
2021-01-01 13:15:00,1211.0,1223.95,1210.0,1213.95,27774
2021-01-01 14:15:00,1213.25,1222.0,1195.55,1206.95,39419
2021-01-01 15:15:00,1206.45,1214.0,1205.1,1208.95,21621
2021-01-04 09:15:00,1223.0,1252.0,1215.0,1234.55,61682
2021-01-04 10:15:00,1234.9,1240.0,1218.65,1231.35,20921
2021-01-04 11:15:00,1231.1,1235.5,1226.0,1230.0,11367
2021-01-04 12:15:00,1230.0,1239.75,1228.0,1232.05,10679
2021-01-04 13:15:00,1232.0,1235.0,1228.0,1230.0,8632
2021-01-04 14:15:00,1230.0,1238.65,1224.0,1235.8,19172
2021-01-04 15:15:00,1235.7,1236.8,1230.05,1235.25,13800
2021-01-05 09:15:00,1229.6,1242.7,1220.6,1222.7,29272
2021-01-05 10:15:00,1222.35,1286.85,1221.0,1282.6,90160
2021-01-05 11:15:00,1281.5,1464.45,1270.25,1422.15,466177
2021-01-05 12:15:00,1422.1,1423.9,1382.15,1382.65,110556
2021-01-05 13:15:00,1383.0,1392.65,1356.55,1368.15,72114
2021-01-05 14:15:00,1368.1,1368.95,1301.65,1317.0,118303
2021-01-05 15:15:00,1317.0,1332.0,1308.1,1316.5,31618
2021-01-06 09:15:00,1324.05,1378.25,1295.0,1332.0,129658
2021-01-06 10:15:00,1333.0,1349.0,1329.05,1344.5,21215
2021-01-06 11:15:00,1344.5,1384.8,1342.2,1370.05,50192
2021-01-06 12:15:00,1370.05,1373.0,1353.2,1358.15,26079
2021-01-06 13:15:00,1359.0,1362.9,1327.0,1330.4,34245
2021-01-06 14:15:00,1330.1,1381.25,1313.6,1363.4,60523
2021-01-06 15:15:00,1362.3,1365.0,1362.0,1364.0,17767
2021-01-07 09:15:00,1376.0,1386.6,1349.8,1363.0,39908
2021-01-07 10:15:00,1361.95,1405.0,1357.0,1358.05,66966
2021-01-07 11:15:00,1357.85,1364.0,1355.45,1358.25,15944
2021-01-07 12:15:00,1360.4,1360.75,1347.75,1356.6,16403
2021-01-07 13:15:00,1356.65,1360.0,1344.0,1346.05,20001
2021-01-07 14:15:00,1345.9,1346.0,1315.0,1318.05,49163
2021-01-07 15:15:00,1319.45,1322.8,1317.0,1319.0,21323
2021-01-08 09:15:00,1334.7,1349.0,1313.35,1330.0,38212
2021-01-08 10:15:00,1329.1,1353.35,1322.0,1324.05,32293
2021-01-08 11:15:00,1324.95,1325.9,1302.45,1308.2,23531
2021-01-08 12:15:00,1308.35,1311.05,1304.7,1309.2,17078
2021-01-08 13:15:00,1309.15,1310.5,1300.5,1306.4,31991
2021-01-08 14:15:00,1305.65,1325.9,1300.5,1324.9,47995
2021-01-08 15:15:00,1323.5,1328.3,1313.0,1321.4,25046
2021-01-11 09:15:00,1342.9,1374.9,1325.0,1341.05,92423
2021-01-11 10:15:00,1343.15,1347.0,1331.9,1339.4,29774
2021-01-11 11:15:00,1339.7,1342.55,1323.0,1339.25,17266
2021-01-11 12:15:00,1340.0,1343.15,1336.0,1338.15,16465
2021-01-11 13:15:00,1339.9,1350.8,1321.0,1331.85,27914
2021-01-11 14:15:00,1332.05,1371.0,1331.0,1365.05,52024
2021-01-11 15:15:00,1365.0,1368.95,1355.2,1365.0,15832
2021-01-12 09:15:00,1364.0,1385.0,1342.2,1356.0,55810
2021-01-12 10:15:00,1356.05,1360.0,1342.7,1348.05,26062
2021-01-12 11:15:00,1348.0,1354.9,1345.1,1347.3,7095
2021-01-12 12:15:00,1347.2,1350.0,1335.2,1344.3,13207
2021-01-12 13:15:00,1344.9,1350.0,1339.0,1340.0,9636
2021-01-12 14:15:00,1343.5,1350.0,1340.0,1342.0,28298
2021-01-12 15:15:00,1342.0,1350.0,1337.1,1345.1,14027
2021-01-13 09:15:00,1355.05,1362.0,1345.1,1359.05,29664
2021-01-13 10:15:00,1362.0,1362.0,1346.45,1346.45,11073
2021-01-13 11:15:00,1346.45,1365.0,1315.0,1332.9,43674
2021-01-13 12:15:00,1334.0,1337.85,1322.15,1330.5,19698
2021-01-13 13:15:00,1332.0,1338.35,1309.05,1322.55,43651
2021-01-13 14:15:00,1318.0,1356.75,1318.0,1352.0,25036
2021-01-13 15:15:00,1352.0,1359.2,1352.0,1353.0,16892
2021-01-14 09:15:00,1353.5,1355.0,1332.05,1339.6,25158
2021-01-14 10:15:00,1339.5,1346.85,1335.55,1345.0,8309
2021-01-14 11:15:00,1344.6,1344.6,1338.0,1339.0,5863
2021-01-14 12:15:00,1339.0,1344.0,1339.0,1342.0,2543
2021-01-14 13:15:00,1341.9,1350.0,1336.95,1342.85,11766
2021-01-14 14:15:00,1344.6,1345.0,1325.0,1336.35,16478
2021-01-14 15:15:00,1337.0,1339.15,1330.0,1335.55,6462
2021-01-15 09:15:00,1335.0,1351.75,1320.0,1343.0,40602
2021-01-15 10:15:00,1342.2,1345.9,1339.0,1340.0,21906
2021-01-15 11:15:00,1340.8,1341.0,1331.9,1337.7,17679
2021-01-15 12:15:00,1337.85,1339.5,1330.5,1335.9,7170
2021-01-15 13:15:00,1336.95,1338.45,1279.7,1299.95,28785
2021-01-15 14:15:00,1299.95,1306.0,1282.5,1294.8,28990
2021-01-15 15:15:00,1294.5,1325.0,1294.45,1302.0,17481
2021-01-18 09:15:00,1269.0,1283.95,1155.0,1178.5,263304
2021-01-18 10:15:00,1177.05,1187.9,1156.0,1183.15,131062
2021-01-18 11:15:00,1183.1,1190.0,1179.05,1185.55,63010
2021-01-18 12:15:00,1185.55,1199.7,1179.65,1192.7,58375
2021-01-18 13:15:00,1192.7,1194.8,1179.9,1184.4,37510
2021-01-18 14:15:00,1183.35,1184.85,1157.15,1157.15,69777
2021-01-18 15:15:00,1157.95,1162.15,1144.05,1145.0,52256
2021-01-19 09:15:00,1175.0,1209.95,1157.95,1160.0,68641
2021-01-19 10:15:00,1160.0,1162.5,1144.55,1147.0,39603
2021-01-19 11:15:00,1147.0,1148.75,1131.1,1134.0,39323
2021-01-19 12:15:00,1134.0,1135.0,1120.0,1123.4,28787
2021-01-19 13:15:00,1124.3,1125.75,1112.0,1115.5,37996
2021-01-19 14:15:00,1115.55,1117.05,1086.05,1097.8,103911
2021-01-19 15:15:00,1097.8,1098.95,1076.85,1088.75,64572
2021-01-20 09:15:00,1086.0,1142.05,1085.75,1100.05,181580
2021-01-20 10:15:00,1100.75,1132.15,1080.85,1123.8,117248
2021-01-20 11:15:00,1122.5,1179.0,1122.0,1168.4,190078
2021-01-20 12:15:00,1167.3,1168.95,1148.6,1161.15,51167
2021-01-20 13:15:00,1162.1,1164.85,1132.85,1145.0,54609
2021-01-20 14:15:00,1145.0,1158.95,1137.8,1150.0,34970
2021-01-20 15:15:00,1150.0,1158.95,1148.0,1152.75,26151
2021-01-21 09:15:00,1180.0,1188.75,1160.8,1174.95,70683
2021-01-21 10:15:00,1174.9,1194.55,1172.8,1183.05,42400
2021-01-21 11:15:00,1183.05,1187.0,1177.15,1181.0,14741
2021-01-21 12:15:00,1181.7,1183.0,1176.0,1178.35,8995
2021-01-21 13:15:00,1177.9,1182.0,1176.05,1177.7,10215
2021-01-21 14:15:00,1177.25,1182.0,1151.0,1162.8,31466
2021-01-21 15:15:00,1164.3,1182.0,1163.0,1169.95,18020
2021-01-22 09:15:00,1175.7,1188.1,1150.0,1169.0,42363
2021-01-22 10:15:00,1169.0,1175.0,1143.95,1155.0,13820
2021-01-22 11:15:00,1154.2,1155.1,1133.95,1139.25,27115
2021-01-22 12:15:00,1139.3,1140.0,1105.55,1117.45,35775
2021-01-22 13:15:00,1118.55,1125.0,1101.1,1109.15,38342
2021-01-22 14:15:00,1109.9,1116.85,1106.0,1113.45,26643
2021-01-22 15:15:00,1114.0,1124.8,1110.5,1114.7,15872
2021-01-25 09:15:00,1124.85,1149.6,1103.0,1132.8,53648
2021-01-25 10:15:00,1132.8,1134.0,1121.25,1127.0,17345
2021-01-25 11:15:00,1127.0,1129.5,1119.05,1126.8,18668
2021-01-25 12:15:00,1127.6,1128.0,1119.1,1124.05,12185
2021-01-25 13:15:00,1125.0,1127.0,1106.0,1110.95,17411
2021-01-25 14:15:00,1112.05,1123.75,1106.45,1118.65,19061
2021-01-25 15:15:00,1119.9,1125.25,1113.75,1119.45,15461
2021-01-27 09:15:00,1122.4,1133.4,1110.3,1125.4,25692
2021-01-27 10:15:00,1127.3,1144.95,1125.8,1135.2,28912
2021-01-27 11:15:00,1135.2,1136.0,1123.75,1123.75,12058
2021-01-27 12:15:00,1125.45,1129.7,1120.45,1124.2,6558
2021-01-27 13:15:00,1122.75,1130.0,1116.95,1118.05,9353
2021-01-27 14:15:00,1118.05,1127.95,1111.8,1124.6,14226
2021-01-27 15:15:00,1123.5,1131.0,1120.0,1123.5,9799
2021-01-28 09:15:00,1118.9,1130.0,1106.0,1120.95,33071
2021-01-28 10:15:00,1121.65,1124.9,1114.6,1120.1,13350
2021-01-28 11:15:00,1121.1,1122.85,1118.6,1121.15,4754
2021-01-28 12:15:00,1122.4,1122.75,1111.1,1113.7,9695
2021-01-28 13:15:00,1114.95,1120.0,1111.0,1112.9,6805
2021-01-28 14:15:00,1113.0,1120.0,1100.0,1113.3,23368
2021-01-28 15:15:00,1113.3,1114.8,1103.65,1112.4,8390
2021-01-29 09:15:00,1122.0,1129.8,1117.0,1120.1,17143
2021-01-29 10:15:00,1119.1,1127.0,1111.0,1124.05,8691
2021-01-29 11:15:00,1125.15,1128.3,1121.5,1123.95,12706
2021-01-29 12:15:00,1124.55,1174.0,1124.1,1156.0,66493
2021-01-29 13:15:00,1155.5,1158.95,1125.0,1135.05,31330
2021-01-29 14:15:00,1135.05,1139.9,1115.65,1118.25,23107
2021-01-29 15:15:00,1118.25,1128.75,1117.0,1120.6,11188
2021-02-01 09:15:00,1132.95,1133.05,1094.0,1106.3,35515
2021-02-01 10:15:00,1105.1,1115.25,1105.0,1110.0,9691
2021-02-01 11:15:00,1109.9,1121.95,1109.0,1117.35,10763
2021-02-01 12:15:00,1116.0,1165.0,1116.0,1146.0,42117
2021-02-01 13:15:00,1148.3,1153.8,1122.0,1135.25,27198
2021-02-01 14:15:00,1139.3,1163.65,1137.0,1154.65,16897
2021-02-01 15:15:00,1155.8,1168.0,1152.0,1158.4,19294
2021-02-02 09:15:00,1260.0,1280.0,1174.05,1180.3,252333
2021-02-02 10:15:00,1181.6,1203.2,1179.25,1202.85,39907
2021-02-02 11:15:00,1203.0,1204.95,1194.0,1202.65,15404
2021-02-02 12:15:00,1203.05,1206.6,1196.95,1198.05,13634
2021-02-02 13:15:00,1198.05,1202.05,1186.3,1198.55,25102
2021-02-02 14:15:00,1198.05,1202.95,1183.0,1191.0,52430
2021-02-02 15:15:00,1192.4,1195.9,1188.8,1194.85,24861
2021-02-03 09:15:00,1207.25,1235.0,1197.0,1225.6,112431
2021-02-03 10:15:00,1225.6,1228.0,1210.25,1219.9,29390
2021-02-03 11:15:00,1219.95,1225.0,1211.65,1219.8,27871
2021-02-03 12:15:00,1219.8,1225.5,1215.0,1219.5,24508
2021-02-03 13:15:00,1219.4,1219.8,1205.0,1209.8,24755
2021-02-03 14:15:00,1209.75,1219.4,1208.0,1218.95,22077
2021-02-03 15:15:00,1217.65,1218.95,1206.0,1213.85,13509
2021-02-04 09:15:00,1206.55,1216.0,1191.2,1195.7,33864
2021-02-04 10:15:00,1195.95,1204.35,1191.0,1199.0,12206
2021-02-04 11:15:00,1197.75,1200.0,1188.0,1188.35,13356
2021-02-04 12:15:00,1190.25,1195.0,1188.0,1189.7,9486
2021-02-04 13:15:00,1189.35,1193.45,1183.05,1192.15,9814
2021-02-04 14:15:00,1190.9,1190.9,1176.0,1180.0,19103
2021-02-04 15:15:00,1180.0,1185.0,1177.2,1182.0,9766
2021-02-05 09:15:00,1182.0,1197.55,1182.0,1187.0,33667
2021-02-05 10:15:00,1187.0,1189.95,1186.0,1186.05,12299
2021-02-05 11:15:00,1186.1,1190.3,1186.0,1186.45,8576
2021-02-05 12:15:00,1188.4,1189.25,1185.0,1185.0,10213
2021-02-05 13:15:00,1185.0,1190.05,1184.0,1185.75,11563
2021-02-05 14:15:00,1186.75,1195.2,1184.0,1186.0,17412
2021-02-05 15:15:00,1186.0,1187.95,1183.0,1185.0,9839
2021-02-08 09:15:00,1150.0,1169.75,1141.0,1147.5,123442
2021-02-08 10:15:00,1148.0,1158.95,1143.0,1153.9,19689
2021-02-08 11:15:00,1153.9,1162.75,1145.0,1147.0,20943
2021-02-08 12:15:00,1148.65,1151.2,1114.0,1131.7,61022
2021-02-08 13:15:00,1132.0,1143.0,1130.9,1142.0,22256
2021-02-08 14:15:00,1141.9,1144.35,1130.15,1134.9,21296
2021-02-08 15:15:00,1134.05,1141.95,1134.0,1136.35,11014
2021-02-09 09:15:00,1140.0,1160.0,1139.95,1151.85,24250
2021-02-09 10:15:00,1152.65,1153.55,1129.9,1132.0,17752
2021-02-09 11:15:00,1131.0,1133.85,1126.0,1129.75,12176
2021-02-09 12:15:00,1129.75,1130.5,1128.0,1129.0,4813
2021-02-09 13:15:00,1129.3,1130.5,1098.8,1110.75,38039
2021-02-09 14:15:00,1110.8,1117.75,1070.0,1093.5,91481
2021-02-09 15:15:00,1092.65,1099.95,1090.0,1092.45,18364
2021-02-10 09:15:00,1094.0,1108.0,1065.0,1083.35,50444
2021-02-10 10:15:00,1083.05,1093.0,1070.5,1086.3,23775
2021-02-10 11:15:00,1087.65,1102.75,1082.55,1097.0,30089
2021-02-10 12:15:00,1096.85,1128.9,1093.4,1118.7,58809
2021-02-10 13:15:00,1119.85,1121.9,1107.1,1118.05,16564
2021-02-10 14:15:00,1118.0,1125.0,1109.0,1118.5,18869
2021-02-10 15:15:00,1116.6,1116.7,1098.05,1108.2,20753
2021-02-11 09:15:00,1109.0,1144.0,1101.25,1138.2,71798
2021-02-11 10:15:00,1138.05,1164.0,1136.75,1154.0,59347
2021-02-11 11:15:00,1152.25,1160.0,1151.0,1154.95,16960
2021-02-11 12:15:00,1154.0,1194.0,1147.35,1185.0,94477
2021-02-11 13:15:00,1185.0,1188.0,1172.35,1174.95,33114
2021-02-11 14:15:00,1173.9,1177.25,1162.2,1169.1,41218
2021-02-11 15:15:00,1169.1,1170.0,1159.25,1166.65,24825
2021-02-12 09:15:00,1170.0,1218.0,1169.95,1208.05,132615
2021-02-12 10:15:00,1208.0,1234.8,1203.0,1233.0,98187
2021-02-12 11:15:00,1233.0,1270.0,1232.1,1244.0,202943
2021-02-12 12:15:00,1244.0,1245.95,1221.1,1222.55,59153
2021-02-12 13:15:00,1220.0,1230.0,1211.0,1214.15,51495
2021-02-12 14:15:00,1215.0,1216.0,1180.85,1191.85,81549
2021-02-12 15:15:00,1192.1,1204.0,1188.0,1192.7,30873
2021-02-15 09:15:00,1207.75,1247.0,1207.75,1226.0,87037
2021-02-15 10:15:00,1227.9,1230.0,1214.4,1214.4,30780
2021-02-15 11:15:00,1214.4,1224.0,1211.85,1219.25,26261
2021-02-15 12:15:00,1221.0,1224.25,1212.05,1218.85,15370
2021-02-15 13:15:00,1219.0,1219.8,1213.55,1218.5,15185
2021-02-15 14:15:00,1218.5,1227.0,1215.6,1222.1,33534
2021-02-15 15:15:00,1222.1,1224.9,1220.0,1222.5,17050
2021-02-16 09:15:00,1226.05,1234.75,1207.45,1220.0,38766
2021-02-16 10:15:00,1220.0,1240.0,1215.3,1239.2,36244
2021-02-16 11:15:00,1240.0,1241.1,1225.05,1234.85,49163
2021-02-16 12:15:00,1235.2,1240.0,1230.1,1237.9,35162
2021-02-16 13:15:00,1237.0,1250.0,1236.0,1239.5,28006
2021-02-16 14:15:00,1241.0,1245.0,1237.0,1238.45,25187
2021-02-16 15:15:00,1239.65,1241.25,1237.1,1237.1,15072
2021-02-17 09:15:00,1230.0,1249.4,1222.7,1234.05,46510
2021-02-17 10:15:00,1233.05,1236.7,1219.35,1220.95,23848
2021-02-17 11:15:00,1221.35,1225.0,1206.7,1210.6,22062
2021-02-17 12:15:00,1212.35,1215.0,1206.0,1210.0,14253
2021-02-17 13:15:00,1209.05,1215.0,1200.0,1208.8,12846
2021-02-17 14:15:00,1208.5,1238.4,1200.55,1221.35,26191
2021-02-17 15:15:00,1219.6,1235.0,1213.85,1232.0,16222
2021-02-18 09:15:00,1229.45,1244.05,1216.45,1229.7,38569
2021-02-18 10:15:00,1230.0,1230.0,1211.0,1213.2,28784
2021-02-18 11:15:00,1214.05,1221.3,1208.05,1219.0,10853
2021-02-18 12:15:00,1219.0,1219.0,1207.0,1215.85,13782
2021-02-18 13:15:00,1216.3,1225.0,1215.0,1223.55,17331
2021-02-18 14:15:00,1223.6,1225.0,1213.0,1218.05,17620
2021-02-18 15:15:00,1219.0,1222.5,1213.0,1218.75,8545
2021-02-19 09:15:00,1214.0,1217.2,1185.35,1187.9,31149
2021-02-19 10:15:00,1188.0,1194.15,1181.05,1184.2,21842
2021-02-19 11:15:00,1185.0,1185.45,1177.95,1182.55,11404
2021-02-19 12:15:00,1183.35,1184.6,1170.0,1174.65,14240
2021-02-19 13:15:00,1175.0,1176.25,1161.05,1163.25,13934
2021-02-19 14:15:00,1164.05,1177.0,1162.7,1170.05,19168
2021-02-19 15:15:00,1167.75,1182.0,1167.05,1172.5,13532
2021-02-22 09:15:00,1175.0,1199.0,1161.05,1181.05,46618
2021-02-22 10:15:00,1180.95,1188.75,1173.6,1179.9,17179
2021-02-22 11:15:00,1179.9,1187.0,1171.0,1187.0,19620
2021-02-22 12:15:00,1187.0,1187.95,1175.0,1182.4,11635
2021-02-22 13:15:00,1182.4,1182.4,1141.75,1147.0,21525
2021-02-22 14:15:00,1147.0,1150.0,1126.25,1130.0,37557
2021-02-22 15:15:00,1129.95,1131.75,1125.0,1131.75,14168
2021-02-23 09:15:00,1138.95,1163.85,1125.0,1155.25,55160
2021-02-23 10:15:00,1156.35,1187.0,1156.0,1177.0,39551
2021-02-23 11:15:00,1177.0,1186.0,1161.4,1174.55,22925
2021-02-23 12:15:00,1174.1,1185.0,1162.0,1185.0,33027
2021-02-23 13:15:00,1185.0,1193.0,1181.05,1186.95,42907
2021-02-23 14:15:00,1186.0,1191.65,1179.95,1183.05,20945
2021-02-23 15:15:00,1183.0,1205.5,1182.3,1193.0,21188
2021-02-24 09:15:00,1191.35,1202.8,1172.0,1190.0,35371
2021-02-24 10:15:00,1189.9,1192.65,1181.45,1187.0,11568
2021-02-24 11:15:00,1187.0,1192.55,1184.2,1186.5,10340
2021-02-24 15:15:00,1147.35,1201.65,1147.35,1198.85,19398
2021-02-24 16:15:00,1198.95,1218.0,1185.0,1202.8,49197
2021-02-25 09:15:00,1209.0,1217.7,1190.0,1194.2,29299
2021-02-25 10:15:00,1194.15,1198.0,1190.0,1192.0,10319
2021-02-25 11:15:00,1192.0,1193.9,1186.25,1189.0,8834
2021-02-25 12:15:00,1190.85,1193.7,1187.0,1188.5,4275
2021-02-25 13:15:00,1188.95,1192.5,1185.25,1189.25,3871
2021-02-25 14:15:00,1189.45,1204.0,1188.5,1196.55,18144
2021-02-25 15:15:00,1195.8,1195.9,1190.0,1195.0,18364
2021-02-26 09:15:00,1160.0,1198.75,1160.0,1189.75,32969
2021-02-26 10:15:00,1188.4,1189.15,1176.0,1180.7,13820
2021-02-26 11:15:00,1180.05,1188.95,1175.35,1187.6,13055
2021-02-26 12:15:00,1185.0,1189.45,1172.1,1183.2,16426
2021-02-26 13:15:00,1183.7,1189.9,1179.0,1187.3,5082
2021-02-26 14:15:00,1186.0,1192.0,1167.2,1169.5,10133
2021-02-26 15:15:00,1169.95,1175.0,1164.0,1170.0,9097
2021-03-01 09:15:00,1190.0,1234.0,1180.0,1205.0,117657
2021-03-01 10:15:00,1205.0,1205.0,1187.7,1193.05,16317
2021-03-01 11:15:00,1192.75,1195.0,1178.5,1187.25,16556
2021-03-01 12:15:00,1187.2,1189.0,1182.0,1187.35,5334
2021-03-01 13:15:00,1187.95,1200.0,1186.0,1199.0,6825
2021-03-01 14:15:00,1198.45,1198.95,1172.35,1177.0,25867
2021-03-01 15:15:00,1177.25,1178.0,1168.0,1175.05,13412
2021-03-02 09:15:00,1179.0,1187.0,1176.6,1184.0,22059
2021-03-02 10:15:00,1182.8,1184.95,1165.8,1168.0,10945
2021-03-02 11:15:00,1165.05,1167.8,1146.15,1150.2,30644
2021-03-02 12:15:00,1151.7,1162.75,1146.8,1157.5,15204
2021-03-02 13:15:00,1157.0,1163.0,1153.45,1157.15,13983
2021-03-02 14:15:00,1158.35,1167.95,1155.0,1158.3,23603
2021-03-02 15:15:00,1158.3,1167.2,1154.55,1160.0,14319
2021-03-03 09:15:00,1195.0,1287.35,1190.05,1259.0,349536
2021-03-03 10:15:00,1260.0,1279.45,1238.15,1277.5,96371
2021-03-03 11:15:00,1279.35,1285.0,1254.55,1261.7,77966
2021-03-03 12:15:00,1256.65,1261.35,1240.0,1246.55,41138
2021-03-03 13:15:00,1247.5,1261.0,1242.0,1251.9,22647
2021-03-03 14:15:00,1251.9,1253.8,1226.15,1233.0,43180
2021-03-03 15:15:00,1233.0,1235.15,1213.95,1228.85,34433
2021-03-04 09:15:00,1218.7,1254.35,1210.0,1236.75,57936
2021-03-04 10:15:00,1236.45,1241.25,1231.9,1241.0,11775
2021-03-04 11:15:00,1241.0,1241.0,1223.1,1225.0,13592
2021-03-04 12:15:00,1225.0,1240.55,1221.0,1235.6,8581
2021-03-04 13:15:00,1237.0,1238.0,1228.0,1236.5,4885
2021-03-04 14:15:00,1236.5,1242.95,1227.6,1240.4,13314
2021-03-04 15:15:00,1240.55,1243.0,1229.75,1237.3,13587
2021-03-05 09:15:00,1230.0,1249.0,1212.55,1226.0,27770
2021-03-05 10:15:00,1226.0,1229.15,1203.0,1211.15,28821
2021-03-05 11:15:00,1211.1,1218.95,1205.0,1213.9,9768
2021-03-05 12:15:00,1213.9,1216.6,1212.2,1215.0,4126
2021-03-05 13:15:00,1214.5,1216.2,1210.75,1212.0,21107
2021-03-05 14:15:00,1211.55,1215.0,1208.05,1213.0,17146
2021-03-05 15:15:00,1212.05,1214.9,1212.0,1213.45,9977
2021-03-08 09:15:00,1222.8,1268.0,1222.0,1251.95,62428
2021-03-08 10:15:00,1251.95,1254.0,1238.0,1243.7,23005
2021-03-08 11:15:00,1244.45,1248.9,1238.0,1240.5,12974
2021-03-08 12:15:00,1240.25,1245.95,1236.0,1236.0,7667
2021-03-08 13:15:00,1237.0,1243.0,1226.65,1239.25,15131
2021-03-08 14:15:00,1239.15,1244.4,1236.85,1238.0,19544
2021-03-08 15:15:00,1239.0,1240.0,1232.3,1238.1,9711
2021-03-09 09:15:00,1248.0,1248.0,1223.25,1224.7,23692
2021-03-09 10:15:00,1224.75,1230.45,1224.75,1226.0,4589
2021-03-09 11:15:00,1225.45,1238.0,1218.55,1227.55,30849
2021-03-09 12:15:00,1229.9,1229.95,1211.4,1215.05,29252
2021-03-09 13:15:00,1215.0,1229.95,1213.0,1218.15,36266
2021-03-09 14:15:00,1220.55,1229.0,1206.0,1214.05,50242
2021-03-09 15:15:00,1214.1,1226.0,1210.25,1218.05,24038
2021-03-10 09:15:00,1229.0,1244.0,1211.65,1222.55,64909
2021-03-10 10:15:00,1224.4,1224.8,1216.0,1219.3,13081
2021-03-10 11:15:00,1219.5,1223.0,1205.0,1209.35,30719
2021-03-10 12:15:00,1209.5,1222.05,1207.5,1216.1,17657
2021-03-10 13:15:00,1218.0,1221.0,1208.35,1213.4,10708
2021-03-10 14:15:00,1216.45,1220.0,1209.5,1220.0,18235
2021-03-10 15:15:00,1219.4,1223.0,1215.1,1219.2,11711
2021-03-12 09:15:00,1225.0,1237.0,1213.1,1220.95,38398
2021-03-12 10:15:00,1220.95,1223.65,1215.05,1217.45,7931
2021-03-12 11:15:00,1215.9,1229.5,1212.45,1225.0,21827
2021-03-12 12:15:00,1221.9,1224.45,1210.2,1217.05,7516
2021-03-12 13:15:00,1217.55,1220.95,1211.0,1212.0,12647
2021-03-12 14:15:00,1212.0,1218.0,1209.0,1215.4,17736
2021-03-12 15:15:00,1214.05,1215.55,1210.95,1214.3,7295
2021-03-15 09:15:00,1222.8,1222.8,1188.3,1202.4,35112
2021-03-15 10:15:00,1202.4,1205.8,1184.0,1188.9,12795
2021-03-15 11:15:00,1186.95,1198.5,1186.35,1192.25,12625
2021-03-15 12:15:00,1190.25,1195.75,1187.0,1191.45,7653
2021-03-15 13:15:00,1191.35,1195.0,1188.0,1188.4,6292
2021-03-15 14:15:00,1188.1,1200.0,1187.0,1195.05,15414
2021-03-15 15:15:00,1196.4,1198.95,1192.05,1196.1,6540
2021-03-16 09:15:00,1201.0,1238.0,1181.7,1234.75,75294
2021-03-16 10:15:00,1231.65,1259.0,1230.0,1249.0,129761
2021-03-16 11:15:00,1248.0,1252.65,1240.1,1250.7,34459
2021-03-16 12:15:00,1250.0,1268.0,1249.6,1254.9,68663
2021-03-16 13:15:00,1255.15,1255.85,1242.05,1248.45,27573
2021-03-16 14:15:00,1247.25,1318.8,1247.25,1293.95,423638
2021-03-16 15:15:00,1293.25,1298.05,1271.5,1298.05,63740
2021-03-17 09:15:00,1297.65,1323.05,1243.25,1245.15,232617
2021-03-17 10:15:00,1246.95,1257.8,1241.0,1251.0,38386
2021-03-17 11:15:00,1251.0,1259.25,1248.05,1253.6,15962
2021-03-17 12:15:00,1254.0,1256.7,1245.05,1248.0,9567
2021-03-17 13:15:00,1248.0,1257.65,1243.65,1243.95,15663
2021-03-17 14:15:00,1244.6,1245.85,1212.0,1215.7,58276
2021-03-17 15:15:00,1217.05,1226.95,1213.0,1220.2,25664
2021-03-18 09:15:00,1231.85,1247.0,1216.25,1222.7,49224
2021-03-18 10:15:00,1222.8,1228.45,1202.75,1220.85,46566
2021-03-18 11:15:00,1222.0,1222.0,1200.2,1206.7,25242
2021-03-18 12:15:00,1206.7,1208.7,1201.15,1203.55,8051
2021-03-18 13:15:00,1203.6,1204.95,1181.1,1185.45,37996
2021-03-18 14:15:00,1188.0,1197.2,1153.05,1194.95,32291
2021-03-18 15:15:00,1194.0,1194.65,1188.05,1191.65,11232
2021-03-19 09:15:00,1185.0,1185.0,1135.65,1161.5,60020
2021-03-19 10:15:00,1161.5,1181.5,1152.85,1176.85,40145
2021-03-19 11:15:00,1176.85,1188.05,1165.7,1179.35,40956
2021-03-19 12:15:00,1179.55,1198.35,1175.9,1186.75,19860
2021-03-19 13:15:00,1187.0,1191.95,1177.2,1189.0,9380
2021-03-19 14:15:00,1188.95,1210.0,1183.0,1210.0,25016
2021-03-19 15:15:00,1212.2,1212.2,1192.25,1197.05,13878
2021-03-22 09:15:00,1200.0,1228.1,1170.0,1217.2,50624
2021-03-22 10:15:00,1217.95,1222.7,1188.0,1194.95,34444
2021-03-22 11:15:00,1196.3,1214.8,1196.05,1210.0,8191
2021-03-22 12:15:00,1208.1,1209.65,1194.9,1199.35,14593
2021-03-22 13:15:00,1201.0,1208.0,1196.0,1204.0,5195
2021-03-22 14:15:00,1203.0,1215.0,1197.4,1208.1,13350
2021-03-22 15:15:00,1208.1,1215.5,1206.75,1211.05,10511
2021-03-23 09:15:00,1217.1,1228.0,1206.75,1215.0,28143
2021-03-23 10:15:00,1215.0,1220.65,1206.0,1211.4,13190
2021-03-23 11:15:00,1209.6,1212.2,1200.1,1205.0,26773
2021-03-23 12:15:00,1205.85,1208.95,1202.0,1207.7,5937
2021-03-23 13:15:00,1207.75,1209.5,1203.0,1207.55,5343
2021-03-23 14:15:00,1209.3,1223.0,1203.1,1206.65,20677
2021-03-23 15:15:00,1204.15,1206.2,1198.0,1202.6,9501
2021-03-24 09:15:00,1198.0,1213.8,1182.15,1191.35,27677
2021-03-24 10:15:00,1192.0,1196.0,1176.45,1185.55,36452
2021-03-24 11:15:00,1186.05,1194.35,1182.0,1190.0,13244
2021-03-24 12:15:00,1192.0,1195.0,1183.9,1193.0,10601
2021-03-24 13:15:00,1192.0,1192.75,1186.0,1186.0,3411
2021-03-24 14:15:00,1186.95,1195.0,1185.2,1192.05,17519
2021-03-24 15:15:00,1193.15,1194.0,1187.0,1190.15,10607
2021-03-25 09:15:00,1200.0,1200.05,1169.95,1173.0,30050
2021-03-25 10:15:00,1173.0,1175.1,1155.05,1159.35,24656
2021-03-25 11:15:00,1159.15,1177.95,1153.0,1156.1,32737
2021-03-25 12:15:00,1156.95,1164.85,1150.9,1153.65,11461
2021-03-25 13:15:00,1153.65,1169.2,1153.65,1164.05,10551
2021-03-25 14:15:00,1162.25,1170.0,1154.95,1155.05,15085
2021-03-25 15:15:00,1155.0,1160.0,1145.7,1155.75,11555
2021-03-26 09:15:00,1174.0,1190.95,1158.45,1176.0,37801
2021-03-26 10:15:00,1176.0,1179.85,1169.0,1170.05,5548
2021-03-26 11:15:00,1170.65,1184.5,1170.65,1182.75,14519
2021-03-26 12:15:00,1180.9,1183.95,1169.0,1169.7,16119
2021-03-26 13:15:00,1168.85,1176.25,1156.05,1172.4,14507
2021-03-26 14:15:00,1172.15,1174.85,1160.0,1164.0,13919
2021-03-26 15:15:00,1164.0,1168.8,1155.55,1164.3,7743
2021-03-30 09:15:00,1179.4,1205.0,1170.0,1191.0,64236
2021-03-30 10:15:00,1191.05,1193.95,1178.0,1182.3,14420
2021-03-30 11:15:00,1182.3,1187.6,1178.5,1184.8,15357
2021-03-30 12:15:00,1181.8,1186.95,1179.95,1181.35,4963
2021-03-30 13:15:00,1182.65,1211.1,1180.0,1194.85,62138
2021-03-30 14:15:00,1194.0,1203.0,1185.15,1194.35,27160
2021-03-30 15:15:00,1195.8,1197.0,1190.0,1195.5,10415
2021-03-31 09:15:00,1205.0,1277.0,1205.0,1250.75,129753
2021-03-31 10:15:00,1250.8,1269.0,1238.55,1266.4,29271
2021-03-31 11:15:00,1268.9,1268.9,1248.0,1254.5,23242
2021-03-31 12:15:00,1254.5,1263.0,1242.15,1243.35,18904
2021-03-31 13:15:00,1245.0,1253.0,1240.25,1249.9,9725
2021-03-31 14:15:00,1249.9,1252.9,1214.15,1217.4,30208
2021-03-31 15:15:00,1216.25,1224.05,1215.6,1216.25,15844
2021-04-01 09:15:00,1228.0,1273.25,1227.65,1262.0,71118
2021-04-01 10:15:00,1260.15,1278.7,1260.0,1265.4,72564
2021-04-01 11:15:00,1263.55,1274.95,1263.4,1268.6,20623
2021-04-01 12:15:00,1270.95,1273.0,1263.0,1266.35,9526
2021-04-01 13:15:00,1266.4,1269.8,1261.0,1269.8,16115
2021-04-01 14:15:00,1270.0,1279.0,1261.0,1268.0,23207
2021-04-01 15:15:00,1266.5,1281.0,1264.0,1278.0,31155
2021-04-05 09:15:00,1277.0,1319.0,1260.9,1289.95,107967
2021-04-05 10:15:00,1287.7,1301.7,1260.0,1283.6,41987
2021-04-05 11:15:00,1283.6,1343.0,1282.2,1325.0,83789
2021-04-05 12:15:00,1325.0,1327.0,1303.5,1316.9,56041
2021-04-05 13:15:00,1316.9,1322.3,1311.0,1320.0,20058
2021-04-05 14:15:00,1320.0,1320.75,1295.95,1310.6,36525
2021-04-05 15:15:00,1310.3,1319.95,1306.1,1311.05,23210
2021-04-06 09:15:00,1329.95,1367.95,1320.0,1362.85,127854
2021-04-06 10:15:00,1362.85,1364.85,1352.0,1353.9,42929
2021-04-06 11:15:00,1355.95,1357.0,1345.0,1349.25,20813
2021-04-06 12:15:00,1349.15,1353.6,1338.6,1349.9,24819
2021-04-06 13:15:00,1348.0,1349.95,1341.1,1344.0,14310
2021-04-06 14:15:00,1344.45,1357.0,1344.45,1353.0,36751
2021-04-06 15:15:00,1353.0,1373.0,1353.0,1363.25,51294
2021-04-07 09:15:00,1370.0,1388.9,1355.25,1372.75,62359
2021-04-07 10:15:00,1370.7,1384.0,1363.3,1366.5,43881
2021-04-07 11:15:00,1368.9,1373.0,1361.05,1369.05,14765
2021-04-07 12:15:00,1369.4,1371.5,1352.65,1358.15,15307
2021-04-07 13:15:00,1357.7,1360.0,1332.0,1339.0,28751
2021-04-07 14:15:00,1339.0,1362.55,1335.0,1346.1,36343
2021-04-07 15:15:00,1347.95,1358.0,1346.1,1349.7,15690
2021-04-08 09:15:00,1360.8,1380.2,1353.3,1359.4,45718
2021-04-08 10:15:00,1360.0,1372.25,1355.0,1361.6,17982
2021-04-08 11:15:00,1360.55,1368.15,1358.05,1359.7,20784
2021-04-08 12:15:00,1361.0,1363.8,1357.0,1360.0,9534
2021-04-08 13:15:00,1359.95,1361.7,1356.85,1358.0,5747
2021-04-08 14:15:00,1358.85,1365.0,1355.0,1364.1,17907
2021-04-08 15:15:00,1363.8,1365.4,1354.05,1361.4,10932
2021-04-09 09:15:00,1367.0,1377.5,1350.1,1355.7,38105
2021-04-09 10:15:00,1354.75,1366.0,1346.2,1355.0,31999
2021-04-09 11:15:00,1354.5,1359.65,1352.0,1354.55,3365
2021-04-09 12:15:00,1353.0,1360.0,1351.25,1354.2,4938
2021-04-09 13:15:00,1354.1,1355.5,1344.0,1347.55,7560
2021-04-09 14:15:00,1348.4,1363.7,1345.25,1363.7,12976
2021-04-09 15:15:00,1365.3,1368.95,1361.35,1362.65,12282
2021-04-12 09:15:00,1378.0,1378.0,1280.7,1336.0,78842
2021-04-12 10:15:00,1335.95,1336.3,1303.0,1307.6,26350
2021-04-12 11:15:00,1309.15,1314.85,1276.0,1280.0,24300
2021-04-12 12:15:00,1279.05,1312.9,1279.05,1297.25,12772
2021-04-12 13:15:00,1296.95,1312.0,1294.05,1303.85,9055
2021-04-12 14:15:00,1304.8,1308.95,1282.7,1296.45,19164
2021-04-12 15:15:00,1297.0,1305.4,1291.1,1296.4,9823
2021-04-13 09:15:00,1300.0,1338.0,1287.0,1338.0,45490
2021-04-13 10:15:00,1338.0,1340.0,1295.0,1301.5,21380
2021-04-13 11:15:00,1301.7,1301.95,1256.95,1266.35,43901
2021-04-13 12:15:00,1267.6,1284.6,1265.7,1275.75,12280
2021-04-13 13:15:00,1274.05,1298.0,1272.1,1294.05,11534
2021-04-13 14:15:00,1294.5,1328.2,1292.0,1315.75,28192
2021-04-13 15:15:00,1314.15,1315.75,1295.0,1309.5,9041
2021-04-15 09:15:00,1290.0,1323.0,1275.0,1296.05,44044
2021-04-15 10:15:00,1293.4,1307.75,1278.05,1298.05,32342
2021-04-15 11:15:00,1299.5,1307.0,1295.0,1298.25,7523
2021-04-15 12:15:00,1297.0,1308.2,1295.0,1300.35,6990
2021-04-15 13:15:00,1300.95,1306.5,1295.0,1300.35,10961
2021-04-15 14:15:00,1300.35,1305.35,1286.0,1291.65,14364
2021-04-15 15:15:00,1290.05,1292.0,1275.15,1288.75,9321
2021-04-16 09:15:00,1291.85,1339.9,1291.85,1310.8,58216
2021-04-16 10:15:00,1310.8,1315.0,1302.65,1305.95,12206
2021-04-16 11:15:00,1308.0,1315.75,1303.0,1307.5,11685
2021-04-16 12:15:00,1308.7,1311.0,1307.0,1307.15,8944
2021-04-16 13:15:00,1307.15,1309.3,1307.0,1307.3,9400
2021-04-16 14:15:00,1308.75,1311.5,1300.0,1302.55,14867
2021-04-16 15:15:00,1304.45,1305.25,1300.1,1303.1,10209
2021-04-19 09:15:00,1285.0,1298.4,1261.05,1286.3,51507
2021-04-19 10:15:00,1288.25,1308.2,1284.0,1299.85,17391
2021-04-19 11:15:00,1300.0,1300.1,1285.3,1299.6,12134
2021-04-19 12:15:00,1300.0,1354.45,1295.95,1340.0,29769
2021-04-19 13:15:00,1341.45,1343.5,1315.7,1320.0,16274
2021-04-19 14:15:00,1320.55,1329.55,1316.2,1326.85,15585
2021-04-19 15:15:00,1324.05,1336.95,1322.15,1329.3,10896
2021-04-20 09:15:00,1342.85,1364.9,1318.75,1349.2,63105
2021-04-20 10:15:00,1348.6,1362.0,1345.2,1356.6,21870
2021-04-20 11:15:00,1360.2,1365.0,1352.0,1360.1,23987
2021-04-20 12:15:00,1360.1,1385.0,1343.5,1378.9,45268
2021-04-20 13:15:00,1378.9,1408.0,1366.8,1387.05,97385
2021-04-20 14:15:00,1389.55,1396.0,1355.75,1385.05,33786
2021-04-20 15:15:00,1386.65,1393.0,1365.0,1380.6,20869
2021-04-22 09:15:00,1376.0,1417.7,1366.1,1395.65,61642
2021-04-22 10:15:00,1395.65,1410.95,1388.6,1396.5,28542
2021-04-22 11:15:00,1396.5,1432.95,1396.5,1407.45,43281
2021-04-22 12:15:00,1407.1,1413.05,1391.4,1397.2,25941
2021-04-22 13:15:00,1397.05,1402.0,1393.1,1397.5,10632
2021-04-22 14:15:00,1397.5,1397.5,1385.0,1392.85,19930
2021-04-22 15:15:00,1390.85,1400.0,1385.2,1391.45,12587
2021-04-23 09:15:00,1395.95,1445.0,1391.75,1435.4,88516
2021-04-23 10:15:00,1437.0,1450.0,1414.0,1420.4,56958
2021-04-23 11:15:00,1420.55,1424.0,1408.0,1415.15,17859
2021-04-23 12:15:00,1414.2,1417.75,1406.2,1410.75,12568
2021-04-23 13:15:00,1410.1,1414.95,1401.0,1402.8,15755
2021-04-23 14:15:00,1402.8,1403.0,1360.0,1371.0,46226
2021-04-23 15:15:00,1371.95,1390.0,1365.05,1374.2,14718
2021-04-26 09:15:00,1399.9,1425.0,1390.1,1418.9,64518
2021-04-26 10:15:00,1418.6,1419.75,1401.35,1404.55,15301
2021-04-26 11:15:00,1403.1,1432.65,1401.35,1413.0,25701
2021-04-26 12:15:00,1413.0,1436.25,1405.7,1430.85,40689
2021-04-26 13:15:00,1430.0,1430.0,1420.25,1423.05,14597
2021-04-26 14:15:00,1423.05,1437.0,1418.05,1428.9,32271
2021-04-26 15:15:00,1428.9,1460.0,1428.9,1441.5,43225
2021-04-27 09:15:00,1459.0,1500.0,1459.0,1473.5,96584
2021-04-27 10:15:00,1474.5,1479.0,1472.0,1477.05,18598
2021-04-27 11:15:00,1476.85,1533.0,1476.55,1511.1,137376
2021-04-27 12:15:00,1511.1,1515.0,1501.0,1507.7,23372
2021-04-27 13:15:00,1508.95,1524.0,1507.5,1511.45,34608
2021-04-27 14:15:00,1511.45,1520.0,1481.2,1505.85,58858
2021-04-27 15:15:00,1506.05,1511.8,1494.0,1502.15,25616
2021-04-28 09:15:00,1516.0,1528.0,1491.0,1502.35,83065
2021-04-28 10:15:00,1502.05,1515.0,1500.0,1507.0,21226
2021-04-28 11:15:00,1503.55,1509.9,1495.0,1498.3,14271
2021-04-28 12:15:00,1498.35,1501.45,1490.0,1499.8,16813
2021-04-28 13:15:00,1496.35,1513.0,1494.65,1510.95,24076
2021-04-28 14:15:00,1510.95,1537.5,1502.0,1533.95,56266
2021-04-28 15:15:00,1528.45,1537.0,1518.0,1526.6,25576
2021-04-29 09:15:00,1537.0,1599.0,1505.4,1527.0,193088
2021-04-29 10:15:00,1528.1,1680.0,1521.9,1615.7,397453
2021-04-29 11:15:00,1615.0,1658.0,1614.65,1645.0,109822
2021-04-29 12:15:00,1643.75,1645.0,1622.0,1627.1,48835
2021-04-29 13:15:00,1626.35,1628.0,1606.1,1621.45,41924
2021-04-29 14:15:00,1621.45,1637.65,1616.55,1627.85,68463
2021-04-29 15:15:00,1628.0,1629.95,1601.45,1617.0,29978
2021-04-30 09:15:00,1615.0,1699.9,1601.05,1659.2,154268
2021-04-30 10:15:00,1660.05,1666.45,1651.1,1659.95,34796
2021-04-30 11:15:00,1659.8,1661.45,1652.0,1660.0,17779
2021-04-30 12:15:00,1660.0,1660.65,1642.1,1651.35,18388
2021-04-30 13:15:00,1651.3,1658.15,1638.0,1649.0,26109
2021-04-30 14:15:00,1649.0,1650.0,1635.0,1645.95,27044
2021-04-30 15:15:00,1644.6,1660.3,1637.0,1648.15,18388
2021-05-03 09:15:00,1649.4,1714.85,1633.0,1692.35,115570
2021-05-03 10:15:00,1693.85,1694.15,1672.05,1677.5,26100
2021-05-03 11:15:00,1677.7,1682.95,1653.35,1676.4,27558
2021-05-03 12:15:00,1676.4,1680.0,1660.0,1662.05,14640
2021-05-03 13:15:00,1663.9,1665.0,1645.0,1650.0,14778
2021-05-03 14:15:00,1650.0,1654.65,1621.05,1627.9,43129
2021-05-03 15:15:00,1627.95,1638.9,1598.1,1620.8,28906
2021-05-04 09:15:00,1636.1,1680.1,1616.0,1630.4,83555
2021-05-04 10:15:00,1630.6,1630.6,1597.8,1603.0,36426
2021-05-04 11:15:00,1603.0,1605.65,1582.55,1589.05,27818
2021-05-04 12:15:00,1590.55,1613.95,1582.2,1592.0,26179
2021-05-04 13:15:00,1593.1,1593.6,1554.35,1557.05,53362
2021-05-04 14:15:00,1558.7,1570.6,1532.2,1546.65,59392
2021-05-04 15:15:00,1546.55,1555.0,1540.8,1545.3,21030
2021-05-05 09:15:00,1554.0,1628.5,1554.0,1609.7,120392
2021-05-05 10:15:00,1608.1,1616.35,1586.1,1592.85,30888
2021-05-05 11:15:00,1592.0,1604.85,1580.0,1600.8,18803
2021-05-05 12:15:00,1600.15,1603.65,1585.0,1594.95,9822
2021-05-05 13:15:00,1594.95,1596.55,1582.65,1583.2,11032
2021-05-05 14:15:00,1583.7,1624.0,1580.0,1621.0,28048
2021-05-05 15:15:00,1623.35,1627.0,1615.0,1619.95,14620
2021-05-06 09:15:00,1640.2,1710.0,1630.85,1689.85,121730
2021-05-06 10:15:00,1689.85,1708.0,1675.35,1698.05,49857
2021-05-06 11:15:00,1699.55,1775.0,1694.65,1766.45,146374
2021-05-06 12:15:00,1765.75,1925.0,1760.8,1867.65,323637
2021-05-06 13:15:00,1865.95,1867.15,1764.0,1768.0,128305
2021-05-06 14:15:00,1770.0,1865.0,1763.3,1825.55,151997
2021-05-06 15:15:00,1825.0,1863.9,1825.0,1840.4,45011
2021-05-07 09:15:00,1854.5,1960.0,1821.45,1890.9,247456
2021-05-07 10:15:00,1892.0,1910.0,1875.0,1896.15,58693
2021-05-07 11:15:00,1896.1,1899.5,1875.0,1880.7,41414
2021-05-07 12:15:00,1883.25,1925.0,1878.9,1912.35,58776
2021-05-07 13:15:00,1912.55,1977.0,1910.25,1950.0,216345
2021-05-07 14:15:00,1950.0,1988.0,1947.45,1963.1,115346
2021-05-07 15:15:00,1963.35,1995.0,1950.0,1972.9,63470
2021-05-10 09:15:00,1985.0,2009.85,1886.85,1907.0,147478
2021-05-10 10:15:00,1907.1,1909.95,1900.0,1900.5,41234
2021-05-10 11:15:00,1902.0,1928.0,1890.0,1917.55,43468
2021-05-10 12:15:00,1918.0,1926.95,1893.1,1895.6,47244
2021-05-10 13:15:00,1897.5,1908.15,1875.15,1894.0,51640
2021-05-10 14:15:00,1893.5,1918.0,1885.0,1914.35,45893
2021-05-10 15:15:00,1912.0,1920.0,1904.0,1909.8,22886
2021-05-11 09:15:00,1900.0,1905.0,1865.65,1880.1,41171
2021-05-11 10:15:00,1880.0,1888.0,1876.5,1885.05,11251
2021-05-11 11:15:00,1886.0,1895.0,1878.65,1893.95,8837
2021-05-11 12:15:00,1893.95,1967.9,1890.0,1941.95,36718
2021-05-11 13:15:00,1942.0,1948.0,1910.05,1923.9,18249
2021-05-11 14:15:00,1924.15,1930.0,1910.0,1928.0,23223
2021-05-11 15:15:00,1928.0,1929.95,1921.25,1924.15,9609
2021-05-12 09:15:00,1930.0,1942.5,1887.05,1915.25,33419
2021-05-12 10:15:00,1917.8,1918.8,1901.0,1911.0,7885
2021-05-12 11:15:00,1911.0,1918.65,1902.0,1908.0,6981
2021-05-12 12:15:00,1909.9,1917.0,1903.2,1907.0,8931
2021-05-12 13:15:00,1907.1,1911.35,1880.0,1881.9,10166
2021-05-12 14:15:00,1881.9,1896.0,1877.0,1878.1,13253
2021-05-12 15:15:00,1878.1,1890.0,1876.0,1880.6,9245
2021-05-14 09:15:00,1890.0,1905.0,1841.05,1858.9,22859
2021-05-14 10:15:00,1858.0,1859.9,1805.0,1826.25,21626
2021-05-14 11:15:00,1820.15,1826.2,1793.65,1807.0,27772
2021-05-14 12:15:00,1808.7,1849.0,1807.0,1847.0,21885
2021-05-14 13:15:00,1847.0,1880.0,1845.25,1878.95,24220
2021-05-14 14:15:00,1878.95,1927.0,1875.05,1916.0,51643
2021-05-14 15:15:00,1916.0,1916.45,1880.1,1910.75,17515
2021-05-17 09:15:00,1910.0,1910.0,1880.05,1882.65,24248
2021-05-17 10:15:00,1881.0,1900.0,1861.0,1887.5,10585
2021-05-17 11:15:00,1887.5,1895.0,1863.2,1873.75,63233
2021-05-17 12:15:00,1873.0,1884.95,1873.0,1875.1,10229
2021-05-17 13:15:00,1876.0,1885.0,1875.0,1884.4,5894
2021-05-17 14:15:00,1884.4,1884.4,1866.05,1875.0,12405
2021-05-17 15:15:00,1874.0,1880.0,1865.0,1874.2,7769
2021-05-18 09:15:00,1875.25,1920.0,1875.25,1895.1,34363
2021-05-18 10:15:00,1897.0,1904.85,1895.0,1899.0,7362
2021-05-18 11:15:00,1899.0,1899.7,1883.0,1891.1,8493
2021-05-18 12:15:00,1891.15,1894.4,1876.5,1877.05,6388
2021-05-18 13:15:00,1877.05,1880.0,1825.0,1850.0,22148
2021-05-18 14:15:00,1849.0,1852.85,1845.0,1845.3,8340
2021-05-18 15:15:00,1846.2,1851.0,1845.0,1847.65,8596
2021-05-19 09:15:00,1850.0,1864.95,1836.0,1842.0,27942
2021-05-19 10:15:00,1841.25,1843.2,1830.0,1837.15,8961
2021-05-19 11:15:00,1837.9,1852.0,1835.0,1848.15,17733
2021-05-19 12:15:00,1849.75,1851.55,1838.0,1841.2,12374
2021-05-19 13:15:00,1844.6,1849.7,1832.1,1835.0,6134
2021-05-19 14:15:00,1832.1,1850.05,1832.0,1833.05,11526
2021-05-19 15:15:00,1834.95,1841.0,1833.0,1836.65,7516
2021-05-20 09:15:00,1840.0,1854.8,1836.65,1842.35,20049
2021-05-20 10:15:00,1842.35,1846.95,1839.0,1839.65,4843
2021-05-20 11:15:00,1839.65,1843.65,1820.0,1822.6,11434
2021-05-20 12:15:00,1822.6,1839.95,1821.0,1824.9,5878
2021-05-20 13:15:00,1822.05,1830.0,1812.05,1829.0,9401
2021-05-20 14:15:00,1829.8,1829.8,1810.0,1823.95,7867
2021-05-20 15:15:00,1822.0,1842.0,1810.05,1824.1,6633
2021-05-21 09:15:00,1846.1,1849.0,1831.1,1842.3,6724
2021-05-21 10:15:00,1842.25,1920.0,1839.0,1891.05,45292
2021-05-21 11:15:00,1890.5,1890.5,1863.1,1876.15,11897
2021-05-21 12:15:00,1876.5,1884.0,1866.15,1871.1,8214
2021-05-21 13:15:00,1871.1,1889.0,1866.0,1889.0,8976
2021-05-21 14:15:00,1887.1,1890.65,1870.0,1871.0,9202
2021-05-21 15:15:00,1870.05,1880.0,1860.0,1871.4,5701
2021-05-24 09:15:00,1866.0,1899.0,1852.7,1871.05,23080
2021-05-24 10:15:00,1874.0,1879.5,1865.0,1873.0,6347
2021-05-24 11:15:00,1873.0,1873.7,1860.0,1861.0,4315
2021-05-24 12:15:00,1862.0,1878.9,1860.75,1865.05,8821
2021-05-24 13:15:00,1867.3,1879.0,1860.0,1865.15,3911
2021-05-24 14:15:00,1865.1,1871.0,1860.2,1863.5,8288
2021-05-24 15:15:00,1862.0,1865.85,1862.0,1864.65,4162
2021-05-25 09:15:00,1865.0,1884.0,1851.0,1868.6,14254
2021-05-25 10:15:00,1860.2,1868.3,1852.05,1860.0,7920
2021-05-25 11:15:00,1860.0,1861.5,1846.0,1846.15,8301
2021-05-25 12:15:00,1846.15,1848.0,1835.0,1841.45,9745
2021-05-25 13:15:00,1843.0,1847.85,1836.25,1843.55,4126
2021-05-25 14:15:00,1846.0,1858.3,1842.0,1843.9,6224
2021-05-25 15:15:00,1843.0,1848.0,1836.0,1842.6,4712
2021-05-26 09:15:00,1847.0,1869.0,1844.2,1858.0,9397
2021-05-26 10:15:00,1858.0,1869.0,1858.0,1863.35,6300
2021-05-26 11:15:00,1863.35,1866.8,1860.0,1862.0,4027
2021-05-26 12:15:00,1863.05,1865.9,1850.45,1854.0,5870
2021-05-26 13:15:00,1854.0,1895.0,1851.6,1878.6,19148
2021-05-26 14:15:00,1878.3,1879.7,1850.05,1856.9,13805
2021-05-26 15:15:00,1857.4,1880.95,1855.0,1865.25,9645
2021-05-27 09:15:00,1865.0,1949.95,1865.0,1930.15,67375
2021-05-27 10:15:00,1930.15,1940.0,1921.0,1939.8,17783
2021-05-27 11:15:00,1936.0,1939.75,1928.5,1932.55,11549
2021-05-27 12:15:00,1932.55,1934.9,1923.0,1925.8,8915
2021-05-27 13:15:00,1925.8,1935.0,1900.55,1915.0,9956
2021-05-27 14:15:00,1915.0,1915.05,1852.25,1886.4,24652
2021-05-27 15:15:00,1886.35,1890.0,1881.0,1884.3,7397
2021-05-28 09:15:00,1910.0,1945.0,1874.1,1937.8,31305
2021-05-28 10:15:00,1937.15,2038.0,1920.2,1997.3,213627
2021-05-28 11:15:00,1995.95,2002.9,1987.0,1990.5,39884
2021-05-28 12:15:00,1990.5,2027.0,1990.0,2012.9,70475
2021-05-28 13:15:00,2010.0,2022.0,2000.9,2002.65,25704
2021-05-28 14:15:00,2002.1,2030.0,1990.0,1996.85,83488
2021-05-28 15:15:00,1997.0,1999.0,1977.45,1985.0,26977
2021-05-31 09:15:00,2015.0,2072.4,2000.0,2036.6,86738
2021-05-31 10:15:00,2040.0,2052.5,2032.0,2042.3,32662
2021-05-31 11:15:00,2042.3,2049.0,2035.0,2040.0,16127
2021-05-31 12:15:00,2040.0,2043.5,2030.0,2030.05,9133
2021-05-31 13:15:00,2030.05,2034.1,2001.0,2020.0,18801
2021-05-31 14:15:00,2018.5,2025.0,2010.0,2020.05,13574
2021-05-31 15:15:00,2020.0,2023.95,2000.05,2014.85,16930
2021-06-01 09:15:00,2027.85,2035.0,1944.9,1972.0,41538
2021-06-01 10:15:00,1972.0,1973.95,1927.0,1938.25,26403
2021-06-01 11:15:00,1939.3,1948.0,1925.0,1945.75,14636
2021-06-01 12:15:00,1950.0,1963.0,1935.5,1962.0,9286
2021-06-01 13:15:00,1962.0,1963.0,1940.0,1949.95,14974
2021-06-01 14:15:00,1949.95,1960.0,1932.0,1942.0,18716
2021-06-01 15:15:00,1944.0,1944.95,1930.1,1937.2,12749
2021-06-02 09:15:00,1940.0,1975.0,1933.25,1948.0,24807
2021-06-02 10:15:00,1948.0,1964.0,1945.55,1960.95,14627
2021-06-02 11:15:00,1960.0,1960.95,1950.0,1950.0,6496
2021-06-02 12:15:00,1950.05,1965.0,1950.05,1959.0,6328
2021-06-02 13:15:00,1959.0,1978.0,1950.5,1955.55,14021
2021-06-02 14:15:00,1955.6,1958.0,1925.0,1926.5,24054
2021-06-02 15:15:00,1930.0,1942.0,1920.0,1929.65,10382
2021-06-03 09:15:00,1945.0,1962.5,1925.1,1927.0,25985
2021-06-03 10:15:00,1927.0,1931.05,1920.3,1928.3,16813
2021-06-03 11:15:00,1928.35,1932.65,1927.0,1927.0,11174
2021-06-03 12:15:00,1927.0,1930.0,1926.1,1928.35,9767
2021-06-03 13:15:00,1928.35,1931.5,1926.0,1929.05,9573
2021-06-03 14:15:00,1929.05,1930.95,1925.1,1927.65,11079
2021-06-03 15:15:00,1928.95,1930.0,1927.65,1929.25,7857
2021-06-04 09:15:00,1930.0,1949.55,1912.9,1928.15,34207
2021-06-04 10:15:00,1928.15,1930.0,1916.1,1917.2,15574
2021-06-04 11:15:00,1917.0,1927.0,1916.0,1921.0,18414
2021-06-04 12:15:00,1922.0,1924.85,1918.5,1924.85,5805
2021-06-04 13:15:00,1924.85,1940.15,1924.2,1935.1,8901
2021-06-04 14:15:00,1935.25,1967.8,1935.25,1954.45,26058
2021-06-04 15:15:00,1952.3,1960.0,1947.05,1954.3,8767
2021-06-07 09:15:00,1967.6,1988.95,1960.05,1978.0,41343
2021-06-07 10:15:00,1980.3,1980.3,1965.0,1966.9,12528
2021-06-07 11:15:00,1966.9,1973.15,1963.1,1965.1,6996
2021-06-07 12:15:00,1965.1,1972.2,1960.0,1965.0,5519
2021-06-07 13:15:00,1965.0,1975.0,1965.0,1970.0,6109
2021-06-07 14:15:00,1970.0,2010.85,1968.15,1988.85,46081
2021-06-07 15:15:00,1988.85,1994.4,1975.0,1994.4,7931
2021-06-08 09:15:00,1999.0,2020.0,1981.0,1999.0,113610
2021-06-08 10:15:00,2000.4,2004.9,1995.0,2000.0,21118
2021-06-08 11:15:00,2000.0,2003.45,1995.0,1997.0,12357
2021-06-08 12:15:00,1997.0,2019.0,1997.0,2007.35,48101
2021-06-08 13:15:00,2007.25,2014.7,2005.05,2007.65,16820
2021-06-08 14:15:00,2007.7,2017.0,2006.05,2012.7,40167
2021-06-08 15:15:00,2012.05,2015.0,2002.35,2011.65,13111
2021-06-09 09:15:00,2075.0,2088.0,2050.0,2072.5,181506
2021-06-09 10:15:00,2073.5,2100.0,2068.1,2083.0,92121
2021-06-09 11:15:00,2083.0,2085.0,2075.0,2077.0,15162
2021-06-09 12:15:00,2079.3,2080.2,2045.0,2048.2,47692
2021-06-09 13:15:00,2047.0,2058.5,2019.0,2049.75,44152
2021-06-09 14:15:00,2049.9,2054.95,2006.8,2038.95,45273
2021-06-09 15:15:00,2039.0,2051.7,2031.35,2040.75,19599
2021-06-10 09:15:00,2050.0,2062.95,2015.0,2030.0,45819
2021-06-10 10:15:00,2030.7,2058.0,2030.1,2041.0,31499
2021-06-10 11:15:00,2041.15,2050.6,2036.3,2046.9,13050
2021-06-10 12:15:00,2046.6,2056.95,2040.0,2054.85,13608
2021-06-10 13:15:00,2053.05,2060.0,2044.05,2057.05,12006
2021-06-10 14:15:00,2057.0,2060.0,2048.5,2050.6,14267
2021-06-10 15:15:00,2050.55,2054.8,2048.25,2051.9,12350
2021-06-11 09:15:00,2055.1,2105.0,2055.1,2088.25,88504
2021-06-11 10:15:00,2088.25,2093.85,2063.0,2065.0,19251
2021-06-11 11:15:00,2065.0,2079.2,2040.55,2057.45,24799
2021-06-11 12:15:00,2057.45,2070.0,2050.05,2056.25,13396
2021-06-11 13:15:00,2056.25,2068.9,2050.75,2062.95,8381
2021-06-11 14:15:00,2061.3,2078.0,2049.1,2075.0,21789
2021-06-11 15:15:00,2075.0,2075.0,2052.0,2062.25,9369
2021-06-14 09:15:00,2075.0,2075.0,2000.0,2047.15,50376
2021-06-14 10:15:00,2049.15,2050.1,2032.95,2042.55,7248
2021-06-14 11:15:00,2041.1,2049.95,2033.8,2046.05,3756
2021-06-14 12:15:00,2048.8,2054.25,2042.0,2044.0,5438
2021-06-14 13:15:00,2048.2,2074.15,2046.45,2070.0,12029
2021-06-14 14:15:00,2067.05,2070.0,2052.05,2055.5,8769
2021-06-14 15:15:00,2058.2,2080.0,2055.0,2063.2,9835
2021-06-15 09:15:00,2079.0,2097.0,2064.0,2074.35,27320
2021-06-15 10:15:00,2075.75,2076.4,2060.8,2067.5,5564
2021-06-15 11:15:00,2067.5,2070.0,2055.0,2064.35,14590
2021-06-15 12:15:00,2063.0,2067.7,2060.0,2065.25,5091
2021-06-15 13:15:00,2066.95,2070.0,2062.0,2065.0,8835
2021-06-15 14:15:00,2065.0,2084.0,2060.0,2075.0,21213
2021-06-15 15:15:00,2075.0,2085.4,2068.4,2076.7,11181
2021-06-16 09:15:00,2055.0,2094.4,2055.0,2056.2,28067
2021-06-16 10:15:00,2055.15,2061.25,2038.0,2050.0,15346
2021-06-16 11:15:00,2049.0,2074.0,2045.15,2068.0,11726
2021-06-16 12:15:00,2066.9,2116.95,2055.35,2097.15,43370
2021-06-16 13:15:00,2094.0,2221.0,2088.0,2205.6,164189
2021-06-16 14:15:00,2205.8,2209.4,2180.0,2193.1,94144
2021-06-16 15:15:00,2198.6,2200.0,2180.0,2193.3,23733
2021-06-17 09:15:00,2194.0,2255.0,2157.35,2210.55,122682
2021-06-17 10:15:00,2211.95,2215.95,2185.7,2208.55,28572
2021-06-17 11:15:00,2206.0,2207.65,2170.0,2170.3,21900
2021-06-17 12:15:00,2170.3,2183.15,2162.0,2167.6,16139
2021-06-17 13:15:00,2167.0,2186.15,2158.0,2170.0,15311
2021-06-17 14:15:00,2167.5,2189.0,2122.0,2181.65,42124
2021-06-17 15:15:00,2184.0,2184.3,2156.3,2174.4,15620
2021-06-18 09:15:00,2190.0,2209.4,2134.0,2159.25,52700
2021-06-18 10:15:00,2154.45,2160.0,2090.0,2157.35,49914
2021-06-18 11:15:00,2150.6,2160.0,2134.1,2157.85,18447
2021-06-18 12:15:00,2157.9,2180.0,2151.05,2160.0,13376
2021-06-18 13:15:00,2160.0,2162.9,2140.05,2160.0,8266
2021-06-18 14:15:00,2160.0,2160.95,2140.85,2150.35,13393
2021-06-18 15:15:00,2149.8,2169.95,2144.0,2154.5,11845
2021-06-21 09:15:00,2139.0,2166.0,2115.25,2152.35,48368
2021-06-21 10:15:00,2152.3,2154.95,2136.1,2136.1,10262
2021-06-21 11:15:00,2136.1,2151.05,2131.35,2140.0,8288
2021-06-21 12:15:00,2140.05,2175.0,2136.55,2146.1,17982
2021-06-21 13:15:00,2146.2,2151.95,2130.3,2145.3,10652
2021-06-21 14:15:00,2146.85,2151.9,2141.0,2148.0,7312
2021-06-21 15:15:00,2148.0,2155.0,2140.5,2149.7,8826
2021-06-22 09:15:00,2170.0,2198.65,2152.3,2195.05,45893
2021-06-22 10:15:00,2195.6,2198.0,2179.0,2181.5,11241
2021-06-22 11:15:00,2181.5,2208.8,2170.15,2208.1,23708
2021-06-22 12:15:00,2205.3,2207.05,2181.65,2193.7,14984
2021-06-22 13:15:00,2193.7,2196.7,2181.05,2185.0,7339
2021-06-22 14:15:00,2185.0,2207.5,2180.0,2192.85,18614
2021-06-22 15:15:00,2195.0,2224.0,2190.25,2207.1,31740
2021-06-23 09:15:00,2222.0,2250.05,2201.0,2213.2,91268
2021-06-23 10:15:00,2211.05,2219.15,2202.2,2203.3,15727
2021-06-23 11:15:00,2203.2,2218.95,2195.1,2212.7,9028
2021-06-23 12:15:00,2212.05,2237.0,2211.0,2233.4,14758
2021-06-23 13:15:00,2231.0,2235.15,2221.0,2233.75,6137
2021-06-23 14:15:00,2232.0,2242.55,2220.0,2241.55,19962
2021-06-23 15:15:00,2242.0,2250.0,2238.05,2243.5,23911
2021-06-24 09:15:00,2250.0,2297.0,2250.0,2261.25,88193
2021-06-24 10:15:00,2264.4,2274.95,2256.1,2256.2,15367
2021-06-24 11:15:00,2258.2,2262.4,2241.0,2258.45,20140
2021-06-24 12:15:00,2261.15,2273.9,2256.0,2270.0,28493
2021-06-24 13:15:00,2270.0,2284.0,2265.0,2271.95,17355
2021-06-24 14:15:00,2269.25,2279.9,2253.0,2279.9,17596
2021-06-24 15:15:00,2276.0,2279.0,2262.1,2269.5,15365
2021-06-25 09:15:00,2284.0,2290.5,2256.25,2265.5,34698
2021-06-25 10:15:00,2263.25,2269.6,2252.65,2261.5,8285
2021-06-25 11:15:00,2261.5,2265.5,2246.35,2262.5,8543
2021-06-25 12:15:00,2262.55,2267.95,2260.0,2260.1,4494
2021-06-25 13:15:00,2260.1,2262.4,2253.0,2258.3,6058
2021-06-25 14:15:00,2257.4,2282.0,2255.1,2273.0,14220
2021-06-25 15:15:00,2274.25,2278.1,2270.25,2275.7,8383
2021-06-28 09:15:00,2275.0,2294.35,2259.65,2276.35,37126
2021-06-28 10:15:00,2274.3,2289.35,2274.3,2285.85,8146
2021-06-28 11:15:00,2281.5,2285.75,2275.5,2282.0,4589
2021-06-28 12:15:00,2278.95,2342.75,2278.9,2319.95,42304
2021-06-28 13:15:00,2320.0,2331.0,2306.7,2321.35,19336
2021-06-28 14:15:00,2324.25,2365.0,2312.6,2315.1,37178
2021-06-28 15:15:00,2318.2,2340.05,2310.25,2321.1,12325
2021-06-29 09:15:00,2325.0,2344.0,2314.1,2326.35,41835
2021-06-29 10:15:00,2327.6,2328.05,2316.0,2318.9,9124
2021-06-29 11:15:00,2318.9,2327.95,2300.15,2300.15,8829
2021-06-29 12:15:00,2296.25,2306.35,2291.05,2294.65,10964
2021-06-29 13:15:00,2295.15,2309.95,2284.05,2292.8,14685
2021-06-29 14:15:00,2292.75,2316.95,2288.0,2315.0,14497
2021-06-29 15:15:00,2314.1,2321.95,2300.1,2312.15,10987
2021-06-30 09:15:00,2321.0,2333.0,2301.05,2314.8,28012
2021-06-30 10:15:00,2315.0,2315.25,2304.35,2306.1,10179
2021-06-30 11:15:00,2307.3,2310.05,2300.0,2301.25,7416
2021-06-30 12:15:00,2301.35,2333.0,2301.35,2311.55,17546
2021-06-30 13:15:00,2311.0,2314.7,2277.55,2286.65,21340
2021-06-30 14:15:00,2285.0,2287.55,2265.05,2274.05,22879
2021-06-30 15:15:00,2273.0,2276.0,2251.0,2266.1,18822
2021-07-01 09:15:00,2275.0,2284.95,2230.0,2241.3,42116
2021-07-01 10:15:00,2241.3,2249.65,2231.0,2232.3,10428
2021-07-01 11:15:00,2232.3,2254.0,2218.3,2238.95,20210
2021-07-01 12:15:00,2240.0,2248.6,2232.0,2238.05,9351
2021-07-01 13:15:00,2238.0,2244.55,2233.0,2233.05,8627
2021-07-01 14:15:00,2235.0,2242.0,2222.0,2235.95,21725
2021-07-01 15:15:00,2234.05,2240.0,2223.0,2229.95,12264
2021-07-02 09:15:00,2247.0,2340.75,2240.0,2307.9,93781
2021-07-02 10:15:00,2307.9,2310.9,2288.8,2302.7,16529
2021-07-02 11:15:00,2302.7,2305.75,2289.0,2291.25,8493
2021-07-02 12:15:00,2290.85,2293.65,2286.0,2290.6,7265
2021-07-02 13:15:00,2290.65,2292.15,2271.0,2286.9,14982
2021-07-02 14:15:00,2284.55,2340.0,2283.0,2338.0,39331
2021-07-02 15:15:00,2337.95,2350.95,2335.0,2341.3,26880
2021-07-05 09:15:00,2354.75,2361.55,2290.0,2300.05,62808
2021-07-05 10:15:00,2300.65,2308.55,2293.0,2295.55,16424
2021-07-05 11:15:00,2294.0,2304.45,2293.0,2295.0,10229
2021-07-05 12:15:00,2297.0,2309.8,2293.0,2305.1,12728
2021-07-05 13:15:00,2305.1,2308.65,2295.0,2295.9,8751
2021-07-05 14:15:00,2296.0,2302.0,2283.0,2298.0,23534
2021-07-05 15:15:00,2298.0,2298.5,2282.0,2292.8,15390
2021-07-06 09:15:00,2295.0,2307.0,2261.2,2266.05,37518
2021-07-06 10:15:00,2266.0,2270.45,2251.5,2259.95,17887
2021-07-06 11:15:00,2258.35,2274.0,2254.3,2261.75,22265
2021-07-06 12:15:00,2261.75,2270.0,2255.5,2267.95,17073
2021-07-06 13:15:00,2267.8,2274.0,2258.35,2261.3,17022
2021-07-06 14:15:00,2261.25,2263.0,2230.25,2251.0,25268
2021-07-06 15:15:00,2250.5,2260.0,2243.1,2249.1,7509
2021-07-07 09:15:00,2286.0,2302.45,2227.0,2233.25,72029
2021-07-07 10:15:00,2232.55,2239.6,2223.0,2232.95,12744
2021-07-07 11:15:00,2234.0,2247.5,2230.0,2236.05,11627
2021-07-07 12:15:00,2236.05,2244.7,2234.0,2235.95,8304
2021-07-07 13:15:00,2237.35,2249.0,2234.0,2245.8,5566
2021-07-07 14:15:00,2247.6,2248.0,2233.05,2238.95,10437
2021-07-07 15:15:00,2239.0,2247.95,2230.35,2239.2,8596
2021-07-08 09:15:00,2250.0,2274.0,2246.9,2257.85,30093
2021-07-08 10:15:00,2256.4,2265.0,2235.0,2238.6,10065
2021-07-08 11:15:00,2238.6,2258.95,2235.0,2235.0,13196
2021-07-08 12:15:00,2235.0,2246.75,2231.75,2236.0,4786
2021-07-08 13:15:00,2235.1,2239.0,2220.2,2228.0,6118
2021-07-08 14:15:00,2228.0,2246.0,2210.1,2230.2,15255
2021-07-08 15:15:00,2230.25,2240.85,2225.0,2236.7,6289
2021-07-09 09:15:00,2225.0,2235.95,2200.1,2206.95,40303
2021-07-09 10:15:00,2206.0,2213.0,2188.0,2195.95,29919
2021-07-09 11:15:00,2194.95,2208.95,2188.0,2194.05,13499
2021-07-09 12:15:00,2194.05,2199.9,2181.65,2187.75,13012
2021-07-09 13:15:00,2187.0,2204.95,2185.0,2200.75,11075
2021-07-09 14:15:00,2200.75,2203.9,2183.0,2197.0,21208
2021-07-09 15:15:00,2196.0,2198.9,2189.75,2193.95,10586
2021-07-12 09:15:00,2210.0,2262.0,2210.0,2231.15,42295
2021-07-12 10:15:00,2231.8,2240.0,2225.3,2231.5,7882
2021-07-12 11:15:00,2231.5,2237.65,2222.0,2231.9,6307
2021-07-12 12:15:00,2231.9,2243.0,2230.05,2238.65,10569
2021-07-12 13:15:00,2235.45,2239.15,2225.0,2225.7,4852
2021-07-12 14:15:00,2225.7,2234.0,2220.0,2228.1,5946
2021-07-12 15:15:00,2228.1,2284.0,2228.1,2263.35,33852
2021-07-13 09:15:00,2300.0,2300.0,2254.0,2261.9,28566
2021-07-13 10:15:00,2259.2,2261.3,2234.7,2253.45,10510
2021-07-13 11:15:00,2253.45,2264.0,2246.55,2248.0,6061
2021-07-13 12:15:00,2250.0,2250.75,2242.0,2245.5,4502
2021-07-13 13:15:00,2245.5,2250.0,2236.35,2247.3,6437
2021-07-13 14:15:00,2245.05,2249.7,2231.0,2232.0,11539
2021-07-13 15:15:00,2231.0,2240.0,2225.0,2234.55,6750
2021-07-14 09:15:00,2248.8,2273.1,2236.05,2254.4,43020
2021-07-14 10:15:00,2254.95,2258.15,2242.3,2250.25,8746
2021-07-14 11:15:00,2250.05,2260.0,2245.0,2246.8,9319
2021-07-14 12:15:00,2255.0,2260.0,2242.7,2256.1,15099
2021-07-14 13:15:00,2258.0,2290.0,2252.15,2267.0,31027
2021-07-14 14:15:00,2268.0,2272.35,2246.0,2249.4,25278
2021-07-14 15:15:00,2246.3,2246.3,2225.0,2244.15,12172
2021-07-15 09:15:00,2260.0,2370.0,2260.0,2349.15,161860
2021-07-15 10:15:00,2349.55,2360.1,2325.0,2343.85,79196
2021-07-15 11:15:00,2340.95,2365.0,2332.1,2346.65,40660
2021-07-15 12:15:00,2346.7,2434.0,2345.0,2423.75,188738
2021-07-15 13:15:00,2421.7,2473.55,2392.9,2416.95,177404
2021-07-15 14:15:00,2416.65,2432.7,2405.8,2419.0,84619
2021-07-15 15:15:00,2417.0,2467.0,2417.0,2435.75,75192
2021-07-16 09:15:00,2473.0,2510.0,2441.0,2447.2,120795
2021-07-16 10:15:00,2447.2,2458.75,2410.0,2415.55,38136
2021-07-16 11:15:00,2417.5,2429.85,2390.0,2404.0,25877
2021-07-16 12:15:00,2406.35,2460.0,2403.0,2449.35,34726
2021-07-16 13:15:00,2448.9,2455.0,2432.1,2447.9,18463
2021-07-16 14:15:00,2445.7,2501.15,2440.95,2484.0,178305
2021-07-16 15:15:00,2483.3,2495.0,2475.0,2483.5,38831
2021-07-19 09:15:00,2470.0,2536.85,2450.05,2501.0,143715
2021-07-19 10:15:00,2498.3,2508.8,2462.0,2497.9,71651
2021-07-19 11:15:00,2498.0,2515.0,2496.0,2506.95,25431
2021-07-19 12:15:00,2506.95,2511.95,2481.65,2489.0,18981
2021-07-19 13:15:00,2488.95,2510.0,2487.55,2496.05,13783
2021-07-19 14:15:00,2496.05,2507.0,2460.9,2491.0,41215
2021-07-19 15:15:00,2491.95,2500.0,2480.6,2491.25,22058
2021-07-20 09:15:00,2567.9,2599.0,2511.85,2544.0,227675
2021-07-20 10:15:00,2543.0,2552.8,2483.35,2487.95,97776
2021-07-20 11:15:00,2488.8,2523.0,2482.0,2505.0,40666
2021-07-20 12:15:00,2505.0,2531.0,2500.0,2509.8,43381
2021-07-20 13:15:00,2509.85,2529.25,2509.85,2521.25,26096
2021-07-20 14:15:00,2521.5,2524.5,2491.25,2493.65,40604
2021-07-20 15:15:00,2492.4,2503.4,2489.05,2497.55,28908
2021-07-22 09:15:00,2570.0,2773.5,2508.65,2695.8,411901
2021-07-22 10:15:00,2695.65,2716.0,2691.3,2707.5,50791
2021-07-22 11:15:00,2707.0,2749.0,2700.0,2738.6,50879
2021-07-22 12:15:00,2738.6,2824.0,2715.0,2817.8,118762
2021-07-22 13:15:00,2817.9,2875.0,2785.0,2830.0,315226
2021-07-22 14:15:00,2825.65,2837.0,2681.0,2704.95,205418
2021-07-22 15:15:00,2704.95,2743.75,2690.65,2714.75,45985
2021-07-23 09:15:00,2755.0,2800.0,2711.1,2727.0,158853
2021-07-23 10:15:00,2727.95,2730.85,2681.6,2687.3,44245
2021-07-23 11:15:00,2690.55,2699.8,2675.0,2686.0,45134
2021-07-23 12:15:00,2686.0,2697.75,2685.8,2692.8,36269
2021-07-23 13:15:00,2690.15,2699.95,2680.0,2696.9,14402
2021-07-23 14:15:00,2697.55,2730.65,2688.0,2715.0,52679
2021-07-23 15:15:00,2713.95,2727.0,2712.65,2716.15,24407
2021-07-26 09:15:00,2715.0,2721.0,2652.0,2667.55,45124
2021-07-26 10:15:00,2663.9,2670.0,2656.5,2666.7,13172
2021-07-26 11:15:00,2666.0,2668.0,2660.0,2660.0,7093
2021-07-26 12:15:00,2660.0,2675.0,2656.5,2671.0,6306
2021-07-26 13:15:00,2673.15,2680.0,2658.95,2661.0,8888
2021-07-26 14:15:00,2663.45,2668.9,2660.0,2668.0,13478
2021-07-26 15:15:00,2669.0,2682.0,2665.0,2671.1,11821
2021-07-27 09:15:00,2680.0,2699.75,2636.4,2648.0,33591
2021-07-27 10:15:00,2648.0,2658.85,2639.0,2654.6,7724
2021-07-27 11:15:00,2654.6,2656.1,2646.55,2649.9,7787
2021-07-27 12:15:00,2648.0,2649.9,2611.25,2618.0,15641
2021-07-27 13:15:00,2618.0,2640.0,2610.05,2618.2,7881
2021-07-27 14:15:00,2619.75,2639.95,2610.0,2625.3,12971
2021-07-27 15:15:00,2625.0,2625.0,2605.95,2619.95,9360
2021-07-28 09:15:00,2615.0,2615.0,2550.05,2574.0,37207
2021-07-28 10:15:00,2574.0,2589.0,2540.0,2559.95,19862
2021-07-28 11:15:00,2559.95,2576.5,2546.8,2547.55,18276
2021-07-28 12:15:00,2548.95,2567.1,2546.85,2563.4,6878
2021-07-28 13:15:00,2563.4,2577.0,2563.15,2577.0,5852
2021-07-28 14:15:00,2577.0,2582.0,2558.05,2576.0,12600
2021-07-28 15:15:00,2572.1,2578.95,2555.0,2571.5,6752
2021-07-29 09:15:00,2609.95,2640.0,2576.0,2584.0,21764
2021-07-29 10:15:00,2585.6,2599.3,2577.0,2586.15,7394
2021-07-29 11:15:00,2586.35,2638.0,2580.0,2623.1,16117
2021-07-29 12:15:00,2623.15,2636.0,2612.15,2612.15,10385
2021-07-29 13:15:00,2612.15,2615.0,2590.0,2592.6,15800
2021-07-29 14:15:00,2592.95,2630.0,2583.05,2625.95,16501
2021-07-29 15:15:00,2625.15,2625.15,2606.5,2613.05,9051
2021-07-30 09:15:00,2620.0,2628.8,2591.0,2594.7,19046
2021-07-30 10:15:00,2594.2,2674.0,2591.0,2638.55,24974
2021-07-30 11:15:00,2639.95,2640.0,2621.0,2625.0,7602
2021-07-30 12:15:00,2625.0,2627.0,2621.0,2621.7,5477
2021-07-30 13:15:00,2622.25,2626.35,2616.05,2618.05,6594
2021-07-30 14:15:00,2620.75,2639.0,2600.15,2611.05,16485
2021-07-30 15:15:00,2613.0,2615.9,2586.45,2609.0,9490
2021-08-02 09:15:00,2610.0,2671.9,2600.0,2624.0,69992
2021-08-02 10:15:00,2622.6,2625.0,2616.0,2619.0,12405
2021-08-02 11:15:00,2619.0,2625.0,2609.1,2624.0,11061
2021-08-02 12:15:00,2623.05,2625.0,2611.0,2623.35,5342
2021-08-02 13:15:00,2623.8,2640.0,2617.0,2638.75,8378
2021-08-02 14:15:00,2638.75,2650.0,2630.0,2647.4,17464
2021-08-02 15:15:00,2645.2,2650.0,2632.0,2644.2,9765
2021-08-03 09:15:00,2644.2,2645.0,2620.1,2622.1,22188
2021-08-03 10:15:00,2622.1,2633.45,2605.0,2617.9,15383
2021-08-03 11:15:00,2617.9,2619.4,2603.0,2609.7,11663
2021-08-03 12:15:00,2607.45,2610.0,2596.0,2598.65,15448
2021-08-03 13:15:00,2598.65,2614.05,2538.05,2591.0,18267
2021-08-03 14:15:00,2591.0,2620.1,2575.0,2597.95,19324
2021-08-03 15:15:00,2596.05,2599.8,2576.05,2588.5,11421
2021-08-04 09:15:00,2603.0,2610.0,2520.05,2551.25,33812
2021-08-04 10:15:00,2549.65,2563.15,2540.0,2542.2,8553
2021-08-04 11:15:00,2541.35,2555.0,2527.0,2528.1,10122
2021-08-04 12:15:00,2530.4,2531.95,2500.0,2511.1,21395
2021-08-04 13:15:00,2515.65,2523.55,2495.0,2509.8,14054
2021-08-04 14:15:00,2509.8,2521.95,2501.0,2513.5,13023
2021-08-04 15:15:00,2513.5,2519.85,2500.0,2511.0,7664
2021-08-05 09:15:00,2515.0,2529.95,2476.0,2505.7,55064
2021-08-05 10:15:00,2505.1,2508.55,2490.0,2496.0,7944
2021-08-05 11:15:00,2496.0,2503.9,2495.05,2497.3,5892
2021-08-05 12:15:00,2498.0,2501.0,2497.65,2499.0,4024
2021-08-05 13:15:00,2500.0,2501.0,2495.05,2499.95,5035
2021-08-05 14:15:00,2499.0,2500.0,2493.1,2499.9,9743
2021-08-05 15:15:00,2499.55,2500.05,2492.45,2497.9,8077
2021-08-06 09:15:00,2504.0,2509.95,2478.0,2493.5,16971
2021-08-06 10:15:00,2496.05,2500.0,2485.15,2487.1,7697
2021-08-06 11:15:00,2485.05,2490.05,2480.0,2484.9,5552
2021-08-06 12:15:00,2485.15,2499.9,2482.55,2498.75,5195
2021-08-06 13:15:00,2499.05,2499.5,2481.75,2488.4,8122
2021-08-06 14:15:00,2488.5,2500.0,2478.0,2497.0,10488
2021-08-06 15:15:00,2496.1,2500.0,2492.55,2498.0,5320
2021-08-09 09:15:00,2501.0,2519.05,2480.0,2485.6,18551
2021-08-09 10:15:00,2485.5,2488.0,2255.55,2431.35,37326
2021-08-09 11:15:00,2431.25,2431.25,2360.0,2400.0,37548
2021-08-09 12:15:00,2398.05,2400.0,2356.55,2381.45,48048
2021-08-09 13:15:00,2377.45,2389.95,2371.05,2388.8,22006
2021-08-09 14:15:00,2388.8,2440.0,2385.15,2435.0,29603
2021-08-09 15:15:00,2439.55,2451.15,2420.8,2433.35,14202
2021-08-10 09:15:00,2448.8,2450.0,2386.0,2406.6,41204
2021-08-10 10:15:00,2404.3,2407.3,2392.45,2398.95,11883
2021-08-10 11:15:00,2398.9,2399.85,2392.25,2399.8,7224
2021-08-10 12:15:00,2399.8,2416.55,2396.0,2408.95,23241
2021-08-10 13:15:00,2408.0,2425.0,2365.0,2365.05,22980
2021-08-10 14:15:00,2363.6,2418.35,2356.0,2399.0,24345
2021-08-10 15:15:00,2399.0,2403.75,2361.05,2380.3,11295
2021-08-11 09:15:00,2350.0,2369.0,2225.0,2269.75,78970
2021-08-11 10:15:00,2268.8,2287.95,2255.8,2255.8,32954
2021-08-11 11:15:00,2255.8,2269.6,2242.05,2269.6,29362
2021-08-11 12:15:00,2269.6,2322.95,2266.0,2307.05,38227
2021-08-11 13:15:00,2307.05,2322.35,2283.1,2291.5,26213
2021-08-11 14:15:00,2290.0,2341.55,2285.0,2327.0,28071
2021-08-11 15:15:00,2327.0,2340.1,2325.0,2327.75,11879
2021-08-12 09:15:00,2335.0,2452.0,2325.65,2437.45,69287
2021-08-12 10:15:00,2437.75,2456.95,2436.4,2450.0,20405
2021-08-12 11:15:00,2448.65,2452.5,2441.0,2449.05,12396
2021-08-12 12:15:00,2450.0,2452.6,2446.65,2450.45,8739
2021-08-12 13:15:00,2450.4,2451.25,2442.0,2449.45,12604
2021-08-12 14:15:00,2449.45,2451.55,2443.3,2443.3,22050
2021-08-12 15:15:00,2443.0,2447.5,2434.05,2442.15,13553
2021-08-13 09:15:00,2485.0,2486.0,2415.0,2442.45,20119
2021-08-13 10:15:00,2442.5,2442.5,2400.0,2415.45,12670
2021-08-13 11:15:00,2415.45,2415.95,2400.0,2408.7,9108
2021-08-13 12:15:00,2408.45,2408.85,2381.75,2400.9,12098
2021-08-13 13:15:00,2401.0,2424.35,2400.9,2422.45,9545
2021-08-13 14:15:00,2420.0,2439.0,2412.85,2422.0,9107
2021-08-13 15:15:00,2421.15,2440.0,2418.0,2427.45,5235
2021-08-16 09:15:00,2450.0,2450.0,2396.2,2427.0,19720
2021-08-16 10:15:00,2428.15,2445.0,2422.0,2436.2,8658
2021-08-16 11:15:00,2436.2,2440.0,2427.35,2430.05,2524
2021-08-16 12:15:00,2430.05,2445.0,2430.0,2443.5,3277
2021-08-16 13:15:00,2442.9,2450.0,2434.1,2443.45,5706
2021-08-16 14:15:00,2444.65,2456.0,2422.0,2449.7,11722
2021-08-16 15:15:00,2447.1,2450.0,2440.95,2447.35,3878
2021-08-17 09:15:00,2456.0,2459.85,2445.0,2448.4,18673
2021-08-17 10:15:00,2448.4,2450.05,2430.0,2449.9,9503
2021-08-17 11:15:00,2449.9,2450.0,2437.4,2444.0,7714
2021-08-17 12:15:00,2444.0,2451.85,2440.05,2451.45,9550
2021-08-17 13:15:00,2451.35,2461.1,2441.35,2450.55,20387
2021-08-17 14:15:00,2450.85,2600.0,2449.35,2502.0,128610
2021-08-17 15:15:00,2503.0,2505.0,2493.05,2498.95,12505
2021-08-18 09:15:00,2548.65,2550.0,2511.0,2545.0,38702
2021-08-18 10:15:00,2545.0,2589.95,2540.9,2551.35,42012
2021-08-18 11:15:00,2551.0,2570.0,2544.0,2562.0,11571
2021-08-18 12:15:00,2560.5,2596.9,2555.0,2591.0,44231
2021-08-18 13:15:00,2589.45,2690.0,2583.6,2661.3,131457
2021-08-18 14:15:00,2662.95,2664.95,2592.05,2597.0,74315
2021-08-18 15:15:00,2598.7,2598.7,2583.0,2592.05,24825
2021-08-20 09:15:00,2590.0,2668.0,2535.0,2629.0,90563
2021-08-20 10:15:00,2626.7,2636.45,2580.0,2596.35,27404
2021-08-20 11:15:00,2596.5,2620.05,2596.5,2605.45,16069
2021-08-20 12:15:00,2609.4,2611.0,2591.45,2591.45,13903
2021-08-20 13:15:00,2593.6,2611.7,2582.8,2603.8,17003
2021-08-20 14:15:00,2605.8,2613.0,2597.1,2608.0,20779
2021-08-20 15:15:00,2608.0,2610.0,2580.0,2596.75,13958
2021-08-23 09:15:00,2620.0,2656.25,2600.0,2605.0,32640
2021-08-23 10:15:00,2605.0,2605.0,2466.0,2525.8,57451
2021-08-23 11:15:00,2527.0,2570.0,2520.5,2564.0,16986
2021-08-23 12:15:00,2568.55,2577.0,2546.7,2563.0,7300
2021-08-23 13:15:00,2559.65,2563.95,2527.0,2543.0,6097
2021-08-23 14:15:00,2540.4,2553.55,2485.55,2500.65,12871
2021-08-23 15:15:00,2501.35,2506.0,2480.0,2499.0,11199
2021-08-24 09:15:00,2499.0,2550.0,2487.6,2503.25,18823
2021-08-24 10:15:00,2505.45,2511.35,2467.55,2473.0,7447
2021-08-24 11:15:00,2473.0,2523.0,2471.3,2499.85,9647
2021-08-24 12:15:00,2499.95,2520.05,2480.2,2512.1,5136
2021-08-24 13:15:00,2512.5,2520.9,2500.0,2504.2,8790
2021-08-24 14:15:00,2509.9,2580.0,2509.9,2574.5,21293
2021-08-24 15:15:00,2574.15,2624.3,2561.2,2581.45,16970
2021-08-25 09:15:00,2605.0,2608.0,2550.0,2594.05,21756
2021-08-25 10:15:00,2593.05,2597.95,2577.3,2581.1,8807
2021-08-25 11:15:00,2581.55,2590.0,2575.0,2579.75,3395
2021-08-25 12:15:00,2579.65,2585.0,2575.05,2577.1,3308
2021-08-25 13:15:00,2577.1,2581.7,2555.5,2560.0,6716
2021-08-25 14:15:00,2561.35,2563.45,2516.0,2525.0,16331
2021-08-25 15:15:00,2525.0,2535.0,2510.1,2529.5,7284
2021-08-26 09:15:00,2521.85,2596.75,2516.85,2592.65,28241
2021-08-26 10:15:00,2592.0,2644.0,2572.05,2586.05,42467
2021-08-26 11:15:00,2585.15,2615.95,2585.0,2594.0,9906
2021-08-26 12:15:00,2595.0,2600.0,2562.0,2585.0,9820
2021-08-26 13:15:00,2585.4,2590.0,2560.0,2584.5,7303
2021-08-26 14:15:00,2584.7,2596.75,2580.0,2585.05,7216
2021-08-26 15:15:00,2587.6,2590.0,2580.0,2588.0,7913
2021-08-27 09:15:00,2588.0,2599.8,2552.4,2572.2,15409
2021-08-27 10:15:00,2572.2,2580.0,2570.0,2576.65,3309
2021-08-27 11:15:00,2576.7,2590.0,2556.0,2569.9,5862
2021-08-27 12:15:00,2569.9,2599.05,2568.3,2584.8,6834
2021-08-27 13:15:00,2584.7,2596.0,2570.0,2593.4,5606
2021-08-27 14:15:00,2593.4,2640.0,2590.7,2590.75,39445
2021-08-27 15:15:00,2591.6,2600.0,2582.0,2594.75,8508
2021-08-30 09:15:00,2610.0,2665.9,2598.15,2624.7,37410
2021-08-30 10:15:00,2624.6,2640.0,2620.0,2625.0,11952
2021-08-30 11:15:00,2625.0,2629.7,2610.0,2618.0,3721
2021-08-30 12:15:00,2619.8,2619.9,2614.2,2619.75,3151
2021-08-30 13:15:00,2619.75,2629.0,2612.0,2616.7,5491
2021-08-30 14:15:00,2617.0,2621.8,2590.4,2591.0,16858
2021-08-30 15:15:00,2594.6,2601.95,2588.0,2596.95,5177
2021-08-31 09:15:00,2638.0,2638.0,2601.0,2613.0,14152
2021-08-31 10:15:00,2614.65,2618.05,2596.0,2596.0,5276
2021-08-31 11:15:00,2596.0,2610.0,2593.0,2607.15,3167
2021-08-31 12:15:00,2607.1,2615.65,2590.0,2607.0,5108
2021-08-31 13:15:00,2607.0,2608.0,2575.1,2585.05,4950
2021-08-31 14:15:00,2582.0,2595.9,2572.25,2594.85,9742
2021-08-31 15:15:00,2591.95,2594.0,2560.0,2581.8,8679
2021-09-01 09:15:00,2608.5,2782.0,2606.5,2744.0,281759
2021-09-01 10:15:00,2744.0,2748.1,2701.0,2709.0,61103
2021-09-01 11:15:00,2707.05,2733.0,2701.05,2718.0,22533
2021-09-01 12:15:00,2721.0,2774.45,2711.05,2743.7,61730
2021-09-01 13:15:00,2743.4,2747.5,2705.0,2711.25,24018
2021-09-01 14:15:00,2711.0,2751.0,2703.0,2708.95,44187
2021-09-01 15:15:00,2708.95,2715.0,2700.0,2713.0,17933
2021-09-02 09:15:00,2710.2,2740.0,2703.0,2713.6,26140
2021-09-02 10:15:00,2711.05,2718.05,2690.0,2709.85,13488
2021-09-02 11:15:00,2710.1,2713.05,2701.9,2704.6,3425
2021-09-02 12:15:00,2702.0,2710.0,2693.05,2696.5,4166
2021-09-02 13:15:00,2697.3,2702.15,2690.0,2698.95,5971
2021-09-02 14:15:00,2699.0,2733.0,2696.5,2720.6,20595
2021-09-02 15:15:00,2720.6,2725.95,2713.2,2715.0,9338
2021-09-03 09:15:00,2724.0,2808.0,2724.0,2808.0,82313
2021-09-03 10:15:00,2809.0,2818.4,2785.0,2796.95,66050
2021-09-03 11:15:00,2798.85,2820.0,2789.0,2800.8,33177
2021-09-03 12:15:00,2800.8,2820.0,2795.0,2807.85,16607
2021-09-03 13:15:00,2809.05,2815.0,2755.0,2779.2,34996
2021-09-03 14:15:00,2779.2,2800.0,2772.05,2799.0,23233
2021-09-03 15:15:00,2799.0,2800.0,2788.6,2790.2,12432
2021-09-06 09:15:00,2810.0,2812.15,2751.0,2787.25,33280
2021-09-06 10:15:00,2786.0,2795.0,2753.25,2792.0,14248
2021-09-06 11:15:00,2792.0,2800.0,2776.35,2799.0,10215
2021-09-06 12:15:00,2798.95,2802.0,2780.6,2799.85,10663
2021-09-06 13:15:00,2799.95,2802.0,2793.05,2801.0,5350
2021-09-06 14:15:00,2800.0,2805.0,2797.0,2800.0,13839
2021-09-06 15:15:00,2800.0,2803.0,2797.05,2801.0,12914
2021-09-07 09:15:00,2814.0,2850.0,2772.05,2820.0,40216
2021-09-07 10:15:00,2820.0,2869.0,2802.0,2849.0,45017
2021-09-07 11:15:00,2845.55,2848.15,2772.05,2815.05,64305
2021-09-07 12:15:00,2815.0,2835.0,2814.0,2832.05,9717
2021-09-07 13:15:00,2832.05,2835.0,2818.55,2828.55,5392
2021-09-07 14:15:00,2828.55,2833.95,2808.95,2830.0,21782
2021-09-07 15:15:00,2830.45,2836.0,2801.0,2826.3,7944
2021-09-08 09:15:00,2834.35,2840.0,2797.65,2823.3,19520
2021-09-08 10:15:00,2823.35,2965.0,2815.0,2923.2,101753
2021-09-08 11:15:00,2923.2,2924.5,2862.3,2886.95,36344
2021-09-08 12:15:00,2886.0,2892.0,2845.0,2846.65,15364
2021-09-08 13:15:00,2846.6,2854.0,2831.0,2843.3,15769
2021-09-08 14:15:00,2839.8,2935.0,2834.0,2930.0,45884
2021-09-08 15:15:00,2930.0,2943.5,2926.65,2935.0,25585
2021-09-09 09:15:00,2935.0,2983.65,2903.2,2914.55,47481
2021-09-09 10:15:00,2914.0,2928.85,2910.15,2915.2,7562
2021-09-09 11:15:00,2917.95,2920.0,2907.05,2914.5,7566
2021-09-09 12:15:00,2914.5,2922.5,2906.2,2916.2,8223
2021-09-09 13:15:00,2918.8,2922.25,2895.0,2911.45,12755
2021-09-09 14:15:00,2913.05,2913.05,2850.0,2892.0,21435
2021-09-09 15:15:00,2891.05,2895.3,2880.0,2886.0,7387
2021-09-13 09:15:00,2878.0,2950.0,2860.05,2938.0,42532
2021-09-13 10:15:00,2938.0,2944.95,2924.0,2941.85,10570
2021-09-13 11:15:00,2942.1,2985.0,2941.6,2966.15,46006
2021-09-13 12:15:00,2968.5,2975.0,2961.35,2970.0,10469
2021-09-13 13:15:00,2970.0,2995.0,2936.0,2940.0,36529
2021-09-13 14:15:00,2937.95,2942.4,2912.0,2914.4,28390
2021-09-13 15:15:00,2913.4,2930.0,2912.0,2920.0,9950
2021-09-14 09:15:00,2939.95,2948.0,2910.25,2918.0,21532
2021-09-14 10:15:00,2915.0,2939.5,2912.0,2922.0,12536
2021-09-14 11:15:00,2924.45,2939.5,2915.0,2927.35,7978
2021-09-14 12:15:00,2928.85,2930.0,2910.0,2917.35,8451
2021-09-14 13:15:00,2917.35,2925.0,2888.0,2900.55,10449
2021-09-14 14:15:00,2902.85,2905.0,2881.55,2897.15,11741
2021-09-14 15:15:00,2897.0,2905.0,2894.75,2899.0,5127
2021-09-15 09:15:00,2909.95,2929.8,2887.3,2908.85,19705
2021-09-15 10:15:00,2908.85,2922.0,2888.0,2897.45,10233
2021-09-15 11:15:00,2898.0,2920.0,2897.0,2918.0,8828
2021-09-15 12:15:00,2918.9,2927.0,2906.55,2922.0,10188
2021-09-15 13:15:00,2922.0,2924.0,2910.0,2919.75,6165
2021-09-15 14:15:00,2917.75,3079.85,2912.0,3025.0,100630
2021-09-15 15:15:00,3022.05,3049.7,3021.0,3043.05,26160
2021-09-16 09:15:00,3043.7,3100.0,2985.5,2995.0,50906
2021-09-16 10:15:00,2997.5,3029.7,2993.8,3019.2,7829
2021-09-16 11:15:00,3022.7,3059.6,3012.0,3056.25,13376
2021-09-16 12:15:00,3056.25,3091.0,3054.05,3070.0,25355
2021-09-16 13:15:00,3074.4,3080.0,3068.0,3070.65,6673
2021-09-16 14:15:00,3070.85,3071.0,3019.75,3033.05,18803
2021-09-16 15:15:00,3027.0,3065.5,3025.05,3043.65,10846
2021-09-17 09:15:00,3045.0,3060.0,2980.0,3006.05,33876
2021-09-17 10:15:00,3006.3,3010.1,2985.0,2987.0,14233
2021-09-17 11:15:00,2987.0,2994.25,2915.0,2925.8,43961
2021-09-17 12:15:00,2925.05,2944.8,2910.1,2922.25,25723
2021-09-17 13:15:00,2924.95,2940.0,2894.0,2929.5,20085
2021-09-17 14:15:00,2929.05,2981.9,2922.95,2960.0,26987
2021-09-17 15:15:00,2960.0,2972.6,2960.0,2960.3,12896
2021-09-20 09:15:00,2950.0,3017.0,2920.0,3005.05,39215
2021-09-20 10:15:00,3007.05,3080.1,3000.45,3016.6,49578
2021-09-20 11:15:00,3013.6,3023.95,2990.0,2998.95,9279
2021-09-20 12:15:00,2998.95,3014.4,2990.1,3014.4,5466
2021-09-20 13:15:00,3007.25,3010.7,2989.35,2990.05,6422
2021-09-20 14:15:00,2990.05,2990.05,2934.95,2960.0,17564
2021-09-20 15:15:00,2962.35,2999.75,2926.15,2958.9,10512
2021-09-21 09:15:00,2959.95,2990.65,2872.0,2885.6,33165
2021-09-21 10:15:00,2889.95,2893.0,2820.0,2861.6,38393
2021-09-21 11:15:00,2861.6,2887.0,2836.05,2858.0,16946
2021-09-21 12:15:00,2857.4,2895.0,2848.0,2890.45,21455
2021-09-21 13:15:00,2892.0,2948.2,2885.0,2948.2,17675
2021-09-21 14:15:00,2949.0,2970.0,2944.7,2960.0,20592
2021-09-21 15:15:00,2960.05,2975.0,2959.6,2963.5,8316
2021-09-22 09:15:00,2975.0,3094.0,2975.0,3086.0,67113
2021-09-22 10:15:00,3089.95,3090.0,3051.05,3088.0,24460
2021-09-22 11:15:00,3087.95,3087.95,3046.6,3082.0,16249
2021-09-22 12:15:00,3084.0,3130.0,3080.0,3126.0,53882
2021-09-22 13:15:00,3126.65,3134.6,3100.45,3131.0,20741
2021-09-22 14:15:00,3132.0,3143.0,3120.05,3129.95,31211
2021-09-22 15:15:00,3129.7,3165.0,3123.95,3160.0,32568
2021-09-23 09:15:00,3160.0,3198.9,3160.0,3195.0,33732
2021-09-23 10:15:00,3193.3,3210.0,3166.0,3166.45,24708
2021-09-23 11:15:00,3167.0,3188.0,3166.85,3187.05,6279
2021-09-23 12:15:00,3182.85,3187.5,3140.0,3155.0,10400
2021-09-23 13:15:00,3156.85,3156.85,3087.45,3097.2,18178
2021-09-23 14:15:00,3098.9,3149.65,3085.0,3128.0,22890
2021-09-23 15:15:00,3128.15,3154.25,3123.0,3140.45,8285
2021-09-24 09:15:00,3154.8,3234.9,3151.85,3154.95,71096
2021-09-24 10:15:00,3154.95,3180.8,3150.55,3164.75,13644
2021-09-24 11:15:00,3165.3,3169.9,3156.65,3163.75,5110
2021-09-24 12:15:00,3165.75,3170.0,3111.0,3121.1,14471
2021-09-24 13:15:00,3118.0,3139.0,3106.85,3132.05,11324
2021-09-24 14:15:00,3129.65,3158.3,3120.0,3157.75,10533
2021-09-24 15:15:00,3158.0,3158.0,3111.0,3130.0,10028
2021-09-27 09:15:00,3140.0,3150.0,3050.0,3100.55,31094
2021-09-27 10:15:00,3102.15,3105.0,3058.95,3064.55,13790
2021-09-27 11:15:00,3064.55,3077.05,3055.05,3064.4,8730
2021-09-27 12:15:00,3063.7,3099.4,3062.15,3098.05,5376
2021-09-27 13:15:00,3099.95,3100.0,3070.9,3088.7,5198
2021-09-27 14:15:00,3087.35,3088.6,3041.0,3052.45,14774
2021-09-27 15:15:00,3053.7,3087.0,3050.05,3061.8,7338
2021-09-28 09:15:00,3088.8,3128.55,3063.7,3121.95,29993
2021-09-28 10:15:00,3124.95,3128.55,3070.0,3084.0,11890
2021-09-28 11:15:00,3084.0,3105.0,3070.1,3097.8,6651
2021-09-28 12:15:00,3097.8,3097.8,3040.0,3050.8,14243
2021-09-28 13:15:00,3052.1,3070.0,3040.0,3066.65,10831
2021-09-28 14:15:00,3066.45,3100.0,3045.0,3092.95,15903
2021-09-28 15:15:00,3093.05,3096.0,3070.0,3085.0,4896
2021-09-29 09:15:00,3060.0,3093.0,2998.65,3077.5,20121
2021-09-29 10:15:00,3077.95,3080.0,3044.4,3047.8,5181
2021-09-29 11:15:00,3047.8,3055.0,3020.0,3040.95,9899
2021-09-29 12:15:00,3038.7,3044.6,3025.0,3030.0,6423
2021-09-29 13:15:00,3030.0,3031.0,3006.3,3020.0,12261
2021-09-29 14:15:00,3020.0,3057.0,3017.0,3040.0,27588
2021-09-29 15:15:00,3039.95,3042.0,3015.0,3030.3,12276
2021-09-30 09:15:00,3030.3,3100.0,3030.3,3094.95,14545
2021-09-30 10:15:00,3095.0,3125.0,3092.85,3124.9,12471
2021-09-30 11:15:00,3124.0,3129.95,3092.35,3114.95,8513
2021-09-30 12:15:00,3118.7,3125.0,3095.8,3104.3,5451
2021-09-30 13:15:00,3099.0,3105.0,3087.5,3104.95,4719
2021-09-30 14:15:00,3105.0,3124.0,3080.0,3120.0,9542
2021-09-30 15:15:00,3121.0,3124.75,3110.0,3119.0,6026
2021-10-01 09:15:00,3105.0,3119.0,3052.0,3069.5,15465
2021-10-01 10:15:00,3066.0,3069.0,3033.75,3048.0,13365
2021-10-01 11:15:00,3050.0,3067.85,3045.7,3052.2,5349
2021-10-01 12:15:00,3052.2,3060.0,3011.7,3031.75,7802
2021-10-01 13:15:00,3031.75,3052.95,3029.0,3037.0,6772
2021-10-01 14:15:00,3041.2,3056.5,3031.0,3049.9,7536
2021-10-01 15:15:00,3049.85,3060.0,3045.0,3050.3,4846
2021-10-04 09:15:00,3080.0,3098.0,3025.0,3092.3,12560
2021-10-04 10:15:00,3092.6,3095.0,3070.0,3077.0,6090
2021-10-04 11:15:00,3077.0,3083.0,3073.85,3079.95,3389
2021-10-04 12:15:00,3079.95,3079.95,3058.0,3061.35,4452
2021-10-04 13:15:00,3061.35,3069.75,3060.0,3060.0,2355
2021-10-04 14:15:00,3061.6,3070.0,3058.0,3058.2,6252
2021-10-04 15:15:00,3061.7,3070.0,3050.0,3065.35,4392
2021-10-05 09:15:00,3050.0,3052.95,2977.8,3036.9,23806
2021-10-05 10:15:00,3035.0,3038.95,3020.15,3024.0,6042
2021-10-05 11:15:00,3024.0,3032.0,3011.3,3023.0,5086
2021-10-05 12:15:00,3023.0,3040.0,3011.05,3031.0,12938
2021-10-05 13:15:00,3030.0,3035.0,3014.2,3025.0,7284
2021-10-05 14:15:00,3025.0,3030.75,3007.5,3020.1,17891
2021-10-05 15:15:00,3021.0,3029.0,3018.05,3022.1,6103
2021-10-06 09:15:00,3038.0,3096.0,3038.0,3062.85,16115
2021-10-06 10:15:00,3060.0,3100.0,3052.3,3097.0,17592
2021-10-06 11:15:00,3094.65,3100.0,3086.45,3089.2,4962
2021-10-06 12:15:00,3086.85,3090.0,2977.2,3014.4,20537
2021-10-06 13:15:00,3014.2,3020.0,2993.1,3013.15,8780
2021-10-06 14:15:00,3015.0,3020.55,2998.0,3013.25,8106
2021-10-06 15:15:00,3016.35,3016.35,3005.0,3012.2,3893
2021-10-07 09:15:00,3050.0,3120.0,3030.0,3095.0,27048
2021-10-07 10:15:00,3096.9,3120.0,3080.0,3116.95,14553
2021-10-07 11:15:00,3116.95,3119.65,3092.05,3105.95,8916
2021-10-07 12:15:00,3107.95,3119.0,3100.0,3109.0,8314
2021-10-07 13:15:00,3109.0,3119.9,3102.0,3104.7,6725
2021-10-07 14:15:00,3104.7,3120.0,3086.4,3118.95,12162
2021-10-07 15:15:00,3115.05,3120.0,3012.2,3012.2,5980
2021-10-08 09:15:00,3125.25,3148.15,3114.8,3129.35,21004
2021-10-08 10:15:00,3129.9,3200.0,3110.0,3149.65,33816
2021-10-08 11:15:00,3148.65,3170.0,3144.9,3144.9,10156
2021-10-08 12:15:00,3146.0,3155.0,3125.7,3150.45,9650
2021-10-08 13:15:00,3154.7,3170.0,3141.5,3153.1,5439
2021-10-08 14:15:00,3156.6,3175.0,3153.0,3165.5,7999
2021-10-08 15:15:00,3165.55,3166.7,3155.6,3161.15,3374
2021-10-11 09:15:00,3161.15,3195.0,3111.15,3164.0,23483
2021-10-11 10:15:00,3164.0,3186.0,3160.0,3181.45,5160
2021-10-11 11:15:00,3179.0,3185.0,3160.0,3170.0,4076
2021-10-11 12:15:00,3173.45,3189.7,3170.05,3172.95,3396
2021-10-11 13:15:00,3170.0,3176.65,3155.55,3174.0,3749
2021-10-11 14:15:00,3174.55,3175.95,3162.95,3171.0,4829
2021-10-11 15:15:00,3169.5,3177.6,3165.0,3169.75,3368
2021-10-12 09:15:00,3170.0,3221.0,3166.55,3207.75,17926
2021-10-12 10:15:00,3205.05,3207.4,3116.0,3120.0,16866
2021-10-12 11:15:00,3120.0,3122.85,3086.4,3115.0,10750
2021-10-12 12:15:00,3115.0,3117.0,3080.05,3097.05,6892
2021-10-12 13:15:00,3097.5,3098.25,3065.0,3093.2,9154
2021-10-12 14:15:00,3094.0,3107.6,3084.0,3101.4,10818
2021-10-12 15:15:00,3101.2,3105.0,3085.0,3097.55,5343
2021-10-13 09:15:00,3114.7,3125.25,3060.45,3071.35,14061
2021-10-13 10:15:00,3070.15,3073.2,3056.0,3056.0,30336
2021-10-13 11:15:00,3055.3,3080.5,3053.25,3080.0,34948
2021-10-13 12:15:00,3081.1,3093.3,3070.25,3085.2,5755
2021-10-13 13:15:00,3085.2,3088.6,3069.0,3071.0,3460
2021-10-13 14:15:00,3071.0,3122.0,3071.0,3114.0,10336
2021-10-13 15:15:00,3110.1,3110.1,3087.5,3098.25,3605
2021-10-14 09:15:00,3140.0,3300.0,3135.0,3205.4,76124
2021-10-14 10:15:00,3205.0,3289.9,3200.0,3275.0,79170
2021-10-14 11:15:00,3277.0,3294.4,3260.0,3266.6,27498
2021-10-14 12:15:00,3268.7,3277.75,3240.0,3250.0,15001
2021-10-14 13:15:00,3250.0,3259.25,3220.0,3221.05,13350
2021-10-14 14:15:00,3221.0,3250.0,3215.1,3235.0,17474
2021-10-14 15:15:00,3237.6,3248.6,3205.25,3225.85,12193
2021-10-18 09:15:00,3268.8,3300.0,3240.0,3264.0,59179
2021-10-18 10:15:00,3263.95,3350.0,3254.5,3320.9,36836
2021-10-18 11:15:00,3321.9,3330.25,3309.25,3323.15,7444
2021-10-18 12:15:00,3319.8,3325.0,3306.3,3306.3,8244
2021-10-18 13:15:00,3305.0,3333.0,3275.05,3308.7,14960
2021-10-18 14:15:00,3311.2,3323.65,3284.7,3312.1,14040
2021-10-18 15:15:00,3311.7,3324.95,3306.25,3324.0,8757
2021-10-19 09:15:00,3337.0,3389.95,3245.0,3298.45,53445
2021-10-19 10:15:00,3298.35,3395.0,3291.5,3390.0,22225
2021-10-19 11:15:00,3386.9,3464.0,3363.0,3445.95,47993
2021-10-19 12:15:00,3446.0,3669.0,3433.55,3548.95,161324
2021-10-19 13:15:00,3548.0,3620.0,3455.05,3470.05,45333
2021-10-19 14:15:00,3474.95,3500.25,3400.0,3403.8,38483
2021-10-19 15:15:00,3403.95,3480.0,3400.0,3437.55,16783
2021-10-20 09:15:00,3100.0,3150.0,2900.0,2994.0,362248
2021-10-20 10:15:00,2994.95,3019.6,2920.0,2967.05,104265
2021-10-20 11:15:00,2968.0,3017.15,2963.05,2991.45,64570
2021-10-20 12:15:00,2991.0,2993.0,2820.95,2862.0,150365
2021-10-20 13:15:00,2864.35,2899.35,2840.2,2864.7,56888
2021-10-20 14:15:00,2862.0,2999.8,2850.0,2969.9,83106
2021-10-20 15:15:00,2970.0,2975.0,2918.25,2956.4,39589
2021-10-21 09:15:00,2984.0,2997.8,2822.65,2907.9,75940
2021-10-21 10:15:00,2907.9,2916.0,2851.65,2867.6,21748
2021-10-21 11:15:00,2866.5,2929.0,2860.0,2895.0,29983
2021-10-21 12:15:00,2896.85,2896.85,2845.0,2859.95,29885
2021-10-21 13:15:00,2859.95,2860.0,2831.0,2832.75,27432
2021-10-21 14:15:00,2832.6,2850.0,2802.0,2804.45,57500
2021-10-21 15:15:00,2802.55,2842.0,2802.55,2822.45,15272
2021-10-22 09:15:00,2849.0,2984.0,2838.15,2976.55,70911
2021-10-22 10:15:00,2978.65,2984.5,2932.05,2965.05,29544
2021-10-22 11:15:00,2968.5,2968.8,2865.0,2870.0,31065
2021-10-22 12:15:00,2867.65,2874.95,2852.0,2860.0,13078
2021-10-22 13:15:00,2860.0,2863.0,2848.85,2855.0,13783
2021-10-22 14:15:00,2857.15,2867.0,2829.65,2859.0,28637
2021-10-22 15:15:00,2859.0,2860.0,2828.0,2848.95,12634
2021-10-25 09:15:00,2870.0,2884.8,2607.95,2633.2,85379
2021-10-25 10:15:00,2634.5,2672.0,2604.85,2669.9,58071
2021-10-25 11:15:00,2669.85,2692.9,2654.0,2674.0,23361
2021-10-25 12:15:00,2670.25,2696.7,2662.0,2693.6,8861
2021-10-25 13:15:00,2693.6,2746.25,2690.05,2707.7,18033
2021-10-25 14:15:00,2706.0,2721.0,2659.7,2696.9,25715
2021-10-25 15:15:00,2698.0,2703.5,2672.0,2695.9,8497
2021-10-26 09:15:00,2695.9,2890.0,2695.0,2887.2,68637
2021-10-26 10:15:00,2887.5,2918.4,2815.0,2834.25,40819
2021-10-26 11:15:00,2838.15,2850.0,2824.65,2837.1,7786
2021-10-26 12:15:00,2839.45,2848.0,2815.0,2834.0,8108
2021-10-26 13:15:00,2834.0,2834.8,2815.0,2830.0,7910
2021-10-26 14:15:00,2832.6,2843.6,2825.0,2830.25,21050
2021-10-26 15:15:00,2830.0,2850.0,2825.25,2832.05,11826
2021-10-27 09:15:00,2839.8,2882.0,2812.55,2859.0,16726
2021-10-27 10:15:00,2856.45,2879.0,2852.35,2861.15,6728
2021-10-27 11:15:00,2865.25,2869.95,2831.15,2834.0,6955
2021-10-27 12:15:00,2834.0,2840.0,2820.05,2825.0,4686
2021-10-27 13:15:00,2825.0,2834.6,2800.0,2830.4,7385
2021-10-27 14:15:00,2831.75,2837.0,2775.55,2802.2,12295
2021-10-27 15:15:00,2802.2,2815.0,2793.0,2800.3,5749
2021-10-28 09:15:00,2824.7,2879.0,2800.3,2860.5,35392
2021-10-28 10:15:00,2862.9,2878.95,2832.8,2849.9,16293
2021-10-28 11:15:00,2849.9,2855.05,2831.2,2839.15,14788
2021-10-28 12:15:00,2837.0,2844.9,2826.0,2839.0,16372
2021-10-28 13:15:00,2839.0,2839.15,2819.95,2839.0,7353
2021-10-28 14:15:00,2839.0,2839.9,2817.7,2830.0,10540
2021-10-28 15:15:00,2830.05,2840.0,2816.95,2832.25,7670
2021-10-29 09:15:00,2831.8,2831.8,2727.0,2799.95,21948
2021-10-29 10:15:00,2800.0,2837.95,2791.0,2814.45,7227
2021-10-29 11:15:00,2821.25,2828.95,2810.0,2814.45,2486
2021-10-29 12:15:00,2810.15,2811.2,2767.0,2797.4,7742
2021-10-29 13:15:00,2795.25,2799.8,2755.05,2755.05,4982
2021-10-29 14:15:00,2756.05,2780.0,2728.65,2763.0,16188
2021-10-29 15:15:00,2762.4,2780.0,2745.0,2757.6,8578
2021-11-01 09:15:00,2750.0,2850.0,2750.0,2809.7,21033
2021-11-01 10:15:00,2809.75,2810.9,2791.2,2809.9,9636
2021-11-01 11:15:00,2810.0,2814.85,2804.25,2809.85,6561
2021-11-01 12:15:00,2812.35,2820.75,2802.9,2811.45,5742
2021-11-01 13:15:00,2807.85,2830.0,2806.8,2820.0,4631
2021-11-01 14:15:00,2815.0,2818.65,2785.7,2786.6,15007
2021-11-01 15:15:00,2789.35,2795.2,2775.0,2788.9,6625
2021-11-02 09:15:00,2805.0,2870.0,2805.0,2854.25,28196
2021-11-02 10:15:00,2852.0,2865.0,2825.55,2831.75,11793
2021-11-02 11:15:00,2830.75,2835.7,2813.2,2826.4,7096
2021-11-02 12:15:00,2825.0,2835.7,2806.05,2829.3,9729
2021-11-02 13:15:00,2830.0,2835.45,2822.0,2828.7,5268
2021-11-02 14:15:00,2828.8,2836.55,2820.0,2828.35,11506
2021-11-02 15:15:00,2829.4,2834.0,2805.1,2824.75,8713
2021-11-03 09:15:00,2830.8,2838.0,2750.0,2815.35,21164
2021-11-03 10:15:00,2818.65,2839.5,2818.65,2826.15,4787
2021-11-03 11:15:00,2828.75,2849.5,2821.7,2827.15,3986
2021-11-03 12:15:00,2829.95,2830.0,2793.25,2829.5,6540
2021-11-03 13:15:00,2829.4,2829.5,2813.25,2818.5,3714
2021-11-03 14:15:00,2818.8,2841.25,2811.45,2823.1,8224
2021-11-03 15:15:00,2824.2,2830.0,2810.95,2821.8,3391
2021-11-04 17:15:00,2850.0,2850.0,2821.0,2822.0,601
2021-11-04 18:15:00,2829.95,2843.0,2825.0,2833.85,14164
2021-11-08 09:15:00,2845.0,2869.75,2788.95,2841.05,16482
2021-11-08 10:15:00,2839.9,2880.0,2839.9,2874.95,12308
2021-11-08 11:15:00,2874.95,2888.0,2836.05,2860.85,9883
2021-11-08 12:15:00,2865.0,2888.0,2840.05,2883.0,7275
2021-11-08 13:15:00,2884.0,2890.0,2841.9,2853.5,10786
2021-11-08 14:15:00,2855.0,2899.2,2852.45,2898.2,12763
2021-11-08 15:15:00,2898.2,2911.0,2894.65,2899.5,8564
2021-11-09 09:15:00,2910.0,2939.7,2898.05,2913.0,13691
2021-11-09 10:15:00,2913.0,2918.95,2891.0,2903.9,8732
2021-11-09 11:15:00,2901.1,2915.3,2895.0,2906.7,3859
2021-11-09 12:15:00,2906.7,2913.35,2900.0,2900.75,2807
2021-11-09 13:15:00,2903.9,2912.45,2895.0,2895.0,4644
2021-11-09 14:15:00,2898.3,2905.0,2885.05,2897.4,6084
2021-11-09 15:15:00,2895.05,2897.45,2888.0,2893.0,2858
2021-11-10 09:15:00,2890.0,2928.0,2885.0,2894.05,9577
2021-11-10 10:15:00,2893.9,2895.1,2875.0,2884.9,5384
2021-11-10 11:15:00,2889.3,2889.3,2875.0,2879.0,2140
2021-11-10 12:15:00,2879.45,2880.0,2856.0,2873.05,3335
2021-11-10 13:15:00,2871.1,2877.9,2860.1,2872.0,2585
2021-11-10 14:15:00,2872.0,2875.0,2855.0,2861.0,4753
2021-11-10 15:15:00,2863.6,2865.0,2830.1,2852.55,5289
2021-11-11 09:15:00,2849.0,2870.0,2840.1,2849.0,6490
2021-11-11 10:15:00,2849.0,2849.0,2792.6,2823.95,7603
2021-11-11 11:15:00,2823.95,2823.95,2810.1,2817.3,4569
2021-11-11 12:15:00,2819.4,2830.0,2813.5,2829.9,5309
2021-11-11 13:15:00,2828.0,2835.0,2815.0,2828.05,3824
2021-11-11 14:15:00,2828.05,2839.0,2810.0,2818.0,6417
2021-11-11 15:15:00,2817.0,2820.0,2810.5,2816.55,3123
2021-11-12 09:15:00,2828.0,2857.55,2803.0,2820.7,13856
2021-11-12 10:15:00,2820.75,2827.15,2800.0,2812.0,6725
2021-11-12 11:15:00,2810.4,2828.95,2810.05,2824.05,4161
2021-11-12 12:15:00,2825.0,2851.65,2815.85,2827.95,5550
2021-11-12 13:15:00,2827.0,2843.85,2823.1,2834.3,5025
2021-11-12 14:15:00,2834.3,2845.0,2832.25,2843.5,9251
2021-11-12 15:15:00,2843.0,2850.0,2839.6,2845.8,4132
2021-11-15 09:15:00,2861.0,2893.4,2845.05,2881.6,21226
2021-11-15 10:15:00,2882.8,2911.0,2874.0,2903.9,12608
2021-11-15 11:15:00,2902.6,2909.3,2880.6,2897.25,9242
2021-11-15 12:15:00,2898.65,2898.95,2886.15,2891.25,4435
2021-11-15 13:15:00,2891.3,2895.0,2885.0,2891.35,3630
2021-11-15 14:15:00,2894.1,2903.3,2886.0,2896.55,14717
2021-11-15 15:15:00,2894.2,2900.0,2883.0,2894.4,4034
2021-11-16 09:15:00,2909.0,2943.25,2899.15,2926.35,21290
2021-11-16 10:15:00,2926.35,2937.0,2920.0,2933.15,6091
2021-11-16 11:15:00,2936.4,2940.0,2916.05,2937.5,8779
2021-11-16 12:15:00,2936.0,2941.0,2935.1,2940.95,6340
2021-11-16 13:15:00,2940.95,2940.95,2911.2,2938.95,8027
2021-11-16 14:15:00,2938.95,2942.6,2922.4,2934.55,8873
2021-11-16 15:15:00,2934.55,2934.95,2912.15,2932.1,4037
2021-11-17 09:15:00,2940.0,2968.35,2903.95,2921.5,22146
2021-11-17 10:15:00,2921.75,2929.5,2904.1,2922.55,7260
2021-11-17 11:15:00,2922.6,2924.25,2895.0,2902.05,6572
2021-11-17 12:15:00,2900.0,2905.9,2894.8,2897.0,4970
2021-11-17 13:15:00,2899.3,2905.9,2890.0,2900.0,5641
2021-11-17 14:15:00,2900.0,2905.9,2894.4,2894.4,8165
2021-11-17 15:15:00,2895.0,2900.0,2858.25,2885.0,7254
2021-11-18 09:15:00,2890.0,2912.9,2731.1,2749.85,46661
2021-11-18 10:15:00,2752.0,2754.2,2708.75,2720.0,38963
2021-11-18 11:15:00,2720.0,2720.0,2709.0,2720.0,14834
2021-11-18 12:15:00,2720.0,2743.0,2715.15,2722.3,13172
2021-11-18 13:15:00,2722.85,2765.95,2722.3,2761.7,14697
2021-11-18 14:15:00,2759.3,2768.35,2717.05,2720.0,18347
2021-11-18 15:15:00,2720.0,2720.0,2711.0,2719.7,9014
2021-11-22 09:15:00,2675.0,2714.85,2601.1,2606.7,42287
2021-11-22 10:15:00,2608.45,2610.0,2550.0,2563.75,25163
2021-11-22 11:15:00,2566.85,2570.0,2550.0,2554.8,15795
2021-11-22 12:15:00,2555.9,2562.5,2490.0,2503.0,38653
2021-11-22 13:15:00,2503.25,2505.0,2494.15,2504.1,20675
2021-11-22 14:15:00,2501.0,2590.0,2498.55,2589.2,32700
2021-11-22 15:15:00,2585.3,2589.2,2568.0,2574.95,9446
2021-11-23 09:15:00,2555.0,2645.0,2478.0,2603.7,30535
2021-11-23 10:15:00,2598.5,2620.0,2588.0,2618.0,7848
2021-11-23 11:15:00,2616.15,2630.0,2616.15,2627.3,5241
2021-11-23 12:15:00,2627.3,2695.0,2622.05,2675.8,13755
2021-11-23 13:15:00,2678.7,2689.95,2656.55,2680.5,8976
2021-11-23 14:15:00,2680.5,2690.0,2665.95,2676.75,8038
2021-11-23 15:15:00,2679.05,2710.0,2679.05,2688.8,5488
2021-11-24 09:15:00,2739.0,2739.0,2652.0,2654.9,20754
2021-11-24 10:15:00,2652.85,2677.85,2648.05,2675.6,17247
2021-11-24 11:15:00,2679.0,2684.55,2653.65,2660.0,6564
2021-11-24 12:15:00,2660.0,2660.0,2645.5,2647.3,5331
2021-11-24 13:15:00,2647.3,2650.0,2628.0,2639.55,8738
2021-11-24 14:15:00,2639.55,2640.0,2630.15,2634.0,6716
2021-11-24 15:15:00,2634.0,2634.0,2589.0,2615.9,8998
2021-11-25 09:15:00,2624.0,2660.0,2619.9,2654.15,16680
2021-11-25 10:15:00,2654.15,2678.95,2644.05,2649.0,12442
2021-11-25 11:15:00,2651.2,2671.0,2647.05,2670.7,6370
2021-11-25 12:15:00,2670.7,2671.0,2647.3,2652.0,7111
2021-11-25 13:15:00,2654.05,2659.95,2635.0,2655.8,7829
2021-11-25 14:15:00,2655.8,2659.45,2634.05,2641.1,9611
2021-11-25 15:15:00,2641.45,2650.0,2641.45,2642.8,3187
2021-11-26 09:15:00,2599.8,2619.75,2505.0,2509.6,46190
2021-11-26 10:15:00,2509.6,2525.0,2505.1,2509.45,24835
2021-11-26 11:15:00,2509.45,2510.0,2505.0,2508.0,17995
2021-11-26 12:15:00,2507.4,2534.95,2502.0,2518.4,33668
2021-11-26 13:15:00,2516.2,2525.1,2506.0,2513.05,19510
2021-11-26 14:15:00,2513.1,2518.95,2505.1,2510.1,26045
2021-11-26 15:15:00,2512.95,2518.0,2510.0,2510.35,9420
2021-11-29 09:15:00,2412.0,2547.1,2412.0,2520.25,45900
2021-11-29 10:15:00,2524.0,2524.0,2500.0,2515.0,9614
2021-11-29 11:15:00,2515.0,2535.0,2512.7,2535.0,6338
2021-11-29 12:15:00,2533.55,2535.0,2520.0,2530.0,4134
2021-11-29 13:15:00,2529.85,2537.0,2517.05,2518.7,5795
2021-11-29 14:15:00,2519.05,2535.95,2510.0,2533.0,9870
2021-11-29 15:15:00,2529.1,2529.1,2501.0,2519.55,5340
2021-11-30 09:15:00,2620.0,2744.0,2585.0,2723.65,100754
2021-11-30 10:15:00,2720.0,2736.65,2685.0,2698.9,34555
2021-11-30 11:15:00,2697.75,2709.0,2664.0,2707.4,29506
2021-11-30 12:15:00,2707.4,2757.0,2706.6,2749.05,51863
2021-11-30 13:15:00,2749.05,2810.0,2747.8,2794.0,55445
2021-11-30 14:15:00,2794.0,2797.95,2656.05,2656.05,121888
2021-11-30 15:15:00,2656.1,2695.5,2616.15,2695.5,107979
2021-12-01 09:15:00,2680.0,2715.0,2625.15,2649.9,28337
2021-12-01 10:15:00,2646.8,2668.0,2631.1,2659.0,4985
2021-12-01 11:15:00,2661.95,2668.15,2642.0,2650.2,4847
2021-12-01 12:15:00,2650.35,2651.85,2635.0,2644.75,4366
2021-12-01 13:15:00,2644.75,2644.75,2625.0,2642.05,5431
2021-12-01 14:15:00,2640.0,2694.7,2630.65,2688.9,11909
2021-12-01 15:15:00,2688.0,2692.65,2650.0,2672.3,5899
2021-12-02 09:15:00,2690.0,2820.0,2651.0,2805.45,71770
2021-12-02 10:15:00,2806.9,2844.95,2804.0,2840.05,72749
2021-12-02 11:15:00,2840.05,2855.1,2832.0,2845.05,30634
2021-12-02 12:15:00,2846.65,2922.0,2845.0,2914.0,60232
2021-12-02 13:15:00,2913.95,2942.0,2865.65,2932.2,81490
2021-12-02 14:15:00,2931.0,2940.0,2900.0,2939.35,49772
2021-12-02 15:15:00,2938.05,2959.0,2924.1,2938.6,24230
2021-12-03 09:15:00,2950.0,2950.0,2855.0,2869.8,35272
2021-12-03 10:15:00,2869.0,2888.0,2860.25,2865.55,7845
2021-12-03 11:15:00,2865.0,2881.8,2862.75,2866.25,9084
2021-12-03 12:15:00,2868.0,2876.6,2862.0,2866.6,7043
2021-12-03 13:15:00,2867.0,2875.0,2863.0,2867.0,4449
2021-12-03 14:15:00,2867.25,2893.0,2863.75,2874.4,10832
2021-12-03 15:15:00,2870.8,2878.6,2865.15,2871.75,6458
2021-12-06 09:15:00,2872.0,2872.0,2754.0,2774.0,24378
2021-12-06 10:15:00,2774.0,2784.95,2754.05,2778.0,8862
2021-12-06 11:15:00,2775.55,2784.15,2765.0,2780.45,4341
2021-12-06 12:15:00,2781.8,2790.0,2775.0,2781.3,4758
2021-12-06 13:15:00,2781.3,2790.0,2760.0,2768.25,8143
2021-12-06 14:15:00,2768.15,2781.95,2755.1,2757.0,10860
2021-12-06 15:15:00,2757.0,2769.65,2750.0,2757.8,6487
2021-12-07 09:15:00,2800.0,2817.0,2705.0,2712.6,19553
2021-12-07 10:15:00,2710.0,2715.8,2678.0,2697.95,11704
2021-12-07 11:15:00,2697.9,2712.7,2690.1,2706.65,5825
2021-12-07 12:15:00,2705.1,2707.9,2691.0,2701.9,5024
2021-12-07 13:15:00,2701.9,2710.0,2692.0,2705.45,5634
2021-12-07 14:15:00,2707.15,2718.4,2695.0,2713.15,15506
2021-12-07 15:15:00,2710.25,2720.0,2699.35,2706.4,6182
2021-12-08 09:15:00,2809.0,2850.0,2755.15,2823.0,39276
2021-12-08 10:15:00,2822.5,2830.0,2778.15,2803.65,9887
2021-12-08 11:15:00,2803.65,2814.0,2800.0,2810.0,3860
2021-12-08 12:15:00,2810.4,2813.0,2790.05,2810.55,3687
2021-12-08 13:15:00,2810.55,2810.55,2783.1,2791.85,2858
2021-12-08 14:15:00,2791.85,2821.0,2753.25,2810.1,11788
2021-12-08 15:15:00,2814.0,2815.1,2791.6,2804.65,7514
2021-12-09 09:15:00,2803.0,2825.0,2773.05,2792.95,11001
2021-12-09 10:15:00,2790.65,2830.0,2785.0,2825.0,6439
2021-12-09 11:15:00,2825.0,2825.0,2800.0,2813.0,4223
2021-12-09 12:15:00,2813.75,2819.0,2810.0,2813.85,2012
2021-12-09 13:15:00,2813.95,2819.95,2809.7,2817.4,2461
2021-12-09 14:15:00,2817.0,2820.9,2777.55,2782.6,7863
2021-12-09 15:15:00,2786.8,2798.6,2779.9,2791.0,2642
2021-12-10 09:15:00,2800.0,2824.7,2774.95,2781.55,10978
2021-12-10 10:15:00,2782.95,2794.25,2780.55,2784.6,3262
2021-12-10 11:15:00,2784.6,2792.55,2762.55,2778.5,5948
2021-12-10 12:15:00,2775.5,2775.5,2742.1,2757.5,5764
2021-12-10 13:15:00,2757.5,2770.0,2757.5,2767.0,2134
2021-12-10 14:15:00,2766.75,2770.0,2759.0,2768.05,5356
2021-12-10 15:15:00,2768.0,2770.0,2760.0,2765.85,3335
2021-12-13 09:15:00,2787.6,2825.0,2782.05,2817.05,11859
2021-12-13 10:15:00,2820.0,2835.0,2808.0,2822.85,9063
2021-12-13 11:15:00,2822.9,2823.0,2801.0,2815.65,5730
2021-12-13 12:15:00,2815.65,2815.65,2796.0,2804.0,8347
2021-12-13 13:15:00,2804.0,2815.0,2796.0,2800.0,4055
2021-12-13 14:15:00,2798.9,2802.0,2788.0,2788.0,4559
2021-12-13 15:15:00,2789.05,2791.55,2770.05,2783.3,3086
2021-12-14 09:15:00,2785.0,2804.6,2761.1,2802.0,9771
2021-12-14 10:15:00,2799.95,2802.7,2785.0,2788.8,6219
2021-12-14 11:15:00,2788.8,2790.15,2779.0,2780.75,4159
2021-12-14 12:15:00,2781.0,2796.0,2779.35,2790.0,2809
2021-12-14 13:15:00,2791.85,2795.0,2785.35,2791.5,3207
2021-12-14 14:15:00,2789.65,2791.5,2771.0,2780.65,5288
2021-12-14 15:15:00,2779.15,2788.75,2771.3,2779.55,2025
2021-12-15 09:15:00,2799.95,2800.0,2785.0,2800.0,8668
2021-12-15 10:15:00,2800.0,2800.0,2786.0,2794.1,3058
2021-12-15 11:15:00,2790.0,2797.85,2787.45,2788.5,2291
2021-12-15 12:15:00,2788.5,2793.45,2787.0,2790.55,1781
2021-12-15 13:15:00,2787.65,2825.0,2786.1,2823.05,6482
2021-12-15 14:15:00,2825.0,2835.0,2786.0,2792.7,13241
2021-12-15 15:15:00,2790.15,2793.0,2751.0,2787.15,3390
2021-12-16 09:15:00,2800.0,2825.0,2761.0,2796.1,21179
2021-12-16 10:15:00,2795.0,2804.3,2795.0,2799.85,9680
2021-12-16 11:15:00,2798.0,2800.25,2765.0,2773.0,13700
2021-12-16 12:15:00,2766.0,2771.4,2682.0,2712.85,21560
2021-12-16 13:15:00,2713.5,2727.1,2700.0,2701.0,8471
2021-12-16 14:15:00,2701.55,2709.65,2691.0,2700.0,12776
2021-12-16 15:15:00,2706.0,2729.0,2699.0,2705.9,4941
2021-12-17 09:15:00,2750.0,2782.95,2722.0,2776.2,115537
2021-12-17 10:15:00,2775.85,2778.5,2770.0,2770.0,11941
2021-12-17 11:15:00,2770.0,2804.2,2768.0,2786.0,29643
2021-12-17 12:15:00,2786.15,2807.65,2786.0,2800.0,28127
2021-12-17 13:15:00,2800.0,2810.0,2791.85,2795.0,15203
2021-12-17 14:15:00,2796.0,2806.65,2742.3,2750.0,18083
2021-12-17 15:15:00,2751.65,2758.45,2737.7,2751.7,5666
2021-12-20 09:15:00,2750.0,2782.5,2681.85,2752.0,45503
2021-12-20 10:15:00,2752.4,2778.0,2748.1,2770.4,16606
2021-12-20 11:15:00,2771.0,2800.0,2768.8,2787.0,40234
2021-12-20 12:15:00,2787.25,2790.0,2770.0,2770.05,24108
2021-12-20 13:15:00,2771.0,2807.85,2770.05,2795.6,20125
2021-12-20 14:15:00,2795.6,2798.2,2769.1,2776.8,10994
2021-12-20 15:15:00,2776.8,2793.5,2773.0,2780.05,6137
2021-12-21 09:15:00,2775.0,2874.15,2775.0,2861.7,35148
2021-12-21 10:15:00,2864.4,2875.0,2860.0,2867.0,14114
2021-12-21 11:15:00,2866.5,2881.95,2863.9,2875.9,16646
2021-12-21 12:15:00,2876.65,2876.65,2860.0,2863.7,12550
2021-12-21 13:15:00,2861.65,2865.0,2860.0,2860.0,9882
2021-12-21 14:15:00,2860.05,2875.0,2846.0,2858.4,24529
2021-12-21 15:15:00,2858.45,2878.0,2848.0,2866.55,7185
2021-12-22 09:15:00,2900.0,2925.0,2872.1,2909.9,34129
2021-12-22 10:15:00,2910.0,2915.05,2898.0,2910.0,14785
2021-12-22 11:15:00,2909.9,2915.0,2900.0,2909.0,6534
2021-12-22 12:15:00,2911.0,2918.0,2909.25,2915.6,5155
2021-12-22 13:15:00,2916.0,2923.95,2906.7,2912.3,7249
2021-12-22 14:15:00,2909.9,2917.0,2835.25,2835.5,13268
2021-12-22 15:15:00,2843.9,2855.0,2834.95,2846.7,4945
2021-12-23 09:15:00,2855.0,2909.2,2855.0,2897.0,15858
2021-12-23 10:15:00,2899.0,2921.0,2897.5,2915.0,12021
2021-12-23 11:15:00,2915.0,2991.0,2899.9,2990.0,42121
2021-12-23 12:15:00,2987.0,2988.95,2930.2,2938.35,23810
2021-12-23 13:15:00,2940.55,2980.0,2938.35,2957.15,22516
2021-12-23 14:15:00,2957.6,2980.0,2956.1,2977.0,23371
2021-12-23 15:15:00,2976.95,2985.0,2966.0,2975.35,11546
2021-12-24 09:15:00,2990.0,3049.0,2984.0,2991.05,57991
2021-12-24 10:15:00,2989.8,3009.9,2988.0,3007.5,10182
2021-12-24 11:15:00,3005.3,3010.0,2988.0,2991.4,31066
2021-12-24 12:15:00,2991.4,3012.35,2970.0,2999.95,12126
2021-12-24 13:15:00,2999.55,3020.0,2992.5,3015.0,10899
2021-12-24 14:15:00,3015.0,3018.3,2975.0,2995.0,8267
2021-12-24 15:15:00,2995.0,3001.45,2987.35,2993.5,6256
2021-12-27 09:15:00,2993.0,3040.0,2968.3,2982.0,28764
2021-12-27 10:15:00,2982.1,2990.0,2955.35,2980.05,13577
2021-12-27 11:15:00,2980.05,2990.0,2976.6,2989.7,7490
2021-12-27 12:15:00,2987.65,2995.0,2987.0,2991.2,10777
2021-12-27 13:15:00,2990.85,3035.0,2990.1,3026.3,31809
2021-12-27 14:15:00,3029.7,3037.15,2982.35,2985.9,20524
2021-12-27 15:15:00,2985.9,2993.0,2982.0,2985.15,6281
2021-12-28 09:15:00,2985.0,3018.05,2981.0,3006.2,18913
2021-12-28 10:15:00,3007.55,3009.8,2996.25,3001.4,7384
2021-12-28 11:15:00,3001.45,3010.0,2984.1,2984.1,7430
2021-12-28 12:15:00,2984.9,2992.2,2971.1,2974.45,7174
2021-12-28 13:15:00,2973.7,2975.0,2941.1,2971.6,12916
2021-12-28 14:15:00,2971.5,2985.0,2944.0,2973.4,13889
2021-12-28 15:15:00,2976.75,2980.0,2941.0,2960.5,10729
2021-12-29 09:15:00,2973.1,3049.0,2968.1,3039.65,42788
2021-12-29 10:15:00,3037.0,3047.0,3017.0,3022.0,18099
2021-12-29 11:15:00,3020.0,3035.7,3012.0,3017.75,8598
2021-12-29 12:15:00,3017.75,3029.0,3005.0,3025.0,7115
2021-12-29 13:15:00,3025.0,3046.1,3018.0,3042.1,12034
2021-12-29 14:15:00,3042.1,3045.95,3020.1,3034.85,14403
2021-12-29 15:15:00,3034.85,3043.0,3030.0,3035.15,9105
2021-12-30 09:15:00,3060.0,3085.0,3047.3,3070.0,29037
2021-12-30 10:15:00,3070.0,3078.25,3045.0,3058.0,10547
2021-12-30 11:15:00,3059.0,3059.0,3036.0,3048.3,6471
2021-12-30 12:15:00,3048.3,3060.0,3029.0,3040.0,7195
2021-12-30 13:15:00,3041.85,3042.65,3020.5,3034.5,6306
2021-12-30 14:15:00,3032.4,3034.95,3018.0,3021.1,7023
2021-12-30 15:15:00,3021.05,3024.6,2980.0,3007.2,9594
2021-12-31 09:15:00,3020.0,3037.25,3001.05,3007.9,10562
2021-12-31 10:15:00,3013.8,3020.0,3000.65,3019.3,6910
2021-12-31 11:15:00,3020.0,3025.9,3010.0,3019.65,2774
2021-12-31 12:15:00,3019.65,3025.0,3015.55,3018.0,7597
2021-12-31 13:15:00,3018.0,3022.15,3010.0,3011.05,3489
2021-12-31 14:15:00,3013.3,3022.75,3010.0,3018.75,6416
2021-12-31 15:15:00,3017.05,3030.0,3016.4,3020.5,5336
2022-01-03 09:15:00,3026.0,3050.0,3024.0,3031.95,13920
2022-01-03 10:15:00,3032.35,3074.45,3030.0,3054.1,13675
2022-01-03 11:15:00,3051.05,3060.0,3039.0,3057.8,5509
2022-01-03 12:15:00,3056.0,3060.0,3050.5,3058.0,6942
2022-01-03 13:15:00,3058.0,3064.95,3030.05,3056.65,7026
2022-01-03 14:15:00,3055.2,3058.0,3038.2,3043.45,9025
2022-01-03 15:15:00,3045.95,3047.8,3030.1,3042.15,4448
2022-01-04 09:15:00,3030.0,3070.65,3025.0,3056.0,17459
2022-01-04 10:15:00,3057.6,3059.05,3025.05,3026.75,7295
2022-01-04 11:15:00,3025.0,3029.3,2989.8,3027.45,12042
2022-01-04 12:15:00,3026.75,3043.2,3020.15,3030.0,7539
2022-01-04 13:15:00,3030.0,3042.0,3003.1,3008.5,6751
2022-01-04 14:15:00,3008.5,3036.9,3007.6,3024.0,6971
2022-01-04 15:15:00,3023.0,3033.0,3019.15,3028.25,3772
2022-01-05 09:15:00,3039.0,3039.0,2990.0,3018.5,10924
2022-01-05 10:15:00,3018.5,3020.0,3002.3,3009.0,3582
2022-01-05 11:15:00,3005.0,3009.9,2996.1,3009.0,5606
2022-01-05 12:15:00,3009.9,3010.0,2998.0,3002.9,2466
2022-01-05 13:15:00,3000.6,3011.8,2991.0,3011.35,4838
2022-01-05 14:15:00,3010.6,3026.05,3001.1,3006.95,8162
2022-01-05 15:15:00,3005.15,3024.0,3002.0,3012.9,3195
2022-01-06 09:15:00,2990.0,2990.0,2942.0,2958.0,15520
2022-01-06 10:15:00,2958.05,2975.9,2955.55,2974.0,5485
2022-01-06 11:15:00,2974.0,2995.1,2969.55,2979.15,4116
2022-01-06 12:15:00,2979.1,2999.8,2978.55,2999.8,4265
2022-01-06 13:15:00,3001.65,3029.0,2995.0,3023.35,6581
2022-01-06 14:15:00,3023.0,3032.55,3007.0,3015.15,4852
2022-01-06 15:15:00,3016.15,3020.0,3000.0,3010.95,3424
2022-01-07 09:15:00,3050.0,3060.0,3015.15,3033.55,9961
2022-01-07 10:15:00,3034.15,3035.0,3008.0,3011.05,7683
2022-01-07 11:15:00,3011.15,3024.15,2992.2,2997.7,8716
2022-01-07 12:15:00,2990.15,3008.75,2988.15,3005.95,5833
2022-01-07 13:15:00,3003.15,3004.35,2963.0,2973.45,15152
2022-01-07 14:15:00,2973.0,2978.05,2954.5,2970.75,39706
2022-01-07 15:15:00,2971.55,2980.0,2959.0,2970.0,6606
2022-01-10 09:15:00,3000.0,3039.95,3000.0,3014.15,13982
2022-01-10 10:15:00,3014.1,3018.0,3007.75,3014.55,3247
2022-01-10 11:15:00,3015.8,3015.8,2993.65,2995.0,6627
2022-01-10 12:15:00,2995.0,3015.0,2994.4,3005.7,3058
2022-01-10 13:15:00,3003.3,3010.0,2996.05,3003.05,4752
2022-01-10 14:15:00,3002.45,3005.85,3000.65,3002.3,5147
2022-01-10 15:15:00,3004.2,3005.0,3003.8,3004.95,5696
2022-01-11 09:15:00,3032.0,3032.0,3005.35,3026.0,12789
2022-01-11 10:15:00,3026.45,3027.65,3020.0,3022.0,5462
2022-01-11 11:15:00,3021.0,3025.0,3020.0,3020.5,3576
2022-01-11 12:15:00,3020.0,3024.85,3013.15,3015.0,3561
2022-01-11 13:15:00,3015.0,3024.0,3011.15,3020.95,4811
2022-01-11 14:15:00,3021.0,3022.0,3006.0,3020.25,6526
2022-01-11 15:15:00,3021.85,3022.0,3010.0,3019.1,3317
2022-01-12 09:15:00,3040.0,3175.0,3021.05,3145.0,71613
2022-01-12 10:15:00,3144.6,3168.0,3125.65,3155.35,20734
2022-01-12 11:15:00,3158.0,3160.0,3142.0,3160.0,12505
2022-01-12 12:15:00,3157.05,3175.0,3152.05,3173.0,17185
2022-01-12 13:15:00,3173.95,3174.9,3162.0,3169.45,14336
2022-01-12 14:15:00,3169.7,3266.0,3169.7,3233.45,95478
2022-01-12 15:15:00,3235.0,3269.0,3235.0,3249.65,27654
2022-01-13 09:15:00,3249.0,3299.0,3180.2,3184.3,50405
2022-01-13 10:15:00,3180.35,3204.95,3175.0,3204.95,12146
2022-01-13 11:15:00,3204.95,3250.5,3204.95,3236.25,11538
2022-01-13 12:15:00,3239.85,3239.85,3209.5,3216.3,4910
2022-01-13 13:15:00,3216.55,3241.0,3211.0,3240.0,6297
2022-01-13 14:15:00,3242.0,3250.0,3228.55,3236.0,7200
2022-01-13 15:15:00,3225.0,3230.15,3200.0,3221.75,6677
2022-01-14 09:15:00,3235.0,3250.0,3190.0,3236.3,10022
2022-01-14 10:15:00,3238.5,3240.0,3225.0,3231.0,3607
2022-01-14 11:15:00,3231.0,3234.8,3204.2,3210.3,4775
2022-01-14 12:15:00,3209.75,3215.0,3190.1,3193.9,4760
2022-01-14 13:15:00,3191.6,3200.0,3189.0,3198.0,4211
2022-01-14 14:15:00,3198.05,3202.9,3164.0,3184.95,9512
2022-01-14 15:15:00,3183.3,3200.0,3176.0,3184.5,4896
2022-01-17 09:15:00,3262.9,3262.9,3189.3,3236.0,20907
2022-01-17 10:15:00,3239.0,3244.0,3228.15,3232.0,5657
2022-01-17 11:15:00,3235.0,3236.9,3225.0,3225.95,4366
2022-01-17 12:15:00,3225.95,3230.0,3202.0,3215.0,7369
2022-01-17 13:15:00,3218.45,3224.55,3190.25,3224.0,7977
2022-01-17 14:15:00,3224.0,3230.0,3216.55,3217.8,5821
2022-01-17 15:15:00,3219.65,3227.0,3206.0,3220.0,4380
2022-01-18 09:15:00,3228.0,3267.0,3227.95,3255.0,21933
2022-01-18 10:15:00,3256.9,3257.25,3240.1,3245.1,6795
2022-01-18 11:15:00,3245.1,3254.0,3229.0,3243.15,7678
2022-01-18 12:15:00,3245.5,3283.75,3225.1,3283.15,15984
2022-01-18 13:15:00,3284.0,3315.0,3229.6,3238.2,27944
2022-01-18 14:15:00,3240.0,3269.5,3126.8,3142.0,33302
2022-01-18 15:15:00,3142.0,3157.0,3105.55,3142.85,8177
2022-01-19 09:15:00,3149.0,3205.5,3070.0,3172.65,39473
2022-01-19 10:15:00,3174.45,3195.95,3129.95,3187.6,9391
2022-01-19 11:15:00,3189.0,3198.95,3179.05,3198.95,6445
2022-01-19 12:15:00,3197.65,3225.0,3184.0,3221.15,16160
2022-01-19 13:15:00,3224.95,3271.0,3213.25,3227.05,24018
2022-01-19 14:15:00,3227.55,3239.95,3193.45,3197.15,12624
2022-01-19 15:15:00,3197.15,3244.75,3195.6,3218.85,10662
2022-01-20 09:15:00,2985.0,2997.0,2776.75,2804.5,283285
2022-01-20 10:15:00,2803.65,2874.0,2801.75,2865.0,66624
2022-01-20 11:15:00,2867.85,2869.25,2817.05,2849.0,44708
2022-01-20 12:15:00,2849.0,2870.0,2848.75,2855.5,30109
2022-01-20 13:15:00,2851.85,2887.0,2850.0,2863.1,43378
2022-01-20 14:15:00,2865.0,2880.0,2855.15,2855.2,37295
2022-01-20 15:15:00,2855.25,2857.8,2838.85,2854.4,23576
2022-01-21 09:15:00,2844.85,2909.9,2820.0,2888.8,54281
2022-01-21 10:15:00,2893.0,2897.7,2872.0,2880.0,12754
2022-01-21 11:15:00,2878.05,2899.95,2878.0,2898.95,14145
2022-01-21 12:15:00,2899.0,2904.8,2884.0,2895.15,12150
2022-01-21 13:15:00,2895.15,2897.9,2861.5,2865.0,11287
2022-01-21 14:15:00,2863.85,2890.0,2840.0,2850.9,22559
2022-01-21 15:15:00,2850.0,2850.9,2839.1,2846.4,5894
2022-01-24 09:15:00,2846.4,2861.85,2755.0,2757.0,25173
2022-01-24 10:15:00,2757.0,2760.0,2692.1,2701.9,23429
2022-01-24 11:15:00,2699.25,2715.0,2675.55,2675.55,12057
2022-01-24 12:15:00,2677.75,2695.0,2655.0,2670.0,15934
2022-01-24 13:15:00,2670.0,2671.3,2636.75,2645.35,20453
2022-01-24 14:15:00,2645.55,2700.0,2637.0,2694.85,12561
2022-01-24 15:15:00,2691.9,2700.0,2680.0,2693.2,8070
2022-01-25 09:15:00,2653.0,2780.0,2576.75,2724.05,33094
2022-01-25 10:15:00,2721.85,2744.9,2700.1,2717.7,6982
2022-01-25 11:15:00,2717.25,2726.45,2700.0,2707.55,4384
2022-01-25 12:15:00,2708.85,2710.0,2659.75,2660.0,5069
2022-01-25 13:15:00,2660.0,2667.0,2630.25,2635.4,14746
2022-01-25 14:15:00,2635.7,2745.0,2634.35,2743.4,13876
2022-01-25 15:15:00,2740.5,2756.95,2731.15,2744.5,4071
2022-01-27 09:15:00,2700.0,2718.0,2679.65,2694.7,15935
2022-01-27 10:15:00,2692.5,2698.4,2672.55,2677.1,5252
2022-01-27 11:15:00,2679.35,2679.85,2642.6,2644.95,7198
2022-01-27 12:15:00,2644.55,2650.4,2631.0,2649.0,6723
2022-01-27 13:15:00,2648.9,2649.0,2616.75,2620.15,10564
2022-01-27 14:15:00,2620.15,2640.0,2590.0,2593.75,26958
2022-01-27 15:15:00,2593.15,2609.0,2580.0,2598.35,6833
2022-01-28 09:15:00,2603.0,2725.05,2603.0,2659.9,23039
2022-01-28 10:15:00,2659.55,2696.6,2655.85,2695.0,10548
2022-01-28 11:15:00,2696.6,2721.3,2688.0,2693.1,12491
2022-01-28 12:15:00,2696.6,2714.7,2689.7,2700.05,4836
2022-01-28 13:15:00,2703.0,2708.7,2672.85,2675.0,5927
2022-01-28 14:15:00,2671.3,2699.95,2660.6,2679.0,11907
2022-01-28 15:15:00,2681.25,2685.0,2668.7,2677.45,3804
2022-01-31 09:15:00,2748.9,2749.9,2699.0,2714.0,11872
2022-01-31 10:15:00,2712.6,2724.0,2690.0,2700.0,5332
2022-01-31 11:15:00,2700.0,2709.7,2691.15,2703.2,3235
2022-01-31 12:15:00,2705.6,2710.0,2703.75,2710.0,3212
2022-01-31 13:15:00,2710.0,2727.55,2700.3,2719.65,5743
2022-01-31 14:15:00,2720.0,2727.55,2674.5,2680.0,7292
2022-01-31 15:15:00,2679.15,2720.0,2679.15,2699.8,4544
2022-02-01 09:15:00,2744.0,2744.0,2702.45,2716.95,7521
2022-02-01 10:15:00,2715.5,2719.0,2700.0,2705.95,5282
2022-02-01 11:15:00,2703.8,2708.0,2685.4,2690.0,6677
2022-02-01 12:15:00,2690.0,2716.6,2681.85,2681.85,5219
2022-02-01 13:15:00,2684.7,2718.0,2680.0,2718.0,3827
2022-02-01 14:15:00,2717.5,2728.0,2709.65,2716.0,4385
2022-02-01 15:15:00,2714.5,2719.7,2702.2,2709.85,1828
2022-02-02 09:15:00,2730.0,2800.0,2710.0,2789.95,18212
2022-02-02 10:15:00,2786.75,2795.0,2780.1,2793.45,4024
2022-02-02 11:15:00,2793.45,2795.75,2770.05,2783.3,3640
2022-02-02 12:15:00,2786.1,2790.75,2773.1,2774.0,3218
2022-02-02 13:15:00,2774.0,2789.25,2771.45,2780.05,4236
2022-02-02 14:15:00,2777.7,2790.9,2777.7,2780.0,5828
2022-02-02 15:15:00,2780.0,2784.8,2778.0,2781.95,2004
2022-02-03 09:15:00,2799.95,2820.0,2715.25,2748.0,9949
2022-02-03 10:15:00,2746.5,2750.0,2741.15,2747.9,2493
2022-02-03 11:15:00,2747.9,2749.3,2735.05,2735.45,1566
2022-02-03 12:15:00,2737.95,2772.0,2731.6,2743.85,4523
2022-02-03 13:15:00,2743.8,2743.8,2700.5,2727.9,7966
2022-02-03 14:15:00,2725.5,2768.05,2722.45,2742.4,5395
2022-02-03 15:15:00,2744.9,2755.7,2725.1,2743.4,1869
2022-02-04 09:15:00,2731.0,2792.0,2705.0,2773.85,9202
2022-02-04 10:15:00,2773.0,2775.3,2737.95,2746.75,3645
2022-02-04 11:15:00,2744.45,2773.55,2743.9,2744.15,1771
2022-02-04 12:15:00,2744.0,2749.7,2732.55,2749.55,2689
2022-02-04 13:15:00,2748.35,2748.35,2738.0,2744.05,2485
2022-02-04 14:15:00,2744.05,2765.55,2740.45,2745.2,4333
2022-02-04 15:15:00,2745.75,2749.95,2741.05,2744.15,2515
2022-02-07 09:15:00,2769.5,2790.0,2760.85,2760.85,8971
2022-02-07 10:15:00,2762.5,2766.2,2740.0,2749.8,8790
2022-02-07 11:15:00,2749.3,2750.0,2730.0,2745.0,3327
2022-02-07 12:15:00,2745.0,2760.0,2740.1,2742.55,5272
2022-02-07 13:15:00,2745.35,2753.85,2735.0,2739.3,3852
2022-02-07 14:15:00,2739.3,2740.0,2726.45,2732.85,4603
2022-02-07 15:15:00,2732.3,2738.0,2725.15,2727.35,4768
2022-02-08 09:15:00,2758.5,2758.5,2692.35,2692.35,6687
2022-02-08 10:15:00,2693.65,2697.15,2651.0,2658.85,7466
2022-02-08 11:15:00,2656.7,2662.75,2640.25,2649.1,9247
2022-02-08 12:15:00,2651.45,2655.0,2617.05,2618.5,7481
2022-02-08 13:15:00,2620.25,2633.25,2613.5,2624.5,7284
2022-02-08 14:15:00,2625.65,2626.0,2616.0,2622.35,12254
2022-02-08 15:15:00,2622.85,2655.0,2622.0,2625.95,5665
2022-02-09 09:15:00,2649.0,2681.15,2649.0,2667.3,7947
2022-02-09 10:15:00,2669.0,2680.0,2656.9,2678.2,4126
2022-02-09 11:15:00,2677.8,2682.3,2672.0,2676.2,2969
2022-02-09 12:15:00,2676.2,2684.0,2674.95,2678.0,1727
2022-02-09 13:15:00,2677.2,2680.0,2662.35,2679.25,2386
2022-02-09 14:15:00,2679.25,2684.8,2669.55,2678.95,7418
2022-02-09 15:15:00,2678.95,2690.0,2678.0,2680.15,4858
2022-02-10 09:15:00,2712.0,2719.95,2653.35,2678.5,5681
2022-02-10 10:15:00,2678.5,2697.0,2676.6,2677.2,2729
2022-02-10 11:15:00,2677.1,2699.95,2670.85,2682.1,2747
2022-02-10 12:15:00,2683.25,2685.65,2661.0,2668.5,2812
2022-02-10 13:15:00,2664.25,2681.75,2650.0,2676.0,2970
2022-02-10 14:15:00,2673.35,2759.95,2664.1,2728.5,10504
2022-02-10 15:15:00,2729.85,2730.0,2690.0,2721.6,2366
2022-02-11 09:15:00,2704.0,2713.0,2659.55,2664.0,5416
2022-02-11 10:15:00,2663.8,2673.0,2633.65,2641.55,4893
2022-02-11 11:15:00,2640.45,2653.15,2634.2,2635.0,3692
2022-02-11 12:15:00,2635.8,2638.0,2627.6,2633.0,3787
2022-02-11 13:15:00,2633.0,2655.0,2628.15,2655.0,5189
2022-02-11 14:15:00,2655.0,2684.2,2645.0,2653.5,6974
2022-02-11 15:15:00,2655.0,2699.0,2654.95,2683.9,4982
2022-02-14 09:15:00,2500.0,2607.35,2500.0,2602.3,22872
2022-02-14 10:15:00,2600.65,2606.95,2580.0,2589.15,6412
2022-02-14 11:15:00,2589.15,2657.55,2587.0,2602.0,8994
2022-02-14 12:15:00,2602.75,2612.95,2550.0,2576.85,8312
2022-02-14 13:15:00,2577.25,2580.0,2531.1,2537.0,9303
2022-02-14 14:15:00,2537.0,2549.1,2515.0,2519.0,12900
2022-02-14 15:15:00,2515.9,2660.0,2502.0,2549.35,17510
2022-02-15 09:15:00,2560.0,2620.0,2500.0,2513.3,15382
2022-02-15 10:15:00,2513.25,2519.9,2480.15,2518.25,13167
2022-02-15 11:15:00,2519.0,2588.95,2518.8,2570.7,7979
2022-02-15 12:15:00,2570.7,2585.15,2560.0,2579.95,3821
2022-02-15 13:15:00,2580.0,2609.85,2572.0,2609.85,6427
2022-02-15 14:15:00,2610.0,2673.0,2599.0,2600.0,19291
2022-02-15 15:15:00,2600.0,2666.0,2600.0,2638.3,7882
2022-02-16 09:15:00,2670.0,2670.0,2628.0,2641.3,8385
2022-02-16 10:15:00,2641.3,2645.0,2634.1,2643.15,2432
2022-02-16 11:15:00,2643.2,2649.0,2640.0,2642.0,1957
2022-02-16 12:15:00,2642.9,2643.75,2638.0,2643.7,1767
2022-02-16 13:15:00,2643.7,2649.8,2629.25,2633.7,3970
2022-02-16 14:15:00,2633.7,2650.0,2625.05,2648.5,6487
2022-02-16 15:15:00,2649.8,2649.95,2622.6,2644.0,2173
2022-02-17 09:15:00,2660.0,2688.8,2642.0,2653.35,7539
2022-02-17 10:15:00,2651.3,2656.0,2631.25,2652.75,2574
2022-02-17 11:15:00,2652.75,2655.0,2627.0,2633.2,3567
2022-02-17 12:15:00,2631.0,2636.85,2616.6,2624.2,3535
2022-02-17 13:15:00,2625.65,2633.35,2602.0,2605.8,5063
2022-02-17 14:15:00,2602.2,2610.0,2590.0,2600.0,5378
2022-02-17 15:15:00,2599.9,2609.85,2585.05,2597.9,2306
2022-02-18 09:15:00,2575.0,2622.8,2575.0,2614.75,6580
2022-02-18 10:15:00,2612.55,2616.0,2612.0,2613.7,2069
2022-02-18 11:15:00,2614.5,2615.4,2613.25,2613.95,2056
2022-02-18 12:15:00,2614.75,2615.05,2603.25,2605.2,3095
2022-02-18 13:15:00,2605.2,2615.05,2604.3,2608.85,2407
2022-02-18 14:15:00,2608.0,2629.0,2602.6,2610.65,7477
2022-02-18 15:15:00,2614.1,2615.95,2599.95,2609.65,2716
2022-02-21 09:15:00,2627.0,2636.75,2560.8,2592.8,18350
2022-02-21 10:15:00,2593.35,2618.0,2591.5,2611.55,5833
2022-02-21 11:15:00,2616.85,2617.45,2602.0,2610.0,7530
2022-02-21 12:15:00,2611.65,2618.1,2603.2,2614.3,8744
2022-02-21 13:15:00,2616.75,2618.75,2601.45,2607.6,10839
2022-02-21 14:15:00,2607.35,2624.0,2600.0,2616.15,9158
2022-02-21 15:15:00,2616.2,2623.0,2600.05,2614.3,4443
2022-02-22 09:15:00,2528.0,2638.3,2525.0,2629.4,24182
2022-02-22 10:15:00,2625.85,2647.5,2623.5,2641.3,10543
2022-02-22 11:15:00,2640.15,2645.0,2616.55,2637.7,7189
2022-02-22 12:15:00,2636.6,2643.7,2620.15,2630.0,6000
2022-02-22 13:15:00,2630.0,2632.25,2546.4,2624.95,16268
2022-02-22 14:15:00,2624.95,2632.35,2587.8,2605.3,10896
2022-02-22 15:15:00,2607.75,2619.25,2595.05,2604.95,4040
2022-02-23 09:15:00,2640.0,2745.0,2635.95,2724.75,24484
2022-02-23 10:15:00,2725.0,2733.1,2703.0,2723.75,9964
2022-02-23 11:15:00,2725.35,2735.0,2720.0,2722.0,7083
2022-02-23 12:15:00,2721.95,2730.0,2715.45,2729.95,6838
2022-02-23 13:15:00,2729.95,2730.5,2720.6,2725.3,8447
2022-02-23 14:15:00,2727.1,2730.0,2671.0,2672.45,16467
2022-02-23 15:15:00,2672.3,2692.0,2668.75,2687.6,4356
2022-02-24 09:15:00,2600.0,2644.0,2525.0,2596.65,24650
2022-02-24 10:15:00,2595.9,2599.85,2551.35,2575.3,11914
2022-02-24 11:15:00,2576.95,2597.95,2547.0,2571.0,13404
2022-02-24 12:15:00,2572.0,2579.1,2531.0,2541.5,10371
2022-02-24 13:15:00,2541.5,2544.0,2497.6,2523.55,16617
2022-02-24 14:15:00,2516.6,2562.0,2511.1,2549.45,15819
2022-02-24 15:15:00,2548.95,2560.0,2514.05,2543.95,5525
2022-02-25 09:15:00,2670.0,2704.0,2611.2,2702.1,30338
2022-02-25 10:15:00,2700.1,2710.0,2694.0,2700.55,7493
2022-02-25 11:15:00,2700.0,2706.9,2698.0,2700.0,9787
2022-02-25 12:15:00,2703.35,2760.1,2700.65,2731.6,32990
2022-02-25 13:15:00,2734.45,2780.0,2727.15,2750.7,52935
2022-02-25 14:15:00,2750.8,2795.0,2746.1,2789.85,53695
2022-02-25 15:15:00,2789.95,2825.0,2776.5,2790.15,21075
2022-02-28 09:15:00,2769.0,2770.0,2685.0,2753.0,24801
2022-02-28 10:15:00,2754.45,2821.95,2754.0,2776.1,11201
2022-02-28 11:15:00,2776.9,2811.1,2767.55,2775.0,7687
2022-02-28 12:15:00,2776.75,2829.0,2761.5,2813.9,12378
2022-02-28 13:15:00,2814.45,2814.45,2740.1,2758.45,7145
2022-02-28 14:15:00,2758.45,2807.5,2750.0,2796.15,12766
2022-02-28 15:15:00,2797.05,2827.55,2797.05,2806.7,8205
2022-03-02 09:15:00,2741.0,2840.0,2740.65,2838.1,19103
2022-03-02 10:15:00,2838.1,2838.1,2811.4,2811.45,5753
2022-03-02 11:15:00,2811.55,2823.0,2805.0,2811.5,4696
2022-03-02 12:15:00,2811.5,2823.0,2800.0,2822.2,7219
2022-03-02 13:15:00,2822.85,2823.0,2803.3,2818.0,5312
2022-03-02 14:15:00,2818.0,2823.0,2803.75,2812.7,8910
2022-03-02 15:15:00,2811.6,2820.0,2805.0,2810.0,4567
2022-03-03 09:15:00,2860.0,2866.35,2825.6,2851.0,14032
2022-03-03 10:15:00,2849.8,2854.65,2833.4,2842.8,6392
2022-03-03 11:15:00,2842.8,2843.8,2830.0,2835.0,6828
2022-03-03 12:15:00,2835.0,2837.1,2795.15,2804.85,7100
2022-03-03 13:15:00,2803.75,2803.75,2760.5,2769.5,9934
2022-03-03 14:15:00,2769.5,2795.0,2733.7,2747.55,14387
2022-03-03 15:15:00,2750.0,2764.95,2729.25,2745.35,5777
2022-03-04 09:15:00,2699.5,2785.0,2693.0,2746.75,16866
2022-03-04 10:15:00,2749.05,2749.05,2681.0,2681.0,15683
2022-03-04 11:15:00,2685.55,2690.0,2671.75,2680.95,15173
2022-03-04 12:15:00,2680.0,2710.0,2675.0,2705.25,8998
2022-03-04 13:15:00,2704.2,2744.0,2702.9,2720.0,11876
2022-03-04 14:15:00,2717.3,2724.4,2671.55,2675.1,9975
2022-03-04 15:15:00,2675.3,2690.0,2665.0,2677.0,4279
2022-03-07 09:15:00,2601.0,2741.4,2601.0,2715.0,27668
2022-03-07 10:15:00,2715.0,2730.0,2686.0,2725.25,14936
2022-03-07 11:15:00,2725.25,2733.0,2695.0,2712.9,7533
2022-03-07 12:15:00,2714.75,2769.95,2714.75,2762.7,9326
2022-03-07 13:15:00,2758.9,2799.0,2710.0,2730.7,22120
2022-03-07 14:15:00,2730.0,2796.0,2718.4,2794.7,21111
2022-03-07 15:15:00,2790.05,2795.9,2750.0,2782.45,5402
2022-03-08 09:15:00,2782.0,2819.75,2751.25,2798.15,24764
2022-03-08 10:15:00,2798.15,2802.3,2781.35,2794.65,8065
2022-03-08 11:15:00,2794.65,2799.95,2775.35,2794.2,5823
2022-03-08 12:15:00,2794.05,2801.0,2785.2,2791.0,5602
2022-03-08 13:15:00,2792.95,2825.0,2780.0,2820.0,12488
2022-03-08 14:15:00,2815.0,2818.8,2791.0,2793.55,12275
2022-03-08 15:15:00,2793.55,2799.85,2773.6,2790.95,6566
2022-03-09 09:15:00,2810.0,2870.0,2806.05,2822.95,22176
2022-03-09 10:15:00,2824.25,2839.95,2808.0,2809.85,8107
2022-03-09 11:15:00,2809.85,2814.45,2791.0,2805.15,5894
2022-03-09 12:15:00,2805.15,2840.0,2805.0,2838.5,6393
2022-03-09 13:15:00,2838.5,2848.85,2815.4,2845.0,8594
2022-03-09 14:15:00,2844.95,2859.25,2831.0,2840.05,15553
2022-03-09 15:15:00,2840.9,2850.0,2832.0,2841.85,4419
2022-03-10 09:15:00,2851.0,2907.95,2851.0,2896.95,30112
2022-03-10 10:15:00,2896.7,2905.0,2880.0,2889.3,12537
2022-03-10 11:15:00,2890.0,2900.0,2885.1,2892.1,8151
2022-03-10 12:15:00,2894.65,2899.9,2880.2,2894.95,7171
2022-03-10 13:15:00,2894.95,2900.0,2878.05,2892.2,10388
2022-03-10 14:15:00,2891.95,2900.0,2878.0,2891.9,13621
2022-03-10 15:15:00,2891.9,2892.2,2871.0,2875.0,4000
2022-03-11 09:15:00,2880.0,2979.95,2871.6,2939.25,39831
2022-03-11 10:15:00,2936.1,2953.0,2925.4,2949.95,12226
2022-03-11 11:15:00,2949.95,2953.55,2936.1,2947.5,7521
2022-03-11 12:15:00,2949.0,2949.25,2932.6,2937.4,7057
2022-03-11 13:15:00,2937.4,2940.0,2915.15,2939.55,8347
2022-03-11 14:15:00,2939.6,2940.0,2925.2,2935.1,11507
2022-03-11 15:15:00,2933.25,2938.95,2913.65,2929.85,6540
2022-03-14 09:15:00,2955.0,2985.0,2930.3,2964.0,22712
2022-03-14 10:15:00,2965.9,2974.25,2960.0,2969.9,11504
2022-03-14 11:15:00,2970.0,2973.0,2962.55,2970.0,9606
2022-03-14 12:15:00,2970.0,2980.0,2960.0,2972.75,7837
2022-03-14 13:15:00,2974.0,3049.0,2970.8,3042.95,51194
2022-03-14 14:15:00,3042.95,3056.0,2981.45,2991.1,33175
2022-03-14 15:15:00,2991.1,2996.0,2962.15,2985.4,10244
2022-03-15 09:15:00,3009.0,3061.0,2990.0,3047.0,27206
2022-03-15 10:15:00,3047.0,3073.0,3044.0,3065.15,17515
2022-03-15 11:15:00,3065.15,3096.2,3065.15,3095.0,18651
2022-03-15 12:15:00,3092.8,3145.0,3085.5,3090.0,57351
2022-03-15 13:15:00,3088.0,3114.0,3068.55,3109.25,24990
2022-03-15 14:15:00,3106.95,3114.0,3070.9,3080.0,24255
2022-03-15 15:15:00,3081.3,3093.0,3065.0,3079.7,7532
2022-03-16 09:15:00,3112.0,3159.95,3105.4,3119.05,22904
2022-03-16 10:15:00,3120.35,3145.0,3120.35,3143.0,7296
2022-03-16 11:15:00,3141.9,3149.75,3125.0,3134.3,7920
2022-03-16 12:15:00,3132.0,3133.85,3101.05,3112.9,8526
2022-03-16 13:15:00,3111.7,3117.45,3084.3,3109.25,10846
2022-03-16 14:15:00,3110.0,3113.8,3083.3,3089.95,9960
2022-03-16 15:15:00,3089.95,3099.65,3050.0,3086.0,7229
2022-03-17 09:15:00,3140.0,3140.0,3040.1,3068.0,24004
2022-03-17 10:15:00,3068.0,3096.7,3055.0,3055.85,11479
2022-03-17 11:15:00,3055.85,3065.0,3048.0,3057.4,8425
2022-03-17 12:15:00,3057.4,3064.0,3036.15,3036.8,6017
2022-03-17 13:15:00,3036.8,3051.85,3029.0,3034.6,10932
2022-03-17 14:15:00,3035.0,3108.45,3010.0,3102.75,212431
2022-03-17 15:15:00,3101.0,3101.0,2970.0,3062.45,254756
2022-03-21 09:15:00,3049.0,3072.45,3025.1,3059.5,18064
2022-03-21 10:15:00,3057.25,3074.0,3052.7,3063.8,8815
2022-03-21 11:15:00,3064.3,3070.0,3049.9,3058.55,4218
2022-03-21 12:15:00,3058.95,3062.45,3032.8,3053.75,7033
2022-03-21 13:15:00,3050.9,3068.0,3039.0,3045.0,6585
2022-03-21 14:15:00,3045.0,3069.65,3031.0,3040.0,10047
2022-03-21 15:15:00,3040.0,3040.0,3028.2,3038.2,3292
2022-03-22 09:15:00,3030.0,3074.0,3030.0,3045.35,9941
2022-03-22 10:15:00,3046.5,3050.0,3030.3,3042.05,8624
2022-03-22 11:15:00,3041.2,3051.0,3035.45,3038.65,2935
2022-03-22 12:15:00,3038.65,3046.25,3034.0,3035.0,3808
2022-03-22 13:15:00,3035.5,3044.1,3020.0,3035.15,5845
2022-03-22 14:15:00,3035.15,3059.0,3026.0,3032.9,29353
2022-03-22 15:15:00,3033.3,3036.0,2975.0,3029.8,5295
2022-03-23 09:15:00,3065.85,3065.85,3031.25,3040.0,7222
2022-03-23 10:15:00,3040.0,3048.0,3030.75,3035.25,5368
2022-03-23 11:15:00,3035.05,3040.5,3010.0,3011.95,2396
2022-03-23 12:15:00,3012.2,3018.55,2990.2,3000.0,6297
2022-03-23 13:15:00,3000.45,3005.0,2968.85,2987.15,8416
2022-03-23 14:15:00,2987.9,3042.8,2983.4,2983.5,8214
2022-03-23 15:15:00,2983.7,2994.95,2979.05,2988.8,3702
2022-03-24 09:15:00,2990.0,3045.0,2983.55,3001.05,12827
2022-03-24 10:15:00,3005.0,3009.35,2994.55,3006.15,2353
2022-03-24 11:15:00,3007.95,3015.25,2988.35,2991.7,3932
2022-03-24 12:15:00,2988.0,3003.0,2988.0,2998.95,1713
2022-03-24 13:15:00,3000.55,3004.4,2972.0,2995.0,6108
2022-03-24 14:15:00,2995.0,3039.85,2993.75,3010.3,14492
2022-03-24 15:15:00,3019.15,3035.0,3018.35,3023.05,5469
2022-03-25 09:15:00,3051.95,3115.0,3047.55,3078.5,31172
2022-03-25 10:15:00,3076.65,3078.45,3052.0,3057.6,7283
2022-03-25 11:15:00,3057.55,3061.6,3032.0,3043.65,6073
2022-03-25 12:15:00,3041.35,3055.05,3035.6,3039.6,3349
2022-03-25 13:15:00,3043.1,3062.6,3037.4,3061.15,5885
2022-03-25 14:15:00,3061.15,3078.0,3039.55,3045.25,15306
2022-03-25 15:15:00,3045.25,3051.45,3044.0,3046.9,5585
2022-03-28 09:15:00,3058.0,3078.2,3025.0,3026.05,12554
2022-03-28 10:15:00,3025.0,3048.0,3013.55,3039.3,5236
2022-03-28 11:15:00,3040.0,3046.1,3025.65,3038.9,1947
2022-03-28 12:15:00,3041.0,3043.55,3034.65,3038.4,1917
2022-03-28 13:15:00,3040.0,3049.95,3010.1,3049.5,3687
2022-03-28 14:15:00,3049.5,3054.25,3027.35,3030.0,4861
2022-03-28 15:15:00,3030.0,3039.0,3021.0,3039.0,3044
2022-03-29 09:15:00,3050.0,3078.6,3050.0,3053.15,7941
2022-03-29 10:15:00,3053.2,3069.0,3045.15,3049.0,5657
2022-03-29 11:15:00,3048.0,3056.35,3048.0,3052.2,4268
2022-03-29 12:15:00,3051.4,3055.0,3047.15,3047.25,3002
2022-03-29 13:15:00,3047.25,3065.0,3040.05,3063.45,5438
2022-03-29 14:15:00,3065.0,3119.8,3063.45,3082.9,33094
2022-03-29 15:15:00,3080.0,3093.45,3066.0,3078.45,5552
2022-03-30 09:15:00,3110.0,3248.0,3085.0,3218.75,73725
2022-03-30 10:15:00,3215.0,3233.0,3203.0,3232.35,20478
2022-03-30 11:15:00,3230.9,3246.0,3220.0,3236.2,42008
2022-03-30 12:15:00,3236.2,3325.0,3236.0,3316.0,117918
2022-03-30 13:15:00,3314.85,3320.0,3240.0,3244.0,85701
2022-03-30 14:15:00,3245.0,3289.0,3213.95,3220.95,66176
2022-03-30 15:15:00,3220.0,3254.0,3220.0,3235.8,16252
2022-03-31 09:15:00,3248.0,3355.55,3248.0,3327.05,57963
2022-03-31 10:15:00,3327.05,3350.0,3309.35,3348.7,33645
2022-03-31 11:15:00,3349.85,3349.85,3320.0,3324.45,15612
2022-03-31 12:15:00,3326.0,3338.0,3290.0,3299.9,13351
2022-03-31 13:15:00,3302.05,3305.7,3250.5,3275.0,13919
2022-03-31 14:15:00,3276.6,3334.95,3263.75,3320.55,35888
2022-03-31 15:15:00,3318.65,3340.3,3301.05,3321.8,16106
2022-04-01 09:15:00,3320.0,3370.0,3309.05,3324.65,31010
2022-04-01 10:15:00,3324.65,3334.95,3310.25,3324.5,10777
2022-04-01 11:15:00,3324.0,3330.0,3282.2,3296.65,9526
2022-04-01 12:15:00,3298.4,3310.35,3290.0,3299.75,7421
2022-04-01 13:15:00,3300.0,3320.0,3296.8,3319.9,4183
2022-04-01 14:15:00,3317.15,3338.0,3300.0,3313.8,13877
2022-04-01 15:15:00,3310.2,3321.0,3305.0,3313.7,6190
2022-04-04 09:15:00,3375.0,3413.1,3339.9,3376.35,33594
2022-04-04 10:15:00,3379.15,3385.0,3349.75,3354.95,10786
2022-04-04 11:15:00,3357.65,3363.95,3346.0,3359.8,7940
2022-04-04 12:15:00,3354.05,3362.95,3349.0,3352.05,4457
2022-04-04 13:15:00,3354.1,3362.7,3341.85,3355.25,5344
2022-04-04 14:15:00,3352.15,3360.0,3343.0,3354.35,8201
2022-04-04 15:15:00,3354.3,3355.0,3333.0,3346.6,6554
2022-04-05 09:15:00,3370.0,3395.0,3324.3,3329.3,28418
2022-04-05 10:15:00,3329.3,3330.0,3297.1,3304.25,13191
2022-04-05 11:15:00,3304.25,3307.4,3291.0,3302.35,10010
2022-04-05 12:15:00,3304.75,3315.0,3294.1,3295.45,7775
2022-04-05 13:15:00,3296.0,3314.8,3282.0,3300.0,9012
2022-04-05 14:15:00,3299.25,3306.0,3295.0,3300.15,9255
2022-04-05 15:15:00,3300.05,3303.35,3275.0,3290.5,12744
2022-04-06 09:15:00,3290.0,3345.0,3226.55,3235.05,38920
2022-04-06 10:15:00,3235.0,3280.55,3232.0,3249.55,13863
2022-04-06 11:15:00,3250.0,3268.8,3239.1,3242.3,9626
2022-04-06 12:15:00,3242.3,3250.0,3237.0,3245.85,3371
2022-04-06 13:15:00,3240.85,3244.55,3226.9,3236.15,5327
2022-04-06 14:15:00,3238.15,3249.0,3210.0,3218.15,21981
2022-04-06 15:15:00,3218.7,3220.0,3204.0,3217.3,7268
2022-04-07 09:15:00,3203.0,3245.0,3183.0,3212.7,18334
2022-04-07 10:15:00,3212.95,3212.95,3192.5,3198.95,5968
2022-04-07 11:15:00,3196.85,3205.0,3190.85,3198.95,3344
2022-04-07 12:15:00,3199.9,3203.85,3193.25,3196.9,2865
2022-04-07 13:15:00,3198.95,3206.0,3167.1,3197.2,10757
2022-04-07 14:15:00,3200.0,3200.0,3172.55,3172.55,14464
2022-04-07 15:15:00,3172.55,3200.0,3166.0,3177.3,4883
2022-04-08 09:15:00,3188.0,3238.0,3188.0,3200.0,12520
2022-04-08 10:15:00,3200.0,3215.0,3187.0,3206.7,5440
2022-04-08 11:15:00,3205.35,3213.05,3199.95,3209.75,3250
2022-04-08 12:15:00,3212.7,3212.95,3185.2,3194.05,4655
2022-04-08 13:15:00,3193.7,3198.4,3184.4,3188.45,5292
2022-04-08 14:15:00,3189.9,3197.8,3170.75,3187.0,6571
2022-04-08 15:15:00,3174.95,3190.75,3174.95,3185.05,3419
2022-04-11 09:15:00,3200.0,3230.95,3172.4,3189.8,17987
2022-04-11 10:15:00,3187.6,3196.8,3165.55,3181.7,7224
2022-04-11 11:15:00,3180.7,3190.0,3168.9,3180.0,6378
2022-04-11 12:15:00,3178.45,3185.0,3170.0,3170.9,6549
2022-04-11 13:15:00,3171.25,3180.0,3166.0,3180.0,5205
2022-04-11 14:15:00,3180.0,3195.65,3169.25,3171.0,9912
2022-04-11 15:15:00,3174.95,3190.0,3160.25,3172.95,4146
2022-04-12 09:15:00,3187.95,3187.95,3065.95,3100.0,21049
2022-04-12 10:15:00,3100.0,3108.95,3084.6,3104.9,4635
2022-04-12 11:15:00,3106.75,3124.75,3087.0,3093.0,5129
2022-04-12 12:15:00,3091.4,3100.25,3055.3,3058.6,7671
2022-04-12 13:15:00,3058.35,3081.25,3040.0,3063.8,14563
2022-04-12 14:15:00,3062.35,3070.0,3049.0,3058.65,10864
2022-04-12 15:15:00,3058.65,3060.0,3047.05,3053.25,6743
2022-04-13 09:15:00,3059.25,3125.0,3059.25,3080.0,17430
2022-04-13 10:15:00,3078.9,3084.6,3071.4,3072.9,4595
2022-04-13 11:15:00,3072.9,3081.7,3066.35,3070.0,3426
2022-04-13 12:15:00,3070.0,3074.65,3062.0,3066.05,3792
2022-04-13 13:15:00,3066.25,3093.1,3062.55,3080.35,4345
2022-04-13 14:15:00,3080.35,3082.9,3072.05,3075.0,7778
2022-04-13 15:15:00,3077.0,3084.25,3075.4,3079.35,2558
2022-04-18 09:15:00,2988.0,3019.8,2952.65,2961.25,22259
2022-04-18 10:15:00,2961.05,2961.05,2879.35,2890.7,27383
2022-04-18 11:15:00,2889.0,2908.85,2888.0,2892.4,10118
2022-04-18 12:15:00,2892.5,2898.75,2866.05,2892.5,10832
2022-04-18 13:15:00,2893.0,2909.0,2864.4,2880.3,13685
2022-04-18 14:15:00,2881.0,2939.0,2881.0,2908.05,21140
2022-04-18 15:15:00,2903.25,2909.0,2897.05,2904.05,5861
2022-04-19 09:15:00,3017.7,3017.7,2877.05,2881.9,26860
2022-04-19 10:15:00,2881.9,2885.0,2809.0,2817.95,23293
2022-04-19 11:15:00,2817.05,2835.0,2796.0,2832.85,26295
2022-04-19 12:15:00,2832.95,2864.45,2820.0,2825.0,13888
2022-04-19 13:15:00,2824.4,2839.15,2810.0,2833.0,10276
2022-04-19 14:15:00,2833.0,2837.95,2785.0,2818.7,22992
2022-04-19 15:15:00,2819.95,2828.3,2785.0,2810.5,9212
2022-04-20 09:15:00,2855.45,2898.0,2770.25,2860.0,76110
2022-04-20 10:15:00,2859.0,2883.0,2831.0,2840.0,16670
2022-04-20 11:15:00,2840.05,2843.9,2795.0,2814.95,12852
2022-04-20 12:15:00,2814.9,2814.9,2771.8,2777.7,10813
2022-04-20 13:15:00,2777.7,2811.5,2774.9,2804.05,24068
2022-04-20 14:15:00,2804.05,2804.8,2787.0,2793.4,16285
2022-04-20 15:15:00,2795.0,2802.35,2785.0,2793.65,10305
2022-04-21 09:15:00,2839.95,2872.8,2820.0,2833.95,30703
2022-04-21 10:15:00,2836.0,2837.5,2823.9,2824.2,11177
2022-04-21 11:15:00,2824.95,2836.75,2810.0,2825.0,14498
2022-04-21 12:15:00,2825.0,2832.8,2821.25,2826.05,3301
2022-04-21 13:15:00,2826.2,2832.8,2822.1,2826.1,6655
2022-04-21 14:15:00,2827.0,2835.0,2821.0,2832.2,17752
2022-04-21 15:15:00,2834.95,2835.0,2820.0,2826.6,4858
2022-04-22 09:15:00,2834.0,2960.0,2833.15,2944.75,64684
2022-04-22 10:15:00,2944.3,2950.35,2942.9,2949.3,15458
2022-04-22 11:15:00,2949.05,2950.3,2941.35,2942.95,14759
2022-04-22 12:15:00,2941.65,2943.95,2933.0,2940.05,11250
2022-04-22 13:15:00,2940.0,2941.0,2935.0,2939.95,7730
2022-04-22 14:15:00,2939.95,2949.5,2931.75,2948.1,19400
2022-04-22 15:15:00,2948.15,2952.4,2920.05,2941.7,10145
2022-04-25 09:15:00,2940.0,2941.0,2866.05,2921.75,21858
2022-04-25 10:15:00,2921.0,2923.1,2880.55,2889.05,6186
2022-04-25 11:15:00,2892.0,2901.3,2882.0,2882.0,3616
2022-04-25 12:15:00,2882.0,2893.8,2871.25,2892.85,3759
2022-04-25 13:15:00,2889.0,2902.6,2883.0,2897.3,3488
2022-04-25 14:15:00,2899.95,2901.45,2874.0,2885.65,6434
2022-04-25 15:15:00,2883.05,2908.05,2881.05,2890.85,2972
2022-04-26 09:15:00,2940.7,2954.95,2895.5,2912.0,12961
2022-04-26 10:15:00,2912.0,2913.45,2878.0,2883.05,9248
2022-04-26 11:15:00,2885.45,2885.45,2865.0,2875.15,6898
2022-04-26 12:15:00,2876.2,2879.0,2852.15,2856.95,5701
2022-04-26 13:15:00,2857.1,2880.0,2854.85,2870.6,5754
2022-04-26 14:15:00,2874.35,2878.95,2848.0,2850.25,9860
2022-04-26 15:15:00,2852.45,2880.0,2836.65,2845.45,7596
2022-04-27 09:15:00,2840.0,2875.0,2805.0,2805.6,12585
2022-04-27 10:15:00,2805.6,2809.95,2786.1,2796.55,8602
2022-04-27 11:15:00,2796.85,2797.0,2790.2,2795.75,3081
2022-04-27 12:15:00,2795.0,2798.65,2773.05,2777.5,5543
2022-04-27 13:15:00,2775.1,2800.0,2775.0,2799.95,11364
2022-04-27 14:15:00,2799.95,2802.25,2780.3,2790.0,8124
2022-04-27 15:15:00,2788.0,2796.85,2770.7,2785.1,4804
2022-04-28 09:15:00,2818.95,2892.0,2810.25,2868.55,23555
2022-04-28 10:15:00,2868.55,2872.9,2855.75,2858.1,7362
2022-04-28 11:15:00,2860.6,2865.0,2846.6,2851.55,3948
2022-04-28 12:15:00,2854.0,2860.05,2845.65,2850.45,2888
2022-04-28 13:15:00,2845.0,2851.25,2836.2,2849.4,3061
2022-04-28 14:15:00,2849.4,2854.75,2842.25,2849.1,8063
2022-04-28 15:15:00,2849.35,2850.0,2735.0,2834.25,5179
2022-04-29 09:15:00,2834.25,2871.1,2809.95,2817.8,9085
2022-04-29 10:15:00,2816.0,2833.25,2813.0,2825.35,3518
2022-04-29 11:15:00,2827.05,2830.8,2810.35,2817.95,2615
2022-04-29 12:15:00,2815.0,2824.0,2813.05,2824.0,1901
2022-04-29 13:15:00,2825.15,2835.75,2808.0,2809.8,4782
2022-04-29 14:15:00,2809.45,2866.0,2801.7,2806.65,12648
2022-04-29 15:15:00,2805.15,2814.95,2798.15,2813.25,4023
2022-05-02 09:15:00,2757.0,2808.95,2755.0,2795.3,14373
2022-05-02 10:15:00,2794.25,2843.85,2785.0,2816.6,8595
2022-05-02 11:15:00,2816.45,2843.0,2811.8,2838.0,6455
2022-05-02 12:15:00,2837.7,2906.95,2834.3,2887.7,14810
2022-05-02 13:15:00,2889.95,2902.0,2862.05,2863.55,23284
2022-05-02 14:15:00,2867.5,2876.55,2854.0,2862.05,5852
2022-05-02 15:15:00,2862.1,2866.0,2850.0,2861.75,3191
2022-05-04 09:15:00,2861.75,2906.0,2861.75,2886.15,13621
2022-05-04 10:15:00,2886.6,2888.0,2866.05,2873.85,6181
2022-05-04 11:15:00,2874.25,2875.0,2864.95,2872.05,3910
2022-05-04 12:15:00,2870.45,2875.0,2833.5,2875.0,6455
2022-05-04 13:15:00,2875.0,2875.0,2844.9,2852.95,6363
2022-05-04 14:15:00,2852.35,2869.0,2821.0,2869.0,5398
2022-05-04 15:15:00,2868.45,2868.45,2831.65,2848.45,1748
2022-05-05 09:15:00,2881.0,2885.0,2850.1,2870.0,6816
2022-05-05 10:15:00,2867.85,2875.0,2858.45,2870.0,3570
2022-05-05 11:15:00,2868.7,2870.0,2862.05,2862.05,1415
2022-05-05 12:15:00,2864.65,2865.7,2849.45,2856.5,13791
2022-05-05 13:15:00,2855.35,2865.0,2825.0,2832.9,7245
2022-05-05 14:15:00,2832.9,2837.25,2780.0,2785.1,8402
2022-05-05 15:15:00,2785.05,2797.0,2765.25,2788.25,5772
2022-05-06 09:15:00,2701.0,2731.85,2600.0,2632.0,77491
2022-05-06 10:15:00,2632.75,2661.6,2623.0,2623.0,11599
2022-05-06 11:15:00,2626.45,2659.6,2621.0,2630.95,10814
2022-05-06 12:15:00,2631.4,2666.8,2620.05,2660.9,9816
2022-05-06 13:15:00,2662.65,2728.0,2655.4,2719.0,17062
2022-05-06 14:15:00,2719.0,2865.05,2661.55,2810.1,33118
2022-05-06 15:15:00,2818.2,2847.7,2753.75,2785.25,13797
2022-05-09 09:15:00,2741.0,2749.55,2571.0,2635.7,75533
2022-05-09 10:15:00,2637.85,2648.0,2603.6,2614.7,13234
2022-05-09 11:15:00,2617.4,2635.0,2606.7,2612.1,10391
2022-05-09 12:15:00,2612.1,2635.0,2601.0,2622.4,11582
2022-05-09 13:15:00,2622.9,2625.0,2590.0,2619.85,15916
2022-05-09 14:15:00,2619.05,2645.0,2610.8,2611.1,25610
2022-05-09 15:15:00,2609.0,2616.75,2575.15,2607.25,11979
2022-05-10 09:15:00,2562.0,2598.45,2525.0,2559.0,54677
2022-05-10 10:15:00,2559.0,2560.0,2525.0,2547.7,16367
2022-05-10 11:15:00,2548.85,2556.0,2525.05,2551.2,9711
2022-05-10 12:15:00,2550.45,2551.2,2521.0,2538.1,10948
2022-05-10 13:15:00,2535.45,2541.05,2508.1,2530.0,12424
2022-05-10 14:15:00,2527.75,2579.0,2520.0,2530.85,16735
2022-05-10 15:15:00,2527.75,2537.0,2506.0,2525.3,5437
2022-05-11 09:15:00,2511.0,2538.1,2441.3,2455.05,50435
2022-05-11 10:15:00,2454.05,2467.05,2410.0,2425.45,20269
2022-05-11 11:15:00,2422.9,2435.0,2393.5,2419.5,21492
2022-05-11 12:15:00,2418.2,2418.25,2358.0,2359.95,17651
2022-05-11 13:15:00,2356.85,2375.0,2330.3,2348.0,30063
2022-05-11 14:15:00,2346.2,2451.0,2346.2,2438.8,32738
2022-05-11 15:15:00,2442.0,2442.0,2352.3,2403.05,14380
2022-05-12 09:15:00,2360.0,2435.9,2326.55,2419.75,24944
2022-05-12 10:15:00,2419.05,2488.85,2419.05,2482.0,30229
2022-05-12 11:15:00,2482.0,2488.85,2415.1,2435.5,16111
2022-05-12 12:15:00,2433.55,2455.0,2425.1,2439.65,6751
2022-05-12 13:15:00,2439.0,2460.0,2421.5,2423.45,10146
2022-05-12 14:15:00,2426.1,2460.0,2404.05,2454.95,22810
2022-05-12 15:15:00,2454.95,2468.8,2450.0,2452.95,6500
2022-05-13 09:15:00,2497.65,2537.95,2400.0,2409.7,27063
2022-05-13 10:15:00,2403.35,2443.15,2401.4,2424.45,10080
2022-05-13 11:15:00,2423.65,2431.0,2406.05,2430.15,9073
2022-05-13 12:15:00,2431.8,2450.05,2424.7,2440.25,9000
2022-05-13 13:15:00,2440.0,2453.75,2403.0,2412.45,12377
2022-05-13 14:15:00,2412.4,2448.4,2400.0,2407.6,17300
2022-05-13 15:15:00,2409.9,2419.35,2399.0,2406.9,6246
2022-05-16 09:15:00,2445.0,2445.0,2376.9,2381.1,11705
2022-05-16 10:15:00,2384.05,2390.0,2376.95,2389.0,5501
2022-05-16 11:15:00,2386.35,2390.0,2367.0,2375.05,8506
2022-05-16 12:15:00,2378.15,2382.75,2355.55,2358.95,4771
2022-05-16 13:15:00,2358.95,2390.0,2346.8,2385.0,18195
2022-05-16 14:15:00,2385.0,2400.0,2379.4,2385.0,12818
2022-05-16 15:15:00,2385.0,2385.0,2370.95,2380.05,2638
2022-05-17 09:15:00,2380.05,2418.45,2379.25,2390.0,8121
2022-05-17 10:15:00,2390.0,2410.0,2385.0,2397.7,8394
2022-05-17 11:15:00,2398.05,2406.0,2394.0,2400.85,4545
2022-05-17 12:15:00,2400.85,2410.0,2397.45,2402.9,3928
2022-05-17 13:15:00,2404.7,2447.85,2397.45,2444.55,8997
2022-05-17 14:15:00,2441.45,2450.0,2412.95,2433.0,10376
2022-05-17 15:15:00,2431.85,2435.0,2425.0,2433.75,4114
2022-05-18 09:15:00,2450.0,2629.25,2450.0,2627.4,67555
2022-05-18 10:15:00,2627.9,2645.0,2576.0,2584.5,65271
2022-05-18 11:15:00,2585.0,2593.05,2573.6,2584.75,12583
2022-05-18 12:15:00,2581.3,2582.25,2540.15,2564.6,19533
2022-05-18 13:15:00,2562.9,2585.65,2550.0,2555.0,9095
2022-05-18 14:15:00,2555.0,2579.95,2555.0,2567.5,12213
2022-05-18 15:15:00,2568.3,2588.4,2561.0,2572.3,9363
2022-05-19 09:15:00,2482.0,2509.95,2455.0,2487.4,18512
2022-05-19 10:15:00,2486.55,2493.65,2468.35,2472.4,6181
2022-05-19 11:15:00,2473.35,2481.05,2469.0,2479.85,5358
2022-05-19 12:15:00,2479.85,2492.0,2466.7,2485.0,7326
2022-05-19 13:15:00,2487.7,2504.85,2450.2,2483.5,12640
2022-05-19 14:15:00,2481.1,2481.1,2451.05,2461.85,9219
2022-05-19 15:15:00,2463.0,2498.0,2460.0,2466.35,3455
2022-05-20 09:15:00,2520.0,2531.4,2467.0,2481.45,11900
2022-05-20 10:15:00,2478.05,2499.0,2474.0,2492.05,4381
2022-05-20 11:15:00,2490.0,2496.95,2469.2,2476.3,3762
2022-05-20 12:15:00,2477.15,2494.75,2473.0,2488.55,4476
2022-05-20 13:15:00,2488.15,2535.05,2470.0,2533.3,9317
2022-05-20 14:15:00,2535.5,2572.0,2515.0,2566.95,17242
2022-05-20 15:15:00,2569.4,2569.85,2543.55,2561.0,4324
2022-05-23 09:15:00,2564.7,2584.8,2505.4,2529.8,10272
2022-05-23 10:15:00,2526.05,2528.45,2511.05,2515.55,4654
2022-05-23 11:15:00,2516.0,2522.5,2510.05,2516.1,3875
2022-05-23 12:15:00,2511.0,2519.15,2490.1,2506.4,6719
2022-05-23 13:15:00,2503.8,2506.0,2486.55,2495.2,5517
2022-05-23 14:15:00,2495.2,2504.1,2484.0,2484.0,5241
2022-05-23 15:15:00,2485.0,2486.0,2443.85,2478.4,5383
2022-05-24 09:15:00,2503.45,2526.1,2470.0,2480.15,11144
2022-05-24 10:15:00,2478.6,2499.9,2463.85,2484.9,4690
2022-05-24 11:15:00,2483.0,2497.0,2480.0,2482.85,3528
2022-05-24 12:15:00,2479.85,2486.3,2455.35,2466.65,4611
2022-05-24 13:15:00,2465.05,2470.0,2452.0,2468.45,3916
2022-05-24 14:15:00,2468.45,2522.0,2467.65,2479.5,17329
2022-05-24 15:15:00,2470.1,2483.8,2455.0,2481.7,4539
2022-05-25 09:15:00,2500.0,2508.65,2395.15,2400.0,17503
2022-05-25 10:15:00,2402.4,2402.4,2360.8,2380.0,10382
2022-05-25 11:15:00,2380.0,2382.95,2370.0,2377.7,4310
2022-05-25 12:15:00,2377.0,2380.0,2348.75,2372.0,15081
2022-05-25 13:15:00,2373.0,2400.0,2352.0,2400.0,8300
2022-05-25 14:15:00,2400.0,2417.9,2385.0,2404.05,14317
2022-05-25 15:15:00,2403.3,2403.3,2348.75,2376.0,6967
2022-05-26 09:15:00,2400.0,2421.0,2374.55,2393.95,14264
2022-05-26 10:15:00,2393.35,2398.7,2356.0,2370.3,10252
2022-05-26 11:15:00,2374.75,2381.85,2368.3,2374.45,5460
2022-05-26 12:15:00,2374.45,2389.9,2371.0,2380.1,7481
2022-05-26 13:15:00,2380.5,2398.65,2375.0,2388.7,7953
2022-05-26 14:15:00,2390.0,2435.0,2379.0,2433.2,14162
2022-05-26 15:15:00,2434.7,2444.0,2375.0,2410.75,5056
2022-05-27 09:15:00,2449.0,2496.0,2411.55,2472.0,23495
2022-05-27 10:15:00,2476.0,2489.7,2446.0,2456.4,8726
2022-05-27 11:15:00,2458.0,2464.0,2446.0,2450.0,5414
2022-05-27 12:15:00,2447.3,2459.8,2446.0,2449.95,4421
2022-05-27 13:15:00,2450.0,2456.95,2438.1,2450.45,9229
2022-05-27 14:15:00,2447.55,2464.65,2439.15,2449.1,8218
2022-05-27 15:15:00,2450.0,2450.0,2430.6,2447.95,3718
2022-05-30 09:15:00,2468.0,2528.7,2468.0,2525.05,18890
2022-05-30 10:15:00,2526.75,2530.0,2507.05,2518.4,6385
2022-05-30 11:15:00,2522.0,2548.0,2510.0,2519.1,13104
2022-05-30 12:15:00,2518.4,2519.95,2500.0,2506.25,4009
2022-05-30 13:15:00,2506.35,2514.7,2476.8,2489.4,8716
2022-05-30 14:15:00,2488.0,2509.9,2482.0,2500.0,4819
2022-05-30 15:15:00,2499.95,2501.75,2490.0,2496.55,3909
2022-05-31 09:15:00,2497.0,2521.95,2450.0,2496.8,13684
2022-05-31 10:15:00,2499.0,2560.0,2496.5,2546.5,22717
2022-05-31 11:15:00,2546.5,2553.95,2535.0,2551.45,13263
2022-05-31 12:15:00,2551.0,2553.35,2546.45,2547.6,4095
2022-05-31 13:15:00,2549.95,2570.25,2546.45,2553.85,8695
2022-05-31 14:15:00,2554.15,2688.85,2546.45,2679.85,44739
2022-05-31 15:15:00,2681.0,2690.0,2635.85,2663.0,35869
2022-06-01 09:15:00,2663.0,2690.75,2627.05,2647.5,29066
2022-06-01 10:15:00,2647.5,2687.0,2646.0,2680.0,8865
2022-06-01 11:15:00,2679.5,2820.0,2678.5,2770.1,35392
2022-06-01 12:15:00,2770.05,2784.0,2723.0,2723.0,11068
2022-06-01 13:15:00,2722.8,2763.1,2715.7,2720.0,11548
2022-06-01 14:15:00,2722.45,2725.3,2679.3,2709.5,12799
2022-06-01 15:15:00,2708.45,2709.9,2689.8,2703.1,4886
2022-06-02 09:15:00,2703.0,2723.0,2652.15,2694.45,10234
2022-06-02 10:15:00,2698.95,2700.7,2681.1,2684.05,4892
2022-06-02 11:15:00,2684.4,2707.0,2681.0,2690.95,6151
2022-06-02 12:15:00,2690.9,2698.7,2682.0,2686.85,2741
2022-06-02 13:15:00,2686.05,2694.0,2681.0,2691.95,2894
2022-06-02 14:15:00,2691.95,2704.55,2688.3,2691.55,7579
2022-06-02 15:15:00,2693.9,2703.2,2680.0,2699.6,53364
2022-06-03 09:15:00,2736.05,2774.95,2734.05,2745.0,13939
2022-06-03 10:15:00,2745.0,2745.0,2706.0,2719.55,4853
2022-06-03 11:15:00,2719.55,2723.15,2715.0,2716.9,1338
2022-06-03 12:15:00,2715.95,2715.95,2640.0,2642.4,10576
2022-06-03 13:15:00,2642.4,2667.0,2635.0,2654.75,8385
2022-06-03 14:15:00,2651.4,2651.6,2613.3,2630.85,10024
2022-06-03 15:15:00,2633.45,2645.0,2613.0,2627.6,4283
2022-06-06 09:15:00,2600.0,2623.85,2572.0,2577.05,6824
2022-06-06 10:15:00,2579.45,2594.0,2561.25,2566.55,4049
2022-06-06 11:15:00,2565.0,2584.9,2558.0,2584.8,2995
2022-06-06 12:15:00,2581.85,2593.2,2576.0,2583.6,1375
2022-06-06 13:15:00,2584.1,2615.0,2579.7,2599.65,6526
2022-06-06 14:15:00,2599.9,2599.9,2583.25,2593.95,2010
2022-06-06 15:15:00,2593.0,2604.0,2583.05,2591.55,2095
2022-06-07 09:15:00,2580.0,2696.3,2558.45,2595.8,34748
2022-06-07 10:15:00,2591.65,2610.0,2560.0,2560.15,10066
2022-06-07 11:15:00,2560.1,2562.95,2553.0,2559.0,8311
2022-06-07 12:15:00,2558.45,2640.0,2554.0,2627.5,18112
2022-06-07 13:15:00,2628.0,2680.0,2620.0,2632.9,15655
2022-06-07 14:15:00,2635.0,2637.9,2565.0,2587.35,16131
2022-06-07 15:15:00,2588.8,2595.1,2558.0,2579.55,5833
2022-06-08 09:15:00,2605.15,2609.0,2568.0,2593.55,8775
2022-06-08 10:15:00,2593.55,2618.4,2593.55,2595.5,4094
2022-06-08 11:15:00,2601.45,2601.45,2581.0,2584.95,2491
2022-06-08 12:15:00,2587.4,2598.55,2576.1,2577.85,1967
2022-06-08 13:15:00,2576.0,2600.0,2575.95,2579.25,3275
2022-06-08 14:15:00,2579.3,2602.0,2569.0,2594.7,3569
2022-06-08 15:15:00,2597.95,2625.0,2597.9,2603.7,2514
2022-06-09 09:15:00,2571.0,2606.7,2571.0,2593.05,4658
2022-06-09 10:15:00,2595.0,2608.0,2591.8,2600.25,1664
2022-06-09 11:15:00,2602.35,2605.0,2595.25,2604.95,952
2022-06-09 12:15:00,2600.0,2604.95,2583.8,2584.05,3124
2022-06-09 13:15:00,2584.2,2606.0,2584.0,2600.95,3684
2022-06-09 14:15:00,2598.5,2628.05,2596.1,2623.8,3730
2022-06-09 15:15:00,2623.5,2650.0,2601.6,2619.9,3240
2022-06-10 09:15:00,2599.0,2610.05,2574.55,2592.9,4960
2022-06-10 10:15:00,2591.25,2608.8,2591.25,2602.65,1888
2022-06-10 11:15:00,2600.5,2604.35,2592.0,2599.2,959
2022-06-10 12:15:00,2596.25,2600.6,2585.0,2585.1,2501
2022-06-10 13:15:00,2587.65,2596.4,2576.4,2585.5,2811
2022-06-10 14:15:00,2587.2,2605.0,2582.4,2595.8,4329
2022-06-10 15:15:00,2594.95,2600.95,2586.05,2596.6,2331
2022-06-13 09:15:00,2530.0,2565.1,2503.0,2545.4,9521
2022-06-13 10:15:00,2545.0,2547.4,2505.0,2514.7,4850
2022-06-13 11:15:00,2514.8,2516.0,2495.05,2499.2,4122
2022-06-13 12:15:00,2498.0,2499.9,2479.0,2485.3,4110
2022-06-13 13:15:00,2485.3,2485.3,2447.15,2469.7,7100
2022-06-13 14:15:00,2468.95,2474.75,2425.0,2440.0,9646
2022-06-13 15:15:00,2440.0,2445.25,2426.1,2437.05,4116
2022-06-14 09:15:00,2405.0,2434.0,2355.0,2389.25,18215
2022-06-14 10:15:00,2390.2,2418.6,2366.45,2370.0,9622
2022-06-14 11:15:00,2370.0,2386.35,2336.0,2344.65,19282
2022-06-14 12:15:00,2344.0,2348.2,2305.55,2329.35,28198
2022-06-14 13:15:00,2332.0,2345.0,2306.4,2319.55,15956
2022-06-14 14:15:00,2320.85,2333.75,2305.5,2309.3,12382
2022-06-14 15:15:00,2309.3,2312.55,2300.0,2308.55,11533
2022-06-15 09:15:00,2354.0,2354.0,2268.0,2274.35,18369
2022-06-15 10:15:00,2275.5,2278.75,2255.1,2271.1,17027
2022-06-15 11:15:00,2271.15,2274.4,2236.0,2238.8,19570
2022-06-15 12:15:00,2237.0,2238.8,2201.0,2204.65,30752
2022-06-15 13:15:00,2202.75,2205.0,2130.0,2144.0,140980
2022-06-15 14:15:00,2142.6,2168.4,2135.0,2149.0,89356
2022-06-15 15:15:00,2150.0,2150.0,2133.5,2145.65,23830
2022-06-16 09:15:00,2204.0,2217.9,2087.9,2139.4,83373
2022-06-16 10:15:00,2135.2,2138.55,2094.9,2095.0,22538
2022-06-16 11:15:00,2095.0,2120.0,2079.0,2097.15,34236
2022-06-16 12:15:00,2097.65,2100.0,2023.3,2031.85,44789
2022-06-16 13:15:00,2031.8,2049.1,1981.05,2026.95,70804
2022-06-16 14:15:00,2025.0,2028.25,1989.85,2004.9,48143
2022-06-16 15:15:00,2005.0,2008.95,1990.0,2001.65,18446
2022-06-17 09:15:00,2010.0,2010.0,1956.85,1981.5,54446
2022-06-17 10:15:00,1981.5,1999.0,1967.0,1986.25,12326
2022-06-17 11:15:00,1986.25,1992.0,1960.45,1968.75,10955
2022-06-17 12:15:00,1968.75,1997.5,1965.15,1988.9,15675
2022-06-17 13:15:00,1988.9,2042.3,1983.55,1992.6,37718
2022-06-17 14:15:00,1993.05,1996.6,1970.0,1977.25,17183
2022-06-17 15:15:00,1976.35,1990.45,1962.0,1974.15,8666
2022-06-20 09:15:00,1951.0,1990.0,1856.75,1878.1,67803
2022-06-20 10:15:00,1878.0,1883.75,1851.45,1864.0,17474
2022-06-20 11:15:00,1862.5,1875.0,1850.7,1870.0,12732
2022-06-20 12:15:00,1867.45,1899.7,1866.55,1872.4,19775
2022-06-20 13:15:00,1873.45,1878.95,1859.05,1867.0,9117
2022-06-20 14:15:00,1869.25,1915.95,1867.95,1905.4,30306
2022-06-20 15:15:00,1905.45,1925.0,1900.0,1907.3,9845
2022-06-21 09:15:00,1921.0,1988.0,1921.0,1972.65,30730
2022-06-21 10:15:00,1972.15,1979.9,1942.0,1953.0,11072
2022-06-21 11:15:00,1955.1,1967.95,1950.0,1951.4,9867
2022-06-21 12:15:00,1952.55,2028.9,1941.9,1952.65,47788
2022-06-21 13:15:00,1952.5,1969.55,1950.0,1965.0,20175
2022-06-21 14:15:00,1965.25,1967.1,1939.0,1957.55,14484
2022-06-21 15:15:00,1959.8,1965.0,1953.3,1957.2,8142
2022-06-22 09:15:00,1957.2,1987.0,1918.75,1972.0,25189
2022-06-22 10:15:00,1972.0,2017.25,1972.0,2003.0,21036
2022-06-22 11:15:00,2003.6,2004.0,1978.55,1990.9,8996
2022-06-22 12:15:00,1990.2,1998.95,1975.0,1988.4,5391
2022-06-22 13:15:00,1988.4,2011.35,1986.35,2003.7,20314
2022-06-22 14:15:00,2002.25,2004.7,1979.35,1984.2,18261
2022-06-22 15:15:00,1981.55,1997.0,1978.35,1987.65,6642
2022-06-23 09:15:00,2003.05,2031.15,1988.7,2029.25,20608
2022-06-23 10:15:00,2026.9,2038.15,2025.95,2031.0,8860
2022-06-23 11:15:00,2031.0,2041.25,1995.05,2005.95,10755
2022-06-23 12:15:00,2005.95,2008.0,1992.0,1998.75,9024
2022-06-23 13:15:00,1998.15,2041.25,1995.0,2035.0,11720
2022-06-23 14:15:00,2035.75,2087.25,2035.75,2063.55,28685
2022-06-23 15:15:00,2063.55,2075.0,2040.0,2065.95,9661
2022-06-24 09:15:00,2105.0,2110.0,2009.1,2041.0,22331
2022-06-24 10:15:00,2042.2,2043.0,2020.0,2025.0,7247
2022-06-24 11:15:00,2026.9,2035.2,2001.0,2011.15,11534
2022-06-24 12:15:00,2010.0,2026.0,2005.0,2019.6,4248
2022-06-24 13:15:00,2020.05,2047.75,2020.05,2037.95,7787
2022-06-24 14:15:00,2040.35,2055.6,2020.25,2053.9,14340
2022-06-24 15:15:00,2052.9,2053.95,2035.0,2047.25,5341
2022-06-27 09:15:00,2069.5,2101.25,2062.7,2091.5,33110
2022-06-27 10:15:00,2091.0,2094.95,2078.45,2080.25,6864
2022-06-27 11:15:00,2078.55,2085.35,2076.2,2082.9,1940
2022-06-27 12:15:00,2082.5,2088.95,2080.6,2087.25,3927
2022-06-27 13:15:00,2087.25,2101.25,2084.3,2096.0,17551
2022-06-27 14:15:00,2096.0,2128.0,2092.1,2106.0,20246
2022-06-27 15:15:00,2106.0,2106.9,2101.25,2105.7,3693
2022-06-28 09:15:00,2080.1,2113.25,2080.1,2101.55,10899
2022-06-28 10:15:00,2101.55,2117.25,2100.75,2115.8,4764
2022-06-28 11:15:00,2115.0,2125.25,2113.55,2120.35,14294
2022-06-28 12:15:00,2122.0,2125.0,2115.0,2115.6,4779
2022-06-28 13:15:00,2118.0,2120.0,2115.25,2119.0,3664
2022-06-28 14:15:00,2119.0,2131.25,2115.0,2129.55,8388
2022-06-28 15:15:00,2129.75,2129.75,2121.0,2126.4,3458
2022-06-29 09:15:00,2075.0,2106.45,2075.0,2089.7,12919
2022-06-29 10:15:00,2088.0,2107.0,2086.5,2102.0,8328
2022-06-29 11:15:00,2102.0,2102.0,2095.0,2097.3,3672
2022-06-29 12:15:00,2097.3,2107.0,2096.25,2106.0,7595
2022-06-29 13:15:00,2105.0,2105.75,2091.0,2100.0,4164
2022-06-29 14:15:00,2100.0,2101.0,2080.0,2081.45,5279
2022-06-29 15:15:00,2081.6,2082.4,2070.0,2079.3,3744
2022-06-30 09:15:00,2089.75,2107.0,2080.0,2080.05,11696
2022-06-30 10:15:00,2081.45,2081.45,2067.2,2076.3,4803
2022-06-30 11:15:00,2076.9,2103.0,2075.0,2087.0,4922
2022-06-30 12:15:00,2087.0,2105.8,2087.0,2105.05,4057
2022-06-30 13:15:00,2105.8,2148.0,2095.0,2144.0,8579
2022-06-30 14:15:00,2145.95,2158.95,2112.0,2143.95,28905
2022-06-30 15:15:00,2145.5,2149.5,2141.65,2145.0,8482
2022-07-01 09:15:00,2130.0,2133.05,2090.0,2097.25,11185
2022-07-01 10:15:00,2098.0,2114.05,2097.0,2102.15,2510
2022-07-01 11:15:00,2103.75,2115.15,2098.65,2109.25,2751
2022-07-01 12:15:00,2111.2,2115.35,2100.1,2111.15,1952
2022-07-01 13:15:00,2111.55,2113.75,2104.15,2105.5,1052
2022-07-01 14:15:00,2103.4,2107.65,2089.0,2091.0,5290
2022-07-01 15:15:00,2091.0,2095.95,2081.3,2091.55,3165
2022-07-04 09:15:00,2079.8,2106.65,2062.45,2090.0,11304
2022-07-04 10:15:00,2091.0,2106.0,2086.0,2104.0,13309
2022-07-04 11:15:00,2104.95,2124.0,2101.05,2116.35,3471
2022-07-04 12:15:00,2114.2,2116.25,2105.05,2108.55,2728
2022-07-04 13:15:00,2106.65,2115.1,2103.6,2113.9,2526
2022-07-04 14:15:00,2113.9,2120.0,2109.4,2113.25,3374
2022-07-04 15:15:00,2113.25,2114.0,2105.0,2110.4,2360
2022-07-05 09:15:00,2110.4,2149.0,2100.0,2125.75,10127
2022-07-05 10:15:00,2123.4,2127.0,2105.0,2109.75,4575
2022-07-05 11:15:00,2109.75,2114.2,2104.7,2108.9,3205
2022-07-05 12:15:00,2109.75,2109.75,2095.1,2106.0,2990
2022-07-05 13:15:00,2105.9,2106.0,2095.0,2098.45,4070
2022-07-05 14:15:00,2095.2,2097.45,2086.0,2092.4,4484
2022-07-05 15:15:00,2090.85,2095.0,2067.0,2086.5,3696
2022-07-06 09:15:00,2070.0,2087.95,2041.1,2062.95,13600
2022-07-06 10:15:00,2062.95,2077.4,2061.85,2071.0,4578
2022-07-06 11:15:00,2071.0,2074.45,2062.05,2064.65,1594
2022-07-06 12:15:00,2062.45,2082.8,2062.2,2081.45,3249
2022-07-06 13:15:00,2082.35,2082.8,2069.3,2080.1,3181
2022-07-06 14:15:00,2080.05,2108.0,2070.0,2076.15,7371
2022-07-06 15:15:00,2078.35,2084.0,2071.15,2078.8,3261
2022-07-07 09:15:00,2100.0,2124.75,2099.85,2110.0,7892
2022-07-07 10:15:00,2110.0,2111.0,2099.25,2101.35,3273
2022-07-07 11:15:00,2103.65,2116.7,2101.05,2114.7,2806
2022-07-07 12:15:00,2113.05,2119.9,2110.65,2112.05,2653
2022-07-07 13:15:00,2112.05,2128.15,2110.0,2119.25,5397
2022-07-07 14:15:00,2116.95,2158.8,2112.05,2145.4,9544
2022-07-07 15:15:00,2146.95,2148.95,2133.0,2142.0,4090
2022-07-08 09:15:00,2155.0,2160.3,2106.05,2126.2,7751
2022-07-08 10:15:00,2126.2,2140.55,2121.3,2124.5,3683
2022-07-08 11:15:00,2124.0,2135.0,2122.0,2131.55,6481
2022-07-08 12:15:00,2133.8,2133.8,2120.0,2130.85,1934
2022-07-08 13:15:00,2132.05,2136.95,2129.85,2134.15,1640
2022-07-08 14:15:00,2134.1,2152.0,2129.85,2149.3,5431
2022-07-08 15:15:00,2149.0,2158.0,2131.45,2146.65,3182
2022-07-11 09:15:00,2111.3,2124.9,2025.05,2038.55,41328
2022-07-11 10:15:00,2036.25,2124.5,2036.25,2119.95,31440
2022-07-11 11:15:00,2118.55,2134.4,2108.0,2121.8,9499
2022-07-11 12:15:00,2123.0,2125.3,2120.0,2121.85,1427
2022-07-11 13:15:00,2123.75,2138.95,2109.8,2120.95,20571
2022-07-11 14:15:00,2120.9,2120.95,2100.0,2110.0,11378
2022-07-11 15:15:00,2107.55,2110.35,2091.05,2103.3,5475
2022-07-12 09:15:00,2096.0,2110.55,2063.0,2099.0,11225
2022-07-12 10:15:00,2099.35,2100.65,2095.0,2100.5,4987
2022-07-12 11:15:00,2100.3,2100.3,2090.0,2099.45,3030
2022-07-12 12:15:00,2095.2,2097.75,2085.0,2085.05,4433
2022-07-12 13:15:00,2085.0,2087.65,2075.0,2077.0,5977
2022-07-12 14:15:00,2077.8,2080.0,2062.2,2063.95,4956
2022-07-12 15:15:00,2060.0,2066.6,2050.0,2062.9,5285
2022-07-13 09:15:00,2089.95,2089.95,2056.0,2058.0,13062
2022-07-13 10:15:00,2059.0,2062.0,2045.0,2050.0,9931
2022-07-13 11:15:00,2049.8,2049.95,2035.1,2040.0,7034
2022-07-13 12:15:00,2038.0,2043.55,2035.1,2037.95,2738
2022-07-13 13:15:00,2038.95,2040.0,2025.35,2036.25,4189
2022-07-13 14:15:00,2036.95,2040.0,2028.5,2030.0,4585
2022-07-13 15:15:00,2028.5,2036.65,2028.0,2031.7,3787
2022-07-14 09:15:00,2050.0,2051.45,1990.05,1998.6,17906
2022-07-14 10:15:00,1998.65,2001.45,1985.1,1989.4,8454
2022-07-14 11:15:00,1990.0,1990.0,1959.0,1960.1,10602
2022-07-14 12:15:00,1960.1,1975.15,1959.0,1969.0,5280
2022-07-14 13:15:00,1968.6,1968.6,1942.0,1943.9,11726
2022-07-14 14:15:00,1943.9,1971.9,1943.0,1963.0,13226
2022-07-14 15:15:00,1963.0,1968.0,1952.15,1960.8,6929
2022-07-15 09:15:00,1964.0,1978.8,1947.7,1975.2,10213
2022-07-15 10:15:00,1975.2,1975.4,1956.0,1957.4,4818
2022-07-15 11:15:00,1959.35,1969.95,1959.35,1967.75,1344
2022-07-15 12:15:00,1969.25,1970.8,1960.0,1960.25,3286
2022-07-15 13:15:00,1962.3,1970.85,1960.25,1967.85,2796
2022-07-15 14:15:00,1969.35,1974.65,1965.0,1966.7,5256
2022-07-15 15:15:00,1966.4,1970.25,1955.0,1965.7,4125
2022-07-18 09:15:00,1978.0,2001.0,1970.6,1994.15,20210
2022-07-18 10:15:00,1995.55,1997.95,1984.15,1990.0,14569
2022-07-18 11:15:00,1987.7,1991.1,1984.0,1985.0,4814
2022-07-18 12:15:00,1985.0,1987.35,1974.25,1975.0,6814
2022-07-18 13:15:00,1976.0,1978.0,1971.0,1975.0,5964
2022-07-18 14:15:00,1976.35,1977.0,1959.0,1967.5,8701
2022-07-18 15:15:00,1967.5,1977.0,1962.05,1969.95,6006
2022-07-19 09:15:00,1979.6,2021.7,1971.1,1994.05,48653
2022-07-19 10:15:00,1994.95,1999.0,1986.0,1990.0,12199
2022-07-19 11:15:00,1989.95,1996.35,1984.6,1990.0,7614
2022-07-19 12:15:00,1988.0,1993.45,1985.0,1985.25,4659
2022-07-19 13:15:00,1986.9,1988.0,1972.55,1973.8,7662
2022-07-19 14:15:00,1973.9,2015.0,1968.05,2008.0,49421
2022-07-19 15:15:00,2006.4,2010.85,1994.05,2007.65,7873
2022-07-20 09:15:00,2044.0,2094.0,2026.8,2030.9,48858
2022-07-20 10:15:00,2031.05,2052.0,2027.3,2050.0,13368
2022-07-20 11:15:00,2050.0,2063.0,2031.85,2045.0,18726
2022-07-20 12:15:00,2045.0,2090.0,2045.0,2070.75,25191
2022-07-20 13:15:00,2070.75,2073.0,2052.65,2064.1,18426
2022-07-20 14:15:00,2065.2,2087.0,2056.0,2070.75,24635
2022-07-20 15:15:00,2070.8,2086.0,2070.0,2080.25,8245
2022-07-21 09:15:00,2034.65,2087.55,2029.95,2052.0,88759
2022-07-21 10:15:00,2052.0,2079.0,2047.0,2059.65,47949
2022-07-21 11:15:00,2059.65,2060.0,2050.4,2052.85,10233
2022-07-21 12:15:00,2052.85,2055.0,2039.0,2040.6,20771
2022-07-21 13:15:00,2043.2,2043.55,2025.15,2030.15,31224
2022-07-21 14:15:00,2030.2,2075.0,2028.35,2054.05,44021
2022-07-21 15:15:00,2054.9,2061.5,2050.15,2053.7,13948
2022-07-22 09:15:00,2071.0,2088.0,2055.0,2057.05,29117
2022-07-22 10:15:00,2059.55,2061.0,2044.5,2049.95,9616
2022-07-22 11:15:00,2049.95,2051.85,2035.0,2045.95,8704
2022-07-22 12:15:00,2046.85,2049.35,2031.45,2048.9,8133
2022-07-22 13:15:00,2049.3,2050.75,2037.1,2043.95,11001
2022-07-22 14:15:00,2041.9,2045.0,2030.15,2033.05,10242
2022-07-22 15:15:00,2033.0,2034.7,2025.0,2031.45,6436
2022-07-25 09:15:00,2049.75,2059.0,2030.05,2042.9,18253
2022-07-25 10:15:00,2043.0,2050.5,2039.5,2046.0,8614
2022-07-25 11:15:00,2047.1,2054.25,2043.6,2044.05,24988
2022-07-25 12:15:00,2044.55,2052.7,2024.45,2052.7,7405
2022-07-25 13:15:00,2050.85,2057.0,2026.85,2050.15,24060
2022-07-25 14:15:00,2050.2,2065.0,2047.05,2052.85,12536
2022-07-25 15:15:00,2052.85,2057.35,2047.6,2054.0,4600
2022-07-26 09:15:00,2054.0,2086.45,2042.6,2075.3,22005
2022-07-26 10:15:00,2075.0,2076.25,2060.8,2063.35,6333
2022-07-26 11:15:00,2065.0,2067.0,2055.65,2063.65,8579
2022-07-26 12:15:00,2062.5,2082.0,2062.5,2078.0,14851
2022-07-26 13:15:00,2078.0,2081.0,2040.05,2044.8,8803
2022-07-26 14:15:00,2043.55,2045.0,2025.0,2032.0,9565
2022-07-26 15:15:00,2032.0,2032.0,1996.05,2020.55,9470
2022-07-27 09:15:00,2003.0,2044.9,2003.0,2034.3,15999
2022-07-27 10:15:00,2034.3,2041.65,2025.55,2038.2,9980
2022-07-27 11:15:00,2040.0,2048.8,2038.55,2043.25,6576
2022-07-27 12:15:00,2042.1,2046.0,2038.0,2041.0,8067
2022-07-27 13:15:00,2041.0,2060.75,2039.9,2048.95,15098
2022-07-27 14:15:00,2050.35,2108.8,2048.35,2096.5,57985
2022-07-27 15:15:00,2096.5,2100.0,2080.0,2090.15,14137
2022-07-28 09:15:00,2104.95,2116.0,2098.15,2108.45,24537
2022-07-28 10:15:00,2109.0,2110.5,2105.55,2107.3,7958
2022-07-28 11:15:00,2108.05,2109.7,2100.35,2108.0,5645
2022-07-28 12:15:00,2108.0,2111.5,2106.1,2108.45,7204
2022-07-28 13:15:00,2108.0,2114.35,2102.7,2102.7,7612
2022-07-28 14:15:00,2102.5,2113.05,2102.05,2103.05,9862
2022-07-28 15:15:00,2102.6,2104.5,2085.1,2098.8,6484
2022-07-29 09:15:00,2114.0,2129.0,2100.05,2114.0,22699
2022-07-29 10:15:00,2114.0,2114.9,2099.8,2107.3,11375
2022-07-29 11:15:00,2107.0,2113.35,2101.5,2107.2,7671
2022-07-29 12:15:00,2107.2,2110.6,2101.0,2105.35,4662
2022-07-29 13:15:00,2105.35,2109.6,2100.65,2103.15,5001
2022-07-29 14:15:00,2103.15,2108.9,2095.0,2106.1,7817
2022-07-29 15:15:00,2106.1,2106.85,2093.0,2100.95,4938
2022-08-01 09:15:00,2118.0,2141.0,2085.0,2135.8,594786
2022-08-01 10:15:00,2136.9,2202.6,2133.9,2184.0,80264
2022-08-01 11:15:00,2183.05,2186.65,2152.15,2164.1,28500
2022-08-01 12:15:00,2163.35,2163.35,2136.1,2145.7,19410
2022-08-01 13:15:00,2145.7,2161.0,2145.3,2151.4,13752
2022-08-01 14:15:00,2151.95,2198.0,2150.0,2190.0,45005
2022-08-01 15:15:00,2188.55,2195.25,2174.0,2185.3,18421
2022-08-02 09:15:00,2185.3,2185.3,2135.0,2141.0,45379
2022-08-02 10:15:00,2142.4,2150.0,2132.0,2138.0,14189
2022-08-02 11:15:00,2136.8,2145.9,2132.05,2138.85,12256
2022-08-02 12:15:00,2136.3,2142.35,2115.35,2117.95,16719
2022-08-02 13:15:00,2118.9,2129.0,2116.0,2124.9,12906
2022-08-02 14:15:00,2124.15,2136.9,2122.0,2126.3,18566
2022-08-02 15:15:00,2125.65,2135.0,2124.05,2128.55,10240
2022-08-03 09:15:00,2140.55,2150.3,2101.05,2111.0,21780
2022-08-03 10:15:00,2112.0,2112.0,2090.0,2094.1,12243
2022-08-03 11:15:00,2093.5,2096.05,2082.0,2083.0,108717
2022-08-03 12:15:00,2083.95,2095.0,2081.0,2085.0,8153
2022-08-03 13:15:00,2085.1,2088.25,2081.0,2082.75,7985
2022-08-03 14:15:00,2082.5,2099.55,2082.3,2098.95,18107
2022-08-03 15:15:00,2098.05,2099.95,2088.9,2094.2,8809
2022-08-04 09:15:00,2115.0,2134.0,2082.0,2085.0,35175
2022-08-04 10:15:00,2085.0,2107.1,2070.0,2091.65,33114
2022-08-04 11:15:00,2093.85,2095.85,2053.25,2055.8,73642
2022-08-04 12:15:00,2057.5,2063.0,2043.55,2056.3,16603
2022-08-04 13:15:00,2056.15,2063.45,2056.0,2059.8,9186
2022-08-04 14:15:00,2060.6,2077.25,2057.55,2070.05,10883
2022-08-04 15:15:00,2070.05,2073.6,2060.0,2069.05,8858
2022-08-05 09:15:00,2074.0,2087.65,2035.95,2040.0,22110
2022-08-05 10:15:00,2039.6,2049.6,2032.1,2037.0,14678
2022-08-05 11:15:00,2036.05,2045.2,2025.5,2031.75,12629
2022-08-05 12:15:00,2031.75,2044.45,2030.0,2035.0,7162
2022-08-05 13:15:00,2034.0,2039.8,2033.0,2033.45,6779
2022-08-05 14:15:00,2033.45,2034.3,2021.0,2022.9,18100
2022-08-05 15:15:00,2022.9,2032.0,2015.0,2023.9,8573
2022-08-08 09:15:00,2023.0,2061.45,2020.0,2026.0,17539
2022-08-08 10:15:00,2026.8,2028.6,2012.0,2012.0,9874
2022-08-08 11:15:00,2013.9,2040.1,2011.4,2036.0,10543
2022-08-08 12:15:00,2037.0,2038.05,2027.0,2028.6,3464
2022-08-08 13:15:00,2030.45,2030.6,2021.0,2027.85,4632
2022-08-08 14:15:00,2026.4,2027.95,2016.8,2019.9,6972
2022-08-08 15:15:00,2018.9,2021.0,2018.05,2019.35,4069
2022-08-10 09:15:00,2020.45,2069.9,2001.25,2011.4,20487
2022-08-10 10:15:00,2011.4,2011.4,2003.8,2005.0,7448
2022-08-10 11:15:00,2005.5,2008.85,2001.25,2007.0,5455
2022-08-10 12:15:00,2006.95,2007.0,1996.7,1997.7,6241
2022-08-10 13:15:00,2000.0,2001.0,1995.0,1999.0,5013
2022-08-10 14:15:00,1999.05,2004.4,1988.6,1995.05,10293
2022-08-10 15:15:00,1998.0,2003.95,1990.0,1996.45,5859
2022-08-11 09:15:00,2010.0,2029.45,2002.8,2011.8,41401
2022-08-11 10:15:00,2011.8,2016.0,2007.8,2009.95,4140
2022-08-11 11:15:00,2009.95,2014.95,2000.0,2005.0,3763
2022-08-11 12:15:00,2003.4,2009.4,2002.0,2006.8,2422
2022-08-11 13:15:00,2006.7,2008.35,1987.0,2004.0,7723
2022-08-11 14:15:00,2002.5,2016.1,2002.5,2011.7,4880
2022-08-11 15:15:00,2011.7,2011.7,2005.45,2010.6,3288
2022-08-12 09:15:00,2025.0,2025.0,1985.0,2011.55,33852
2022-08-12 10:15:00,2013.95,2030.95,2000.05,2008.9,43263
2022-08-12 11:15:00,2008.9,2009.85,1998.0,1998.0,11158
2022-08-12 12:15:00,1998.0,1998.0,1983.45,1993.5,15067
2022-08-12 13:15:00,1993.5,2004.95,1992.0,1999.65,10219
2022-08-12 14:15:00,1999.9,2003.4,1991.2,1995.8,11198
2022-08-12 15:15:00,1996.8,2003.0,1990.05,1995.05,7424
2022-08-16 09:15:00,2005.0,2012.45,1976.0,1984.65,38985
2022-08-16 10:15:00,1984.65,1985.05,1980.15,1982.75,7566
2022-08-16 11:15:00,1983.7,1984.0,1978.0,1980.85,7424
2022-08-16 12:15:00,1982.0,1989.6,1979.7,1985.5,8183
2022-08-16 13:15:00,1985.15,2035.45,1985.0,2000.95,48394
2022-08-16 14:15:00,2002.0,2020.05,1998.75,2015.25,16081
2022-08-16 15:15:00,2011.5,2019.95,2006.0,2013.9,6739
2022-08-17 09:15:00,2025.0,2032.5,2015.0,2020.2,22356
2022-08-17 10:15:00,2021.35,2067.0,2019.05,2035.0,28868
2022-08-17 11:15:00,2035.0,2035.3,2019.05,2021.7,9059
2022-08-17 12:15:00,2021.0,2032.5,2020.0,2031.5,5890
2022-08-17 13:15:00,2031.5,2032.8,2025.0,2027.25,5129
2022-08-17 14:15:00,2025.95,2027.2,2003.1,2011.05,13669
2022-08-17 15:15:00,2012.9,2016.2,2003.45,2011.45,6058
2022-08-18 09:15:00,2011.0,2029.3,2008.0,2016.4,22673
2022-08-18 10:15:00,2016.35,2025.0,2009.5,2020.65,31500
2022-08-18 11:15:00,2019.0,2023.85,2015.5,2020.05,30054
2022-08-18 12:15:00,2020.6,2022.0,2013.85,2014.7,4533
2022-08-18 13:15:00,2014.6,2014.9,1995.05,2002.0,10499
2022-08-18 14:15:00,2001.75,2013.35,2001.75,2012.65,10664
2022-08-18 15:15:00,2012.2,2012.2,2005.0,2010.4,4736
2022-08-19 09:15:00,2018.0,2055.0,2010.1,2037.75,48239
2022-08-19 10:15:00,2035.35,2045.25,2027.0,2031.45,28457
2022-08-19 11:15:00,2031.45,2041.5,2026.05,2027.05,21811
2022-08-19 12:15:00,2028.75,2059.0,2020.35,2038.75,26446
2022-08-19 13:15:00,2038.75,2040.0,2022.3,2027.35,10546
2022-08-19 14:15:00,2027.35,2060.0,2026.1,2033.5,56804
2022-08-19 15:15:00,2031.9,2045.0,2031.05,2035.85,9486
2022-08-22 09:15:00,2030.0,2030.0,2006.0,2010.1,35235
2022-08-22 10:15:00,2011.3,2015.95,2008.45,2010.45,12106
2022-08-22 11:15:00,2010.25,2018.65,1996.05,2008.05,25993
2022-08-22 12:15:00,2008.55,2014.1,2007.2,2010.0,6469
2022-08-22 13:15:00,2008.4,2012.0,1997.05,2000.65,7441
2022-08-22 14:15:00,2000.65,2001.9,1985.0,1992.45,11533
2022-08-22 15:15:00,1992.55,1997.5,1980.0,1989.1,8117
2022-08-23 09:15:00,1955.0,1972.75,1948.0,1956.0,36766
2022-08-23 10:15:00,1954.5,1959.95,1951.45,1955.05,11520
2022-08-23 11:15:00,1956.4,1960.0,1952.0,1956.85,25782
2022-08-23 12:15:00,1955.0,1962.5,1953.05,1956.05,5367
2022-08-23 13:15:00,1956.0,1961.0,1955.0,1959.0,5710
2022-08-23 14:15:00,1960.0,1968.35,1955.0,1959.2,8559
2022-08-23 15:15:00,1959.1,1960.0,1929.95,1952.05,14960
2022-08-24 09:15:00,1952.05,1972.85,1917.55,1930.45,52917
2022-08-24 10:15:00,1931.4,1938.35,1927.15,1938.0,17057
2022-08-24 11:15:00,1938.7,1938.7,1925.35,1928.0,7237
2022-08-24 12:15:00,1928.0,1929.55,1923.85,1928.6,5710
2022-08-24 13:15:00,1929.55,1937.0,1925.65,1930.0,5389
2022-08-24 14:15:00,1930.0,1930.85,1918.5,1920.55,14878
2022-08-24 15:15:00,1919.0,1920.2,1910.0,1917.9,11293
2022-08-25 09:15:00,1925.0,1946.0,1919.05,1921.95,22731
2022-08-25 10:15:00,1922.0,1927.15,1918.2,1920.75,33816
2022-08-25 11:15:00,1921.7,1923.95,1920.25,1920.6,29724
2022-08-25 12:15:00,1920.65,1922.55,1920.35,1922.05,28390
2022-08-25 13:15:00,1922.0,1932.6,1920.0,1925.55,37471
2022-08-25 14:15:00,1925.8,1932.0,1905.25,1923.0,16132
2022-08-25 15:15:00,1923.0,1925.95,1901.0,1916.1,10738
2022-08-26 09:15:00,1916.05,1957.85,1916.05,1948.6,65628
2022-08-26 10:15:00,1948.5,1948.5,1941.25,1945.25,12803
2022-08-26 11:15:00,1945.0,1946.8,1940.05,1943.6,5848
2022-08-26 12:15:00,1946.1,1947.45,1936.0,1936.0,8369
2022-08-26 13:15:00,1936.05,1940.0,1930.05,1932.0,7029
2022-08-26 14:15:00,1932.9,1934.4,1922.5,1926.05,14184
2022-08-26 15:15:00,1926.0,1927.0,1919.0,1924.65,5878
2022-08-29 09:15:00,1864.65,1916.75,1860.0,1891.55,213866
2022-08-29 10:15:00,1891.55,1908.4,1890.45,1902.4,10874
2022-08-29 11:15:00,1903.7,1908.4,1897.45,1898.95,4729
2022-08-29 12:15:00,1899.9,1904.75,1896.0,1902.5,5866
2022-08-29 13:15:00,1902.5,1904.85,1900.05,1904.0,3545
2022-08-29 14:15:00,1904.0,1906.9,1902.0,1905.05,5881
2022-08-29 15:15:00,1905.0,1934.65,1900.0,1913.0,18154
2022-08-30 09:15:00,1915.0,1932.0,1881.0,1888.95,62573
2022-08-30 10:15:00,1888.95,1892.95,1871.0,1890.95,42655
2022-08-30 11:15:00,1890.95,1895.8,1887.05,1894.75,15851
2022-08-30 12:15:00,1894.8,1908.9,1891.3,1903.5,17794
2022-08-30 13:15:00,1901.55,1908.9,1895.55,1906.8,15049
2022-08-30 14:15:00,1904.65,1915.7,1893.95,1896.55,21204
2022-08-30 15:15:00,1895.35,1904.85,1892.15,1898.45,12805
2022-09-01 09:15:00,1898.45,1913.6,1885.55,1888.7,26123
2022-09-01 10:15:00,1888.85,1892.95,1883.6,1885.05,9385
2022-09-01 11:15:00,1885.95,1889.9,1884.0,1886.1,6563
2022-09-01 12:15:00,1885.5,1888.55,1884.05,1884.6,3386
2022-09-01 13:15:00,1886.0,1888.45,1871.1,1873.35,16463
2022-09-01 14:15:00,1872.5,1879.8,1870.0,1874.0,19335
2022-09-01 15:15:00,1874.0,1875.4,1865.25,1872.4,9678
2022-09-02 09:15:00,1875.0,1895.95,1868.0,1877.95,13777
2022-09-02 10:15:00,1877.6,1886.95,1877.55,1884.3,4317
2022-09-02 11:15:00,1884.3,1886.1,1878.0,1878.0,3778
2022-09-02 12:15:00,1878.05,1880.0,1872.0,1876.15,3814
2022-09-02 13:15:00,1876.15,1883.45,1872.0,1883.45,5629
2022-09-02 14:15:00,1881.45,1883.45,1870.0,1874.75,12855
2022-09-02 15:15:00,1874.9,1879.4,1870.0,1874.3,4527
2022-09-05 09:15:00,1881.0,1889.0,1874.3,1877.45,9896
2022-09-05 10:15:00,1877.5,1878.15,1866.5,1878.0,12215
2022-09-05 11:15:00,1877.75,1904.9,1877.5,1888.0,66261
2022-09-05 12:15:00,1886.45,1889.85,1867.1,1867.1,9146
2022-09-05 13:15:00,1866.85,1881.6,1866.05,1870.1,11416
2022-09-05 14:15:00,1870.1,1875.05,1866.55,1868.05,108128
2022-09-05 15:15:00,1868.0,1869.0,1860.0,1864.9,7520
2022-09-06 09:15:00,1870.7,1879.0,1861.1,1863.1,44511
2022-09-06 10:15:00,1863.95,1864.0,1848.05,1864.0,16498
2022-09-06 11:15:00,1864.0,1869.0,1860.0,1866.0,3724
2022-09-06 12:15:00,1866.0,1866.9,1857.0,1858.05,7468
2022-09-06 13:15:00,1857.0,1866.85,1854.4,1863.0,6535
2022-09-06 14:15:00,1864.35,1865.95,1854.0,1857.9,7622
2022-09-06 15:15:00,1860.35,1860.35,1850.0,1855.05,8206
2022-09-07 09:15:00,1840.0,1860.4,1825.0,1834.1,60138
2022-09-07 10:15:00,1834.95,1840.1,1832.0,1834.95,15098
2022-09-07 11:15:00,1834.4,1843.0,1834.05,1842.0,29621
2022-09-07 12:15:00,1842.0,1844.8,1840.2,1841.15,6951
2022-09-07 13:15:00,1841.1,1844.8,1836.35,1838.95,7156
2022-09-07 14:15:00,1840.1,1844.4,1835.1,1840.65,9072
2022-09-07 15:15:00,1841.7,1843.5,1838.3,1839.45,6374
2022-09-08 09:15:00,1853.0,1875.0,1846.0,1849.8,40831
2022-09-08 10:15:00,1849.8,1853.0,1842.0,1848.55,16899
2022-09-08 11:15:00,1848.0,1852.4,1844.0,1849.9,6563
2022-09-08 12:15:00,1850.0,1853.0,1846.65,1849.2,5149
2022-09-08 13:15:00,1848.5,1856.75,1845.2,1845.6,7511
2022-09-08 14:15:00,1845.6,1859.7,1842.1,1849.5,14394
2022-09-08 15:15:00,1849.1,1856.0,1847.25,1851.25,7233
2022-09-09 09:15:00,1870.0,1876.25,1849.0,1863.5,40152
2022-09-09 10:15:00,1862.5,1863.5,1854.8,1857.85,3813
2022-09-09 11:15:00,1857.9,1858.45,1845.1,1846.6,4664
2022-09-09 12:15:00,1847.4,1854.25,1845.0,1851.35,10664
2022-09-09 13:15:00,1852.35,1860.95,1846.0,1857.9,13219
2022-09-09 14:15:00,1859.3,1913.95,1857.4,1886.0,57267
2022-09-09 15:15:00,1885.0,1892.9,1880.55,1888.8,8956
2022-09-12 09:15:00,1918.0,1970.45,1909.15,1963.35,97798
2022-09-12 10:15:00,1963.35,1964.8,1946.0,1964.8,29458
2022-09-12 11:15:00,1964.75,1973.95,1960.9,1965.1,54009
2022-09-12 12:15:00,1967.0,1968.6,1958.55,1961.7,13538
2022-09-12 13:15:00,1962.0,1962.0,1948.05,1948.95,12127
2022-09-12 14:15:00,1949.0,1951.0,1932.9,1934.6,16159
2022-09-12 15:15:00,1934.6,1940.0,1929.0,1936.1,9249
2022-09-13 09:15:00,1955.3,1959.95,1926.0,1933.85,83868
2022-09-13 10:15:00,1934.45,1942.0,1917.1,1919.75,16158
2022-09-13 11:15:00,1919.7,1922.95,1913.0,1915.15,8777
2022-09-13 12:15:00,1915.15,1918.0,1913.05,1915.0,8337
2022-09-13 13:15:00,1915.05,1920.0,1915.0,1915.5,6930
2022-09-13 14:15:00,1915.5,1919.8,1910.0,1916.6,13184
2022-09-13 15:15:00,1915.25,1920.15,1912.0,1916.55,9181
2022-09-14 09:15:00,1880.0,1899.0,1875.0,1886.35,19168
2022-09-14 10:15:00,1886.0,1894.1,1882.25,1890.1,7081
2022-09-14 11:15:00,1890.1,1890.95,1885.0,1887.0,4544
2022-09-14 12:15:00,1887.1,1895.0,1886.45,1895.0,4388
2022-09-14 13:15:00,1894.0,1895.0,1881.0,1883.95,7885
2022-09-14 14:15:00,1883.95,1889.8,1877.5,1878.8,11684
2022-09-14 15:15:00,1878.8,1883.75,1876.0,1878.75,5980
2022-09-15 09:15:00,1879.0,1902.9,1853.0,1857.3,21406
2022-09-15 10:15:00,1858.1,1862.0,1855.4,1860.05,8326
2022-09-15 11:15:00,1861.9,1867.0,1857.65,1860.0,4440
2022-09-15 12:15:00,1861.75,1863.75,1857.05,1860.15,4414
2022-09-15 13:15:00,1859.1,1860.65,1853.75,1854.8,6058
2022-09-15 14:15:00,1854.0,1861.0,1854.0,1857.3,8174
2022-09-15 15:15:00,1857.35,1860.75,1851.0,1855.85,5918
2022-09-16 09:15:00,1855.7,1855.7,1832.5,1850.1,20451
2022-09-16 10:15:00,1850.15,1852.0,1847.05,1850.0,5911
2022-09-16 11:15:00,1849.85,1852.9,1847.6,1849.45,6944
2022-09-16 12:15:00,1849.0,1850.9,1846.75,1850.0,8657
2022-09-16 13:15:00,1850.1,1851.2,1838.45,1840.0,61120
2022-09-16 14:15:00,1840.05,1844.65,1828.8,1835.2,22341
2022-09-16 15:15:00,1835.2,1843.95,1831.0,1835.8,6979
2022-09-19 09:15:00,1840.0,1849.85,1810.1,1824.25,19897
2022-09-19 10:15:00,1825.0,1825.25,1810.3,1815.9,8556
2022-09-19 11:15:00,1817.0,1819.8,1802.5,1810.0,9919
2022-09-19 12:15:00,1809.3,1821.9,1800.1,1820.35,18198
2022-09-19 13:15:00,1820.6,1820.8,1816.5,1820.25,3485
2022-09-19 14:15:00,1820.25,1824.0,1816.8,1816.8,7472
2022-09-19 15:15:00,1815.05,1815.05,1800.0,1809.45,10019
2022-09-20 09:15:00,1818.5,1828.45,1803.0,1812.05,24150
2022-09-20 10:15:00,1813.6,1818.05,1807.6,1812.0,9475
2022-09-20 11:15:00,1811.55,1817.45,1809.15,1814.95,6875
2022-09-20 12:15:00,1815.65,1817.45,1809.9,1812.35,7272
2022-09-20 13:15:00,1813.5,1815.15,1809.5,1814.0,6839
2022-09-20 14:15:00,1814.0,1814.4,1800.0,1802.0,9781
2022-09-20 15:15:00,1802.0,1802.0,1769.0,1794.2,9937
2022-09-21 09:15:00,1795.0,1808.9,1789.0,1803.0,21460
2022-09-21 10:15:00,1803.0,1803.0,1797.95,1800.0,4326
2022-09-21 11:15:00,1800.95,1802.4,1798.0,1800.5,5533
2022-09-21 12:15:00,1800.5,1802.9,1799.15,1800.6,3004
2022-09-21 13:15:00,1801.5,1804.9,1799.0,1804.9,3106
2022-09-21 14:15:00,1804.9,1804.95,1790.0,1793.0,6184
2022-09-21 15:15:00,1793.05,1794.5,1785.0,1791.6,4743
2022-09-22 09:15:00,1780.0,1794.0,1771.0,1784.4,12838
2022-09-22 10:15:00,1785.25,1789.65,1783.05,1788.9,5329
2022-09-22 11:15:00,1788.55,1788.55,1783.0,1785.95,4810
2022-09-22 12:15:00,1785.95,1788.0,1783.0,1784.75,4950
2022-09-22 13:15:00,1785.25,1787.2,1782.1,1785.0,3805
2022-09-22 14:15:00,1784.05,1797.95,1782.0,1789.6,9942
2022-09-22 15:15:00,1789.55,1792.0,1779.0,1786.65,5314
2022-09-23 09:15:00,1789.7,1792.95,1772.05,1774.9,13946
2022-09-23 10:15:00,1774.9,1776.4,1767.05,1769.25,7923
2022-09-23 11:15:00,1769.3,1781.0,1768.1,1774.35,5480
2022-09-23 12:15:00,1773.0,1776.95,1771.05,1771.75,4923
2022-09-23 13:15:00,1772.1,1776.85,1770.05,1774.1,7413
2022-09-23 14:15:00,1771.7,1774.95,1761.9,1762.15,9166
2022-09-23 15:15:00,1762.6,1762.6,1750.0,1758.0,6270
2022-09-26 09:15:00,1740.0,1782.3,1722.5,1755.3,35737
2022-09-26 10:15:00,1755.15,1774.0,1746.85,1761.1,48180
2022-09-26 11:15:00,1760.0,1772.0,1742.0,1746.0,65265
2022-09-26 12:15:00,1746.0,1756.7,1740.55,1754.15,5938
2022-09-26 13:15:00,1755.0,1755.4,1735.85,1739.0,7941
2022-09-26 14:15:00,1739.6,1746.6,1728.05,1729.35,11678
2022-09-26 15:15:00,1729.4,1730.95,1720.0,1728.7,7244
2022-09-27 09:15:00,1757.0,1774.85,1728.75,1733.75,22267
2022-09-27 10:15:00,1733.8,1762.95,1724.6,1742.55,105223
2022-09-27 11:15:00,1743.75,1747.3,1715.6,1725.0,15173
2022-09-27 12:15:00,1724.85,1732.0,1721.05,1727.0,7610
2022-09-27 13:15:00,1726.0,1733.95,1722.0,1724.9,6603
2022-09-27 14:15:00,1724.9,1726.6,1706.6,1708.6,11633
2022-09-27 15:15:00,1708.6,1719.0,1702.1,1709.5,7950
2022-09-28 09:15:00,1719.0,1727.0,1700.0,1724.1,15719
2022-09-28 10:15:00,1724.1,1739.0,1715.7,1726.1,11918
2022-09-28 11:15:00,1726.1,1732.1,1718.0,1723.45,7696
2022-09-28 12:15:00,1723.45,1724.0,1712.05,1714.2,3606
2022-09-28 13:15:00,1712.05,1715.0,1706.05,1709.55,7831
2022-09-28 14:15:00,1708.0,1723.7,1703.0,1717.0,11086
2022-09-28 15:15:00,1717.0,1717.0,1702.0,1711.9,4388
2022-09-29 09:15:00,1746.95,1754.0,1731.05,1739.05,19711
2022-09-29 10:15:00,1736.75,1742.7,1731.5,1733.5,4724
2022-09-29 11:15:00,1735.5,1739.75,1726.0,1728.8,4168
2022-09-29 12:15:00,1730.0,1730.0,1703.05,1714.55,6838
2022-09-29 13:15:00,1713.1,1714.9,1700.0,1714.0,4750
2022-09-29 14:15:00,1713.95,1719.95,1707.85,1718.0,6108
2022-09-29 15:15:00,1720.0,1721.0,1710.05,1714.25,4434
2022-09-30 09:15:00,1710.0,1726.95,1701.05,1718.0,8990
2022-09-30 10:15:00,1719.0,1724.0,1704.0,1706.8,9390
2022-09-30 11:15:00,1706.8,1710.0,1702.1,1704.0,6253
2022-09-30 12:15:00,1704.0,1708.7,1700.0,1706.0,7138
2022-09-30 13:15:00,1705.0,1724.0,1704.4,1721.75,13893
2022-09-30 14:15:00,1722.0,1749.45,1721.75,1745.55,23273
2022-09-30 15:15:00,1744.0,1745.0,1730.0,1741.25,6546
2022-10-03 09:15:00,1743.0,1753.95,1733.25,1736.05,8455
2022-10-03 10:15:00,1734.95,1746.8,1734.95,1738.65,3658
2022-10-03 11:15:00,1738.8,1746.05,1730.75,1746.05,9346
2022-10-03 12:15:00,1741.15,1746.1,1737.35,1742.45,3044
2022-10-03 13:15:00,1743.75,1747.5,1740.0,1740.0,4563
2022-10-03 14:15:00,1740.0,1749.0,1725.55,1739.95,8037
2022-10-03 15:15:00,1740.0,1749.0,1733.05,1740.3,3443
2022-10-04 09:15:00,1755.0,1760.35,1742.05,1752.95,14015
2022-10-04 10:15:00,1752.75,1759.0,1747.15,1750.0,5526
2022-10-04 11:15:00,1750.0,1755.0,1734.95,1746.95,4924
2022-10-04 12:15:00,1747.8,1754.0,1745.0,1749.05,3491
2022-10-04 13:15:00,1749.4,1752.0,1742.95,1746.05,3983
2022-10-04 14:15:00,1746.1,1752.0,1745.2,1746.15,5844
2022-10-04 15:15:00,1747.9,1749.3,1738.0,1746.6,5013
2022-10-06 09:15:00,1750.0,1788.75,1750.0,1775.05,22647
2022-10-06 10:15:00,1777.45,1780.0,1771.15,1780.0,5490
2022-10-06 11:15:00,1780.0,1780.0,1773.0,1777.4,3994
2022-10-06 12:15:00,1777.4,1780.0,1772.6,1777.9,2967
2022-10-06 13:15:00,1776.55,1777.45,1761.75,1763.3,3726
2022-10-06 14:15:00,1763.3,1779.45,1755.0,1759.1,12611
2022-10-06 15:15:00,1759.1,1765.0,1755.0,1761.6,8250
2022-10-07 09:15:00,1770.45,1770.45,1745.0,1748.0,13958
2022-10-07 10:15:00,1748.05,1749.95,1738.0,1738.75,4593
2022-10-07 11:15:00,1738.95,1744.95,1738.0,1743.5,2066
2022-10-07 12:15:00,1741.45,1744.9,1735.05,1735.1,2805
2022-10-07 13:15:00,1736.75,1740.0,1735.0,1737.4,4204
2022-10-07 14:15:00,1738.95,1739.95,1730.15,1733.0,5811
2022-10-07 15:15:00,1732.05,1737.45,1730.0,1733.65,3782
2022-10-10 09:15:00,1714.0,1724.0,1703.1,1708.5,14888
2022-10-10 10:15:00,1707.25,1713.8,1705.6,1713.45,4787
2022-10-10 11:15:00,1713.4,1714.9,1707.15,1709.95,3822
2022-10-10 12:15:00,1709.95,1713.95,1704.75,1713.9,5751
2022-10-10 13:15:00,1713.9,1714.15,1709.05,1710.0,3049
2022-10-10 14:15:00,1710.05,1713.75,1707.0,1710.95,10052
2022-10-10 15:15:00,1711.0,1711.0,1707.0,1709.55,7464
2022-10-11 09:15:00,1724.4,1732.95,1704.0,1707.9,15567
2022-10-11 10:15:00,1708.0,1708.0,1691.95,1699.0,12661
2022-10-11 11:15:00,1699.45,1700.0,1691.5,1696.15,6745
2022-10-11 12:15:00,1696.05,1696.05,1663.05,1671.5,17982
2022-10-11 13:15:00,1672.35,1676.0,1656.0,1659.05,11836
2022-10-11 14:15:00,1659.0,1668.8,1653.0,1655.0,16011
2022-10-11 15:15:00,1655.5,1656.3,1650.0,1654.4,6668
2022-10-12 09:15:00,1661.0,1675.0,1620.0,1659.8,22520
2022-10-12 10:15:00,1661.45,1665.0,1641.0,1649.9,6177
2022-10-12 11:15:00,1648.4,1664.9,1648.4,1661.0,2904
2022-10-12 12:15:00,1662.5,1664.8,1657.0,1659.8,4034
2022-10-12 13:15:00,1660.0,1661.85,1642.75,1648.95,4241
2022-10-12 14:15:00,1648.95,1659.85,1644.05,1652.85,8493
2022-10-12 15:15:00,1650.85,1658.0,1645.2,1651.5,3607
2022-10-13 09:15:00,1658.5,1667.95,1645.0,1646.3,9474
2022-10-13 10:15:00,1646.0,1649.45,1640.95,1646.95,8853
2022-10-13 11:15:00,1646.9,1647.65,1633.3,1634.85,2968
2022-10-13 12:15:00,1634.85,1636.05,1632.05,1635.0,3478
2022-10-13 13:15:00,1635.0,1635.0,1631.0,1635.0,2874
2022-10-13 14:15:00,1635.0,1640.0,1631.2,1639.95,7768
2022-10-13 15:15:00,1639.95,1642.0,1632.75,1638.4,3277
2022-10-14 09:15:00,1674.0,1684.0,1600.0,1683.4,29291
2022-10-14 10:15:00,1683.3,1687.8,1666.0,1669.05,12842
2022-10-14 11:15:00,1669.05,1670.0,1655.95,1660.35,7796
2022-10-14 12:15:00,1660.95,1677.7,1658.6,1664.05,7653
2022-10-14 13:15:00,1663.8,1671.0,1653.75,1661.05,5493
2022-10-14 14:15:00,1660.0,1661.5,1641.25,1657.75,6575
2022-10-14 15:15:00,1654.95,1657.4,1645.35,1650.15,2342
2022-10-17 09:15:00,1636.0,1649.45,1630.8,1636.85,6699
2022-10-17 10:15:00,1636.95,1656.0,1631.55,1653.5,9465
2022-10-17 11:15:00,1653.05,1658.85,1637.2,1638.5,4598
2022-10-17 12:15:00,1638.5,1642.45,1635.6,1638.5,3099
2022-10-17 13:15:00,1639.35,1643.85,1638.0,1642.3,2353
2022-10-17 14:15:00,1642.3,1643.7,1630.0,1632.35,6755
2022-10-17 15:15:00,1634.9,1635.2,1630.0,1632.55,2263
2022-10-18 09:15:00,1640.75,1653.95,1631.0,1640.3,17040
2022-10-18 10:15:00,1641.45,1642.85,1631.0,1635.7,3462
2022-10-18 11:15:00,1632.95,1639.95,1631.0,1632.0,3384
2022-10-18 12:15:00,1631.15,1635.25,1630.0,1632.75,3237
2022-10-18 13:15:00,1632.75,1641.0,1630.0,1640.0,3575
2022-10-18 14:15:00,1640.0,1640.0,1631.15,1638.55,5955
2022-10-18 15:15:00,1638.5,1638.55,1630.0,1633.8,4448
2022-10-19 09:15:00,1635.0,1647.95,1635.0,1644.6,7445
2022-10-19 10:15:00,1644.3,1647.0,1640.05,1642.7,2559
2022-10-19 11:15:00,1642.95,1643.6,1636.2,1640.9,2772
2022-10-19 12:15:00,1640.9,1642.0,1630.0,1633.45,3674
2022-10-19 13:15:00,1632.4,1636.35,1622.0,1627.5,3784
2022-10-19 14:15:00,1626.3,1639.9,1625.0,1633.1,4245
2022-10-19 15:15:00,1633.1,1637.8,1627.0,1631.65,2501
2022-10-20 09:15:00,1631.0,1642.0,1616.7,1627.95,7648
2022-10-20 10:15:00,1627.95,1634.4,1625.0,1632.85,4904
2022-10-20 11:15:00,1629.6,1633.45,1625.35,1625.7,1772
2022-10-20 12:15:00,1628.2,1632.0,1625.0,1629.55,1657
2022-10-20 13:15:00,1631.75,1633.0,1625.05,1632.3,3394
2022-10-20 14:15:00,1631.95,1714.0,1630.0,1699.0,32363
2022-10-20 15:15:00,1698.95,1700.0,1679.35,1694.4,20481
2022-10-21 09:15:00,1692.0,1694.0,1650.0,1660.9,20519
2022-10-21 10:15:00,1661.4,1688.0,1658.2,1681.95,13482
2022-10-21 11:15:00,1680.6,1685.95,1678.0,1680.0,12847
2022-10-21 12:15:00,1679.95,1681.0,1672.15,1679.25,11311
2022-10-21 13:15:00,1678.1,1683.45,1673.5,1679.0,9865
2022-10-21 14:15:00,1680.0,1681.75,1667.1,1671.55,9466
2022-10-21 15:15:00,1670.5,1674.95,1666.0,1671.8,3182
2022-10-24 18:15:00,1689.95,1749.9,1680.0,1739.35,60261
2022-10-25 09:15:00,1750.0,1764.95,1725.0,1734.3,17571
2022-10-25 10:15:00,1735.0,1739.0,1728.7,1728.7,3972
2022-10-25 11:15:00,1730.0,1747.65,1728.7,1745.8,4123
2022-10-25 12:15:00,1747.0,1747.0,1736.55,1737.25,1955
2022-10-25 13:15:00,1739.0,1755.0,1737.25,1747.95,8778
2022-10-25 14:15:00,1747.95,1748.4,1734.0,1734.0,4470
2022-10-25 15:15:00,1734.95,1742.0,1730.25,1736.35,3380
2022-10-27 09:15:00,1739.7,1740.0,1710.85,1715.6,9078
2022-10-27 10:15:00,1717.35,1718.7,1710.0,1710.7,4364
2022-10-27 11:15:00,1710.7,1710.7,1698.05,1699.85,6348
2022-10-27 12:15:00,1700.0,1700.35,1696.1,1696.1,2119
2022-10-27 13:15:00,1696.1,1698.1,1685.0,1690.0,4018
2022-10-27 14:15:00,1691.2,1692.25,1642.0,1658.0,13660
2022-10-27 15:15:00,1659.6,1660.0,1640.0,1654.75,15006
2022-10-28 09:15:00,1664.5,1664.5,1640.7,1660.05,17635
2022-10-28 10:15:00,1663.2,1678.95,1658.6,1676.3,8757
2022-10-28 11:15:00,1676.3,1696.95,1676.15,1690.5,14218
2022-10-28 12:15:00,1690.0,1694.8,1681.05,1682.55,3353
2022-10-28 13:15:00,1684.65,1689.6,1680.1,1686.65,3079
2022-10-28 14:15:00,1686.1,1693.85,1681.6,1684.8,4890
2022-10-28 15:15:00,1682.35,1689.5,1682.15,1685.35,2688
2022-10-31 09:15:00,1693.8,1704.0,1686.55,1689.6,9109
2022-10-31 10:15:00,1690.2,1700.0,1690.0,1696.5,4675
2022-10-31 11:15:00,1696.05,1698.0,1690.05,1692.4,1476
2022-10-31 12:15:00,1692.0,1694.0,1688.0,1690.55,1619
2022-10-31 13:15:00,1690.9,1693.8,1688.0,1688.0,1225
2022-10-31 14:15:00,1688.05,1690.0,1685.0,1689.75,2894
2022-10-31 15:15:00,1689.1,1694.0,1685.0,1688.4,2310
2022-11-01 09:15:00,1695.0,1699.0,1688.55,1695.5,5359
2022-11-01 10:15:00,1695.5,1695.5,1685.55,1686.8,3309
2022-11-01 11:15:00,1686.8,1690.0,1685.0,1689.2,4231
2022-11-01 12:15:00,1689.2,1693.75,1682.8,1683.9,3208
2022-11-01 13:15:00,1684.25,1686.65,1674.0,1674.05,3574
2022-11-01 14:15:00,1674.05,1689.55,1671.1,1685.7,6012
2022-11-01 15:15:00,1685.7,1690.75,1682.05,1687.75,3607
2022-11-02 09:15:00,1687.75,1696.95,1675.0,1681.7,6591
2022-11-02 10:15:00,1681.8,1686.0,1677.0,1678.05,2364
2022-11-02 11:15:00,1680.65,1684.0,1679.0,1683.0,2392
2022-11-02 12:15:00,1682.95,1683.0,1675.0,1679.75,2053
2022-11-02 13:15:00,1680.0,1680.25,1671.1,1671.5,3504
2022-11-02 14:15:00,1672.95,1684.7,1672.95,1673.05,2910
2022-11-02 15:15:00,1675.0,1680.0,1670.0,1676.65,3280
2022-11-03 09:15:00,1656.2,1678.1,1655.05,1669.45,5312
2022-11-03 10:15:00,1669.45,1674.35,1667.1,1668.0,1406
2022-11-03 11:15:00,1667.5,1672.2,1667.1,1670.45,945
2022-11-03 12:15:00,1670.8,1670.8,1661.15,1666.55,1197
2022-11-03 13:15:00,1666.55,1667.9,1660.0,1661.45,4196
2022-11-03 14:15:00,1661.7,1669.0,1660.0,1661.05,2371
2022-11-03 15:15:00,1661.05,1665.95,1655.0,1661.2,3280
2022-11-04 09:15:00,1669.55,1670.7,1656.0,1658.2,4609
2022-11-04 10:15:00,1658.25,1687.95,1657.0,1682.45,5934
2022-11-04 11:15:00,1682.0,1688.9,1676.05,1677.9,3490
2022-11-04 12:15:00,1678.3,1682.45,1677.1,1681.5,1953
2022-11-04 13:15:00,1680.65,1687.7,1680.0,1681.95,3169
2022-11-04 14:15:00,1681.95,1689.9,1680.0,1685.0,4286
2022-11-04 15:15:00,1685.4,1689.9,1685.0,1686.65,2856
2022-11-07 09:15:00,1690.0,1697.0,1678.05,1691.0,6667
2022-11-07 10:15:00,1691.95,1692.0,1684.0,1684.0,3970
2022-11-07 11:15:00,1684.15,1687.45,1684.0,1686.75,1618
2022-11-07 12:15:00,1685.95,1689.7,1685.05,1687.85,1608
2022-11-07 13:15:00,1687.5,1689.45,1675.55,1686.25,4700
2022-11-07 14:15:00,1685.3,1687.9,1675.05,1686.7,3325
2022-11-07 15:15:00,1681.75,1686.4,1675.0,1681.65,1591
2022-11-09 09:15:00,1681.65,1689.65,1674.95,1685.65,4225
2022-11-09 10:15:00,1685.3,1686.4,1677.0,1678.0,1655
2022-11-09 11:15:00,1677.1,1679.9,1672.8,1677.4,1229
2022-11-09 12:15:00,1678.5,1684.9,1672.5,1673.0,4266
2022-11-09 13:15:00,1671.5,1671.5,1657.15,1658.25,8352
2022-11-09 14:15:00,1658.2,1663.9,1652.4,1660.0,3766
2022-11-09 15:15:00,1659.95,1662.3,1650.0,1658.3,2005
2022-11-10 09:15:00,1653.7,1662.95,1636.05,1638.4,8952
2022-11-10 10:15:00,1640.0,1640.0,1633.05,1636.15,2909
2022-11-10 11:15:00,1637.65,1642.0,1636.2,1640.6,2156
2022-11-10 12:15:00,1641.7,1641.7,1633.0,1634.85,1716
2022-11-10 13:15:00,1635.0,1638.65,1631.5,1631.65,2049
2022-11-10 14:15:00,1633.0,1646.9,1631.25,1642.15,3833
2022-11-10 15:15:00,1643.0,1647.65,1639.6,1643.15,2259
2022-11-11 09:15:00,1665.0,1700.0,1665.0,1685.65,47745
2022-11-11 10:15:00,1685.25,1687.5,1673.0,1675.2,4319
2022-11-11 11:15:00,1671.3,1676.1,1655.55,1662.0,8972
2022-11-11 12:15:00,1662.0,1663.25,1650.0,1658.9,7822
2022-11-11 13:15:00,1659.95,1659.95,1646.5,1649.6,6356
2022-11-11 14:15:00,1649.6,1659.0,1644.95,1658.55,6890
2022-11-11 15:15:00,1659.0,1659.0,1651.25,1655.3,5139
2022-11-14 09:15:00,1665.0,1669.3,1646.0,1650.9,10993
2022-11-14 10:15:00,1650.9,1658.0,1643.45,1655.0,9369
2022-11-14 11:15:00,1655.8,1658.5,1654.0,1656.0,10366
2022-11-14 12:15:00,1656.95,1658.45,1649.0,1649.5,6369
2022-11-14 13:15:00,1650.75,1650.75,1646.0,1649.9,3661
2022-11-14 14:15:00,1649.95,1650.0,1645.0,1647.1,5097
2022-11-14 15:15:00,1647.05,1647.65,1641.0,1646.45,2266
2022-11-15 09:15:00,1655.0,1666.95,1645.0,1645.5,11388
2022-11-15 10:15:00,1647.0,1652.7,1641.0,1643.95,2846
2022-11-15 11:15:00,1643.85,1646.0,1635.0,1635.2,3676
2022-11-15 12:15:00,1637.2,1645.0,1636.45,1643.85,3845
2022-11-15 13:15:00,1644.4,1645.0,1631.5,1631.5,5776
2022-11-15 14:15:00,1631.1,1632.05,1619.65,1631.95,16935
2022-11-15 15:15:00,1632.0,1638.0,1626.95,1626.95,4296
2022-11-16 09:15:00,1635.05,1647.95,1620.0,1621.55,8676
2022-11-16 10:15:00,1621.25,1625.95,1620.0,1621.2,4172
2022-11-16 11:15:00,1621.25,1623.8,1618.0,1618.0,4083
2022-11-16 12:15:00,1618.0,1623.0,1615.0,1615.85,4050
2022-11-16 13:15:00,1616.95,1619.85,1615.0,1618.0,3670
2022-11-16 14:15:00,1618.0,1621.65,1608.0,1618.0,10660
2022-11-16 15:15:00,1615.4,1625.0,1613.0,1618.7,4166
2022-11-17 09:15:00,1617.0,1622.85,1602.15,1612.55,7901
2022-11-17 10:15:00,1610.4,1616.0,1610.0,1612.9,2774
2022-11-17 11:15:00,1612.85,1618.25,1610.0,1615.95,1963
2022-11-17 12:15:00,1614.0,1616.3,1611.55,1612.0,785
2022-11-17 13:15:00,1612.0,1614.0,1610.0,1610.0,1867
2022-11-17 14:15:00,1610.0,1634.0,1610.0,1632.05,6029
2022-11-17 15:15:00,1632.1,1633.9,1621.2,1627.25,1980
2022-11-18 09:15:00,1632.15,1642.2,1606.75,1607.0,13712
2022-11-18 10:15:00,1607.0,1607.0,1572.0,1572.9,24198
2022-11-18 11:15:00,1569.95,1573.15,1555.6,1564.75,38219
2022-11-18 12:15:00,1567.15,1568.7,1526.1,1537.3,65612
2022-11-18 13:15:00,1537.6,1539.0,1505.5,1508.05,79600
2022-11-18 14:15:00,1508.05,1535.35,1490.15,1529.2,203313
2022-11-18 15:15:00,1529.25,1557.9,1529.25,1538.6,40032
2022-11-21 09:15:00,1525.0,1580.0,1525.0,1580.0,26046
2022-11-21 10:15:00,1581.95,1589.0,1565.2,1587.4,14712
2022-11-21 11:15:00,1584.95,1598.8,1584.95,1588.85,16003
2022-11-21 12:15:00,1589.75,1592.0,1577.4,1578.9,7865
2022-11-21 13:15:00,1577.7,1578.9,1562.0,1574.65,9305
2022-11-21 14:15:00,1573.9,1577.95,1553.0,1574.95,12746
2022-11-21 15:15:00,1576.0,1590.0,1570.0,1572.45,5213
2022-11-22 09:15:00,1570.0,1593.95,1568.0,1574.2,7532
2022-11-22 10:15:00,1574.85,1575.0,1563.65,1565.05,1960
2022-11-22 11:15:00,1565.05,1582.0,1565.05,1578.6,3733
2022-11-22 12:15:00,1579.55,1580.0,1570.05,1570.05,2705
2022-11-22 13:15:00,1570.05,1575.0,1563.0,1572.15,4967
2022-11-22 14:15:00,1574.05,1586.0,1571.05,1585.0,5228
2022-11-22 15:15:00,1586.0,1589.0,1566.2,1583.55,3466
2022-11-23 09:15:00,1583.55,1614.0,1583.55,1607.05,15144
2022-11-23 10:15:00,1607.0,1611.5,1605.0,1607.15,4227
2022-11-23 11:15:00,1608.95,1628.9,1605.25,1627.6,20717
2022-11-23 12:15:00,1628.0,1628.15,1619.0,1619.15,7314
2022-11-23 13:15:00,1619.0,1620.75,1607.2,1612.2,4890
2022-11-23 14:15:00,1612.2,1669.85,1611.8,1664.0,60155
2022-11-23 15:15:00,1667.2,1667.2,1633.0,1658.8,17888
2022-11-24 09:15:00,1649.0,1675.0,1649.0,1653.05,21107
2022-11-24 10:15:00,1653.75,1667.0,1652.4,1656.0,7427
2022-11-24 11:15:00,1655.5,1660.15,1653.3,1654.95,4026
2022-11-24 12:15:00,1654.45,1658.0,1652.0,1652.2,4461
2022-11-24 13:15:00,1653.65,1661.25,1652.0,1656.65,5881
2022-11-24 14:15:00,1656.65,1672.0,1654.1,1664.7,13471
2022-11-24 15:15:00,1663.25,1672.0,1660.0,1666.95,6472
2022-11-25 09:15:00,1676.0,1681.25,1663.05,1670.55,10333
2022-11-25 10:15:00,1670.55,1674.0,1655.05,1657.5,3461
2022-11-25 11:15:00,1657.0,1658.55,1651.0,1653.3,2740
2022-11-25 12:15:00,1654.0,1662.35,1652.0,1657.0,2767
2022-11-25 13:15:00,1657.3,1657.6,1653.0,1655.85,2094
2022-11-25 14:15:00,1656.0,1658.0,1643.0,1653.85,4231
2022-11-25 15:15:00,1651.6,1655.0,1640.0,1648.65,3295
2022-11-28 09:15:00,1662.0,1678.0,1660.1,1673.9,11472
2022-11-28 10:15:00,1674.0,1680.0,1670.05,1678.85,7163
2022-11-28 11:15:00,1677.25,1681.25,1676.15,1678.55,5747
2022-11-28 12:15:00,1678.45,1680.0,1657.2,1658.55,12798
2022-11-28 13:15:00,1660.25,1661.85,1646.0,1657.95,6076
2022-11-28 14:15:00,1657.8,1674.0,1655.9,1668.95,7107
2022-11-28 15:15:00,1666.6,1667.55,1651.1,1662.2,3815
2022-11-29 09:15:00,1679.85,1679.85,1664.75,1667.0,5335
2022-11-29 10:15:00,1667.0,1667.0,1652.0,1660.0,4827
2022-11-29 11:15:00,1660.1,1664.4,1655.0,1658.95,1695
2022-11-29 12:15:00,1659.9,1664.9,1657.4,1659.75,3632
2022-11-29 13:15:00,1659.75,1664.25,1657.0,1657.6,2704
2022-11-29 14:15:00,1657.0,1681.25,1656.8,1674.9,14087
2022-11-29 15:15:00,1672.65,1675.3,1666.0,1675.3,2153
2022-11-30 09:15:00,1675.0,1703.0,1666.05,1686.4,17221
2022-11-30 10:15:00,1687.15,1710.0,1687.15,1691.1,20563
2022-11-30 11:15:00,1692.85,1694.5,1688.05,1690.15,1859
2022-11-30 12:15:00,1689.9,1692.0,1688.0,1691.05,3384
2022-11-30 13:15:00,1689.05,1694.0,1673.95,1680.65,6448
2022-11-30 14:15:00,1680.7,1717.5,1679.0,1717.5,25515
2022-11-30 15:15:00,1719.15,1722.25,1701.05,1709.0,8873
2022-12-01 09:15:00,1750.0,1751.25,1724.15,1736.55,40009
2022-12-01 10:15:00,1738.35,1778.0,1734.5,1768.25,64510
2022-12-01 11:15:00,1770.5,1824.9,1768.7,1807.5,85262
2022-12-01 12:15:00,1807.5,1816.0,1790.0,1791.55,37139
2022-12-01 13:15:00,1793.0,1797.0,1770.05,1783.55,27019
2022-12-01 14:15:00,1781.35,1798.6,1765.65,1798.6,27400
2022-12-01 15:15:00,1796.95,1807.0,1790.0,1793.05,22176
2022-12-02 09:15:00,1807.0,1825.0,1780.05,1806.05,45245
2022-12-02 10:15:00,1807.1,1810.9,1797.45,1801.55,8795
2022-12-02 11:15:00,1803.0,1803.25,1793.4,1800.05,8940
2022-12-02 12:15:00,1800.0,1815.0,1800.0,1813.0,10618
2022-12-02 13:15:00,1812.0,1816.0,1800.0,1803.4,7541
2022-12-02 14:15:00,1803.0,1806.0,1782.45,1788.25,12809
2022-12-02 15:15:00,1788.0,1795.0,1779.0,1787.3,9521
2022-12-05 09:15:00,1795.0,1804.3,1761.1,1768.9,16800
2022-12-05 10:15:00,1768.9,1775.0,1764.05,1775.0,3717
2022-12-05 11:15:00,1775.05,1779.0,1775.0,1777.5,4539
2022-12-05 12:15:00,1777.45,1789.0,1775.0,1777.1,4328
2022-12-05 13:15:00,1776.35,1778.0,1761.4,1763.0,6330
2022-12-05 14:15:00,1763.0,1776.1,1761.0,1769.0,5408
2022-12-05 15:15:00,1769.05,1771.8,1765.1,1768.6,3009
2022-12-06 09:15:00,1764.0,1775.0,1755.05,1768.2,17398
2022-12-06 10:15:00,1768.05,1807.0,1767.05,1804.45,28087
2022-12-06 11:15:00,1800.05,1808.0,1796.85,1802.2,10789
2022-12-06 12:15:00,1803.45,1804.5,1788.0,1803.65,11245
2022-12-06 13:15:00,1803.7,1814.9,1800.0,1803.75,13541
2022-12-06 14:15:00,1803.75,1806.0,1791.1,1806.0,11951
2022-12-06 15:15:00,1804.0,1812.95,1772.05,1794.65,10503
2022-12-07 09:15:00,1806.0,1818.15,1791.05,1799.9,18946
2022-12-07 10:15:00,1797.4,1801.5,1780.6,1787.9,17971
2022-12-07 11:15:00,1788.7,1799.0,1785.0,1790.1,11073
2022-12-07 12:15:00,1790.0,1796.85,1786.5,1790.0,5845
2022-12-07 13:15:00,1790.0,1793.95,1785.0,1785.05,3015
2022-12-07 14:15:00,1785.05,1798.0,1785.0,1785.75,5867
2022-12-07 15:15:00,1788.55,1788.55,1769.65,1784.7,3498
2022-12-08 09:15:00,1793.65,1805.0,1771.0,1792.0,11749
2022-12-08 10:15:00,1792.05,1803.8,1790.3,1803.8,6132
2022-12-08 11:15:00,1803.5,1804.0,1800.0,1800.05,2714
2022-12-08 12:15:00,1801.0,1803.0,1796.05,1798.0,6706
2022-12-08 13:15:00,1798.5,1805.0,1798.0,1800.0,2657
2022-12-08 14:15:00,1800.0,1804.9,1797.05,1798.0,5046
2022-12-08 15:15:00,1798.1,1800.0,1793.75,1798.5,1741
2022-12-09 09:15:00,1803.4,1814.05,1792.6,1795.0,13077
2022-12-09 10:15:00,1794.95,1805.0,1794.95,1800.0,6001
2022-12-09 11:15:00,1800.0,1801.0,1757.15,1769.75,18674
2022-12-09 12:15:00,1769.1,1781.65,1760.4,1774.85,11234
2022-12-09 13:15:00,1775.0,1775.05,1746.45,1747.3,17821
2022-12-09 14:15:00,1747.2,1764.75,1731.0,1756.0,18138
2022-12-09 15:15:00,1755.3,1755.3,1740.0,1745.7,3391
2022-12-12 09:15:00,1744.95,1788.55,1712.0,1782.95,21227
2022-12-12 10:15:00,1783.85,1788.95,1780.0,1780.0,5032
2022-12-12 11:15:00,1780.0,1782.95,1770.25,1776.9,4338
2022-12-12 12:15:00,1779.65,1788.0,1776.05,1777.5,3166
2022-12-12 13:15:00,1776.05,1780.4,1775.0,1775.85,5699
2022-12-12 14:15:00,1775.5,1778.95,1764.95,1769.95,5314
2022-12-12 15:15:00,1768.0,1773.0,1762.15,1767.3,3164
2022-12-13 09:15:00,1772.4,1783.8,1758.0,1776.95,13824
2022-12-13 10:15:00,1777.95,1782.0,1775.05,1777.15,3757
2022-12-13 11:15:00,1778.15,1788.2,1776.1,1780.0,4042
2022-12-13 12:15:00,1780.0,1788.6,1775.0,1775.0,6879
2022-12-13 13:15:00,1775.0,1783.65,1775.0,1780.0,4846
2022-12-13 14:15:00,1780.0,1786.0,1749.0,1749.0,8735
2022-12-13 15:15:00,1749.75,1754.95,1732.9,1751.75,4295
2022-12-14 09:15:00,1764.9,1778.95,1758.0,1768.0,10365
2022-12-14 10:15:00,1769.45,1781.5,1766.15,1778.1,7742
2022-12-14 11:15:00,1779.0,1786.85,1779.0,1782.4,4331
2022-12-14 12:15:00,1783.95,1799.95,1782.05,1796.0,9169
2022-12-14 13:15:00,1795.95,1848.7,1790.0,1815.95,81550
2022-12-14 14:15:00,1816.1,1825.6,1802.1,1810.6,18649
2022-12-14 15:15:00,1806.0,1810.0,1791.55,1803.9,9732
2022-12-15 09:15:00,1810.0,1817.0,1798.15,1802.6,9824
2022-12-15 10:15:00,1801.65,1817.0,1800.55,1805.0,4651
2022-12-15 11:15:00,1804.95,1810.0,1786.0,1790.3,4133
2022-12-15 12:15:00,1787.5,1802.3,1787.05,1800.8,4224
2022-12-15 13:15:00,1803.7,1805.0,1791.45,1791.8,3784
2022-12-15 14:15:00,1791.8,1793.65,1748.0,1748.45,10401
2022-12-15 15:15:00,1753.75,1766.0,1744.15,1755.45,4910
2022-12-16 09:15:00,1731.0,1778.6,1731.0,1766.45,13507
2022-12-16 10:15:00,1765.15,1777.0,1765.15,1775.95,6791
2022-12-16 11:15:00,1777.95,1794.95,1777.95,1789.3,7608
2022-12-16 12:15:00,1789.45,1801.0,1787.0,1792.8,9635
2022-12-16 13:15:00,1792.95,1801.0,1788.65,1796.1,8001
2022-12-16 14:15:00,1796.6,1796.8,1757.0,1761.5,7703
2022-12-16 15:15:00,1763.3,1770.0,1757.15,1763.35,3641
2022-12-19 09:15:00,1781.0,1794.0,1768.0,1782.35,10372
2022-12-19 10:15:00,1782.25,1787.0,1780.0,1781.95,2004
2022-12-19 11:15:00,1781.95,1788.0,1780.0,1788.0,2729
2022-12-19 12:15:00,1787.7,1795.9,1780.0,1786.05,7605
2022-12-19 13:15:00,1787.9,1793.95,1785.0,1790.0,1592
2022-12-19 14:15:00,1790.0,1794.95,1773.5,1782.65,3793
2022-12-19 15:15:00,1779.3,1784.0,1764.0,1776.85,3029
2022-12-20 09:15:00,1768.0,1781.95,1761.75,1765.2,4530
2022-12-20 10:15:00,1764.9,1766.0,1754.0,1763.2,2905
2022-12-20 11:15:00,1763.2,1771.0,1761.0,1771.0,2301
2022-12-20 12:15:00,1771.0,1778.8,1764.45,1764.45,2063
2022-12-20 13:15:00,1765.1,1768.95,1746.1,1754.45,5327
2022-12-20 14:15:00,1752.4,1760.0,1748.4,1754.05,2316
2022-12-20 15:15:00,1754.3,1757.95,1746.0,1753.0,1445
2022-12-21 09:15:00,1755.0,1775.0,1754.95,1762.55,11324
2022-12-21 10:15:00,1762.3,1765.0,1757.0,1764.65,2532
2022-12-21 11:15:00,1764.0,1772.6,1760.0,1764.3,3988
2022-12-21 12:15:00,1764.25,1764.25,1742.2,1755.4,4852
2022-12-21 13:15:00,1752.65,1755.0,1737.45,1742.0,5242
2022-12-21 14:15:00,1742.0,1742.0,1716.0,1728.0,8775
2022-12-21 15:15:00,1728.0,1728.0,1717.3,1722.25,2257
2022-12-22 09:15:00,1729.95,1735.15,1686.25,1689.8,10930
2022-12-22 10:15:00,1689.45,1695.0,1678.0,1685.0,5832
2022-12-22 11:15:00,1685.0,1695.4,1677.75,1691.85,4569
2022-12-22 12:15:00,1690.0,1699.5,1688.45,1690.0,4445
2022-12-22 13:15:00,1690.0,1699.85,1686.95,1697.5,4043
2022-12-22 14:15:00,1697.5,1701.2,1687.0,1694.8,4015
2022-12-22 15:15:00,1695.95,1749.9,1650.0,1710.1,10422
2022-12-23 09:15:00,1682.25,1689.0,1657.2,1661.25,10757
2022-12-23 10:15:00,1661.05,1661.25,1638.1,1647.7,8556
2022-12-23 11:15:00,1648.4,1649.0,1599.0,1627.55,17135
2022-12-23 12:15:00,1627.7,1644.95,1625.0,1631.8,8037
2022-12-23 13:15:00,1633.4,1633.4,1610.0,1610.0,6586
2022-12-23 14:15:00,1610.45,1625.0,1608.0,1616.15,9612
2022-12-23 15:15:00,1616.15,1629.0,1610.05,1619.1,3460
2022-12-26 09:15:00,1610.0,1645.45,1610.0,1635.95,7061
2022-12-26 10:15:00,1636.0,1638.0,1629.9,1634.8,2196
2022-12-26 11:15:00,1634.3,1638.85,1634.25,1636.0,881
2022-12-26 12:15:00,1636.0,1636.0,1612.0,1623.95,3563
2022-12-26 13:15:00,1623.65,1633.0,1613.5,1630.0,4827
2022-12-26 14:15:00,1629.95,1629.95,1599.25,1607.85,3787
2022-12-26 15:15:00,1607.85,1635.0,1605.05,1612.55,2443
2022-12-27 09:15:00,1620.65,1654.25,1620.65,1649.8,7416
2022-12-27 10:15:00,1646.6,1660.9,1642.8,1660.0,5567
2022-12-27 11:15:00,1658.05,1666.1,1645.0,1666.0,3451
2022-12-27 12:15:00,1663.3,1680.0,1660.0,1675.25,5991
2022-12-27 13:15:00,1673.8,1682.9,1667.45,1674.95,5834
2022-12-27 14:15:00,1674.95,1680.0,1661.05,1676.8,3384
2022-12-27 15:15:00,1677.95,1691.0,1676.05,1684.05,3980
2022-12-28 09:15:00,1681.0,1682.75,1665.85,1676.25,4748
2022-12-28 10:15:00,1675.45,1681.75,1670.0,1675.05,2236
2022-12-28 11:15:00,1675.05,1683.8,1672.65,1680.0,1407
2022-12-28 12:15:00,1681.9,1689.9,1680.0,1683.7,1955
2022-12-28 13:15:00,1681.05,1686.8,1673.5,1674.0,2806
2022-12-28 14:15:00,1674.05,1678.4,1665.05,1669.45,2086
2022-12-28 15:15:00,1671.7,1673.05,1650.95,1663.4,2652
2022-12-29 09:15:00,1655.0,1655.05,1646.7,1647.7,2434
2022-12-29 10:15:00,1649.35,1655.0,1647.65,1651.0,918
2022-12-29 11:15:00,1652.6,1652.6,1645.0,1646.95,1025
2022-12-29 12:15:00,1646.95,1650.9,1645.0,1649.9,755
2022-12-29 13:15:00,1650.8,1653.35,1645.0,1650.95,1950
2022-12-29 14:15:00,1649.0,1669.7,1644.2,1668.2,2766
2022-12-29 15:15:00,1668.2,1697.0,1667.15,1691.25,1838
2022-12-30 09:15:00,1687.4,1718.95,1687.4,1709.5,8480
2022-12-30 10:15:00,1708.3,1716.05,1706.2,1716.0,2594
2022-12-30 11:15:00,1716.0,1719.0,1705.1,1707.35,3378
2022-12-30 12:15:00,1707.0,1708.95,1703.0,1703.5,1075
2022-12-30 13:15:00,1704.0,1706.7,1688.7,1697.8,3118
2022-12-30 14:15:00,1698.95,1710.0,1694.1,1709.95,17399
2022-12-30 15:15:00,1709.95,1720.0,1699.15,1709.1,9442
2023-01-02 09:15:00,1710.0,1720.0,1691.2,1699.85,7203
2023-01-02 10:15:00,1699.0,1704.9,1694.05,1700.0,3227
2023-01-02 11:15:00,1699.15,1706.45,1695.15,1702.9,1486
2023-01-02 12:15:00,1704.2,1704.2,1690.5,1694.55,4943
2023-01-02 13:15:00,1695.75,1696.0,1692.3,1693.15,1070
2023-01-02 14:15:00,1694.8,1694.8,1691.1,1692.0,2469
2023-01-02 15:15:00,1692.85,1694.05,1691.25,1692.95,2116
2023-01-03 09:15:00,1700.0,1704.0,1691.3,1701.4,2745
2023-01-03 10:15:00,1701.95,1701.95,1700.0,1700.3,927
2023-01-03 11:15:00,1700.3,1717.9,1700.0,1703.55,6298
2023-01-03 12:15:00,1704.45,1714.0,1700.05,1711.35,2086
2023-01-03 13:15:00,1711.35,1719.95,1710.0,1716.05,2297
2023-01-03 14:15:00,1715.0,1718.45,1707.15,1708.6,3625
2023-01-03 15:15:00,1709.85,1710.0,1708.5,1709.45,1262
2023-01-04 09:15:00,1709.15,1713.95,1692.35,1699.05,3485
2023-01-04 10:15:00,1701.6,1704.6,1693.2,1693.3,2375
2023-01-04 11:15:00,1694.9,1698.2,1685.0,1690.75,1841
2023-01-04 12:15:00,1688.95,1703.9,1687.35,1703.9,2628
2023-01-04 13:15:00,1703.9,1708.95,1700.0,1700.45,2195
2023-01-04 14:15:00,1700.4,1749.0,1688.0,1744.2,17673
2023-01-04 15:15:00,1743.95,1745.0,1706.3,1724.9,5867
2023-01-05 09:15:00,1720.05,1720.1,1703.95,1712.45,2615
2023-01-05 10:15:00,1717.0,1717.0,1709.0,1712.55,913
2023-01-05 11:15:00,1716.95,1728.0,1712.5,1712.8,3346
2023-01-05 12:15:00,1714.8,1717.95,1711.0,1715.0,1311
2023-01-05 13:15:00,1714.95,1720.0,1708.25,1715.55,1312
2023-01-05 14:15:00,1715.35,1719.0,1710.15,1711.15,2084
2023-01-05 15:15:00,1713.45,1719.0,1705.5,1713.3,1135
2023-01-06 09:15:00,1702.4,1710.0,1695.75,1707.6,2747
2023-01-06 10:15:00,1707.4,1724.0,1706.1,1715.05,4813
2023-01-06 11:15:00,1718.0,1722.0,1710.0,1715.65,4341
2023-01-06 12:15:00,1715.3,1717.85,1710.0,1711.0,1840
2023-01-06 13:15:00,1710.35,1712.65,1700.0,1701.75,4463
2023-01-06 14:15:00,1700.0,1700.8,1690.65,1692.5,5706
2023-01-06 15:15:00,1692.5,1693.9,1685.0,1691.1,2390
2023-01-09 09:15:00,1691.1,1740.0,1691.1,1732.85,24105
2023-01-09 10:15:00,1733.0,1733.0,1714.35,1719.8,7508
2023-01-09 11:15:00,1718.25,1724.0,1711.2,1713.2,2035
2023-01-09 12:15:00,1714.5,1717.9,1711.1,1711.1,1969
2023-01-09 13:15:00,1712.05,1727.0,1703.15,1727.0,8402
2023-01-09 14:15:00,1727.0,1728.0,1715.0,1722.9,7960
2023-01-09 15:15:00,1722.85,1726.9,1718.0,1723.95,2847
2023-01-10 09:15:00,1722.75,1740.0,1702.0,1719.45,9852
2023-01-10 10:15:00,1715.55,1718.4,1695.55,1698.6,4628
2023-01-10 11:15:00,1698.65,1700.05,1696.0,1699.95,2386
2023-01-10 12:15:00,1699.9,1700.3,1690.15,1691.95,1940
2023-01-10 13:15:00,1691.35,1696.05,1690.15,1693.9,1869
2023-01-10 14:15:00,1695.2,1696.0,1683.0,1684.0,6118
2023-01-10 15:15:00,1680.1,1685.6,1679.8,1685.6,3077
2023-01-11 09:15:00,1701.0,1701.0,1687.0,1698.0,5062
2023-01-11 10:15:00,1698.0,1698.0,1680.0,1690.9,3782
2023-01-11 11:15:00,1689.05,1699.9,1686.1,1698.45,3984
2023-01-11 12:15:00,1698.4,1702.95,1693.55,1693.55,1442
2023-01-11 13:15:00,1693.55,1697.6,1681.05,1685.35,2343
2023-01-11 14:15:00,1684.8,1691.15,1682.95,1684.0,2682
2023-01-11 15:15:00,1685.0,1699.45,1681.0,1686.55,1753
2023-01-12 09:15:00,1709.0,1720.0,1702.0,1702.5,13303
2023-01-12 10:15:00,1703.05,1713.0,1701.1,1708.5,2508
2023-01-12 11:15:00,1708.55,1711.8,1702.3,1707.0,3243
2023-01-12 12:15:00,1708.95,1711.45,1705.0,1705.05,1135
2023-01-12 13:15:00,1705.05,1710.4,1702.05,1705.1,2040
2023-01-12 14:15:00,1705.1,1706.85,1682.05,1690.1,7154
2023-01-12 15:15:00,1694.0,1698.8,1688.5,1692.2,2148
2023-01-13 09:15:00,1701.0,1715.15,1687.25,1693.7,9127
2023-01-13 10:15:00,1692.1,1694.35,1680.25,1686.6,3543
2023-01-13 11:15:00,1687.9,1693.0,1685.75,1690.5,2247
2023-01-13 12:15:00,1688.95,1712.0,1688.95,1707.7,6232
2023-01-13 13:15:00,1706.05,1712.95,1705.0,1708.25,2312
2023-01-13 14:15:00,1708.25,1717.0,1708.25,1711.0,4440
2023-01-13 15:15:00,1713.6,1719.95,1711.0,1715.5,2333
2023-01-16 09:15:00,1717.0,1722.55,1705.5,1710.4,4024
2023-01-16 10:15:00,1712.55,1729.0,1710.0,1725.2,4272
2023-01-16 11:15:00,1725.0,1729.9,1722.05,1726.85,3014
2023-01-16 12:15:00,1727.95,1730.0,1721.0,1728.2,3338
2023-01-16 13:15:00,1728.3,1739.0,1725.85,1735.65,4409
2023-01-16 14:15:00,1735.7,1739.95,1724.0,1733.5,5206
2023-01-16 15:15:00,1736.05,1736.05,1721.0,1725.05,2065
2023-01-17 09:15:00,1715.5,1726.5,1696.95,1703.0,10651
2023-01-17 10:15:00,1703.1,1723.75,1702.5,1719.45,5319
2023-01-17 11:15:00,1716.55,1745.95,1666.3,1685.15,95500
2023-01-17 12:15:00,1685.2,1689.0,1674.0,1680.95,17232
2023-01-17 13:15:00,1680.95,1681.5,1668.0,1669.5,10724
2023-01-17 14:15:00,1670.0,1700.0,1669.0,1697.1,22681
2023-01-17 15:15:00,1697.1,1707.2,1696.85,1696.85,9146
2023-01-18 09:15:00,1696.05,1707.75,1680.05,1704.5,14490
2023-01-18 10:15:00,1702.35,1707.0,1700.0,1705.0,5555
2023-01-18 11:15:00,1705.9,1708.0,1702.5,1702.8,12277
2023-01-18 12:15:00,1704.85,1709.8,1700.0,1708.15,2932
2023-01-18 13:15:00,1708.15,1710.0,1684.0,1686.0,5937
2023-01-18 14:15:00,1685.0,1693.25,1685.0,1690.0,6487
2023-01-18 15:15:00,1690.0,1705.0,1688.05,1695.95,6782
2023-01-19 09:15:00,1690.15,1699.0,1688.05,1689.0,2893
2023-01-19 10:15:00,1688.1,1692.85,1685.1,1690.2,1727
2023-01-19 11:15:00,1690.75,1694.5,1686.05,1691.45,2931
2023-01-19 12:15:00,1690.15,1694.1,1685.55,1685.55,4092
2023-01-19 13:15:00,1685.25,1687.55,1672.55,1675.0,5225
2023-01-19 14:15:00,1676.25,1692.7,1674.0,1681.0,4091
2023-01-19 15:15:00,1683.35,1683.35,1671.0,1680.85,2218
2023-01-20 09:15:00,1679.95,1679.95,1662.15,1665.85,3153
2023-01-20 10:15:00,1665.25,1668.3,1655.05,1657.0,3283
2023-01-20 11:15:00,1657.0,1658.0,1651.15,1653.0,2159
2023-01-20 12:15:00,1654.0,1662.05,1650.75,1662.0,3338
2023-01-20 13:15:00,1662.05,1663.0,1646.0,1649.9,16482
2023-01-20 14:15:00,1648.1,1652.95,1634.05,1636.7,25470
2023-01-20 15:15:00,1635.0,1635.25,1623.0,1633.0,6138
2023-01-23 09:15:00,1627.55,1647.0,1623.0,1643.0,5103
2023-01-23 10:15:00,1643.0,1643.7,1626.15,1633.7,6282
2023-01-23 11:15:00,1633.7,1633.7,1612.0,1614.0,5843
2023-01-23 12:15:00,1614.0,1619.35,1603.0,1618.0,9651
2023-01-23 13:15:00,1618.0,1619.0,1609.0,1612.75,8059
2023-01-23 14:15:00,1611.05,1627.8,1609.95,1622.05,9260
2023-01-23 15:15:00,1623.0,1625.0,1620.2,1622.25,10232
2023-01-24 09:15:00,1625.2,1674.0,1625.2,1653.05,40896
2023-01-24 10:15:00,1653.0,1655.95,1638.55,1648.45,39714
2023-01-24 11:15:00,1648.4,1650.0,1643.95,1649.0,3477
2023-01-24 12:15:00,1649.0,1658.65,1646.65,1651.95,3817
2023-01-24 13:15:00,1653.9,1655.0,1639.4,1643.9,4890
2023-01-24 14:15:00,1643.95,1648.85,1637.1,1640.9,6040
2023-01-24 15:15:00,1640.05,1643.5,1625.0,1634.6,5714
2023-01-25 09:15:00,1639.0,1639.9,1612.4,1616.95,6247
2023-01-25 10:15:00,1615.3,1625.85,1615.3,1624.95,2021
2023-01-25 11:15:00,1624.65,1638.75,1620.05,1637.45,2830
2023-01-25 12:15:00,1638.35,1660.0,1630.3,1650.0,19582
2023-01-25 13:15:00,1650.0,1650.0,1646.4,1650.0,9001
2023-01-25 14:15:00,1650.0,1658.9,1633.7,1646.8,15621
2023-01-25 15:15:00,1648.2,1649.0,1642.0,1646.8,2236
2023-01-27 09:15:00,1648.0,1660.0,1625.0,1625.0,6317
2023-01-27 10:15:00,1625.0,1638.0,1622.0,1632.8,2230
2023-01-27 11:15:00,1632.3,1642.05,1629.15,1629.15,3233
2023-01-27 12:15:00,1629.15,1629.15,1612.1,1624.55,2855
2023-01-27 13:15:00,1622.7,1627.6,1614.0,1616.95,2973
2023-01-27 14:15:00,1615.1,1628.45,1601.0,1625.0,8304
2023-01-27 15:15:00,1625.0,1639.0,1616.9,1627.1,3248
2023-01-30 09:15:00,1627.15,1644.95,1615.0,1632.7,5578
2023-01-30 10:15:00,1630.55,1632.0,1620.0,1621.9,1340
2023-01-30 11:15:00,1623.05,1632.1,1620.55,1627.6,1098
2023-01-30 12:15:00,1627.6,1633.1,1620.95,1622.7,1833
2023-01-30 13:15:00,1623.05,1632.4,1616.0,1616.65,3214
2023-01-30 14:15:00,1617.05,1628.0,1609.35,1622.1,4234
2023-01-30 15:15:00,1624.1,1629.0,1616.3,1628.95,2156
2023-01-31 09:15:00,1629.05,1638.0,1595.7,1612.75,5748
2023-01-31 10:15:00,1612.85,1621.8,1612.0,1619.75,2142
2023-01-31 11:15:00,1618.1,1623.15,1610.05,1612.0,2347
2023-01-31 12:15:00,1612.0,1621.0,1608.3,1608.95,3537
2023-01-31 13:15:00,1609.75,1616.0,1607.65,1611.4,2757
2023-01-31 14:15:00,1613.55,1613.75,1600.1,1605.4,5619
2023-01-31 15:15:00,1605.4,1656.25,1604.4,1635.5,40331
2023-02-01 09:15:00,1639.8,1651.05,1630.0,1632.25,4491
2023-02-01 10:15:00,1631.75,1642.5,1630.15,1634.7,1198
2023-02-01 11:15:00,1634.65,1640.15,1631.0,1635.4,1355
2023-02-01 12:15:00,1633.6,1644.0,1632.0,1640.05,3449
2023-02-01 13:15:00,1642.3,1642.3,1612.0,1616.8,2038
2023-02-01 14:15:00,1616.8,1633.45,1592.55,1633.45,7988
2023-02-01 15:15:00,1633.4,1655.0,1609.9,1639.25,13540
2023-02-02 09:15:00,1639.25,1649.5,1628.05,1642.95,5592
2023-02-02 10:15:00,1641.4,1649.55,1639.35,1640.8,15268
2023-02-02 11:15:00,1638.05,1650.0,1635.5,1640.0,5254
2023-02-02 12:15:00,1639.95,1640.0,1636.9,1639.8,2175
2023-02-02 13:15:00,1638.05,1639.95,1630.35,1630.35,2522
2023-02-02 14:15:00,1630.35,1635.95,1615.1,1617.25,3928
2023-02-02 15:15:00,1617.25,1624.85,1616.0,1622.45,1462
2023-02-03 09:15:00,1630.6,1637.6,1614.35,1619.8,3767
2023-02-03 10:15:00,1617.6,1630.0,1613.85,1626.75,4275
2023-02-03 11:15:00,1624.55,1645.0,1623.65,1633.15,5849
2023-02-03 12:15:00,1634.9,1637.95,1627.0,1627.0,1274
2023-02-03 13:15:00,1626.05,1643.35,1624.0,1629.2,4497
2023-02-03 14:15:00,1630.05,1647.95,1628.05,1635.05,5008
2023-02-03 15:15:00,1633.25,1650.0,1629.25,1641.5,3289
2023-02-06 09:15:00,1642.0,1656.45,1631.0,1636.6,5498
2023-02-06 10:15:00,1638.0,1638.0,1627.55,1629.65,1349
2023-02-06 11:15:00,1629.65,1650.0,1621.95,1645.0,8703
2023-02-06 12:15:00,1643.65,1649.95,1640.65,1647.35,3049
2023-02-06 13:15:00,1648.3,1650.0,1639.8,1644.25,4799
2023-02-06 14:15:00,1643.25,1645.85,1622.0,1633.35,4030
2023-02-06 15:15:00,1635.95,1635.95,1621.05,1627.1,3172
2023-02-07 09:15:00,1633.0,1633.15,1619.2,1620.7,4816
2023-02-07 10:15:00,1619.2,1623.15,1613.0,1616.0,2350
2023-02-07 11:15:00,1616.45,1622.3,1612.6,1618.0,2304
2023-02-07 12:15:00,1618.0,1619.15,1611.45,1613.0,1319
2023-02-07 13:15:00,1613.0,1614.95,1600.0,1601.05,4077
2023-02-07 14:15:00,1601.05,1627.0,1601.05,1620.9,2432
2023-02-07 15:15:00,1620.95,1620.95,1610.0,1618.2,1235
2023-02-08 09:15:00,1622.0,1635.8,1620.75,1628.0,2718
2023-02-08 10:15:00,1627.9,1635.0,1618.0,1634.35,2217
2023-02-08 11:15:00,1632.75,1638.0,1623.0,1635.35,4154
2023-02-08 12:15:00,1635.35,1635.95,1622.65,1622.65,1320
2023-02-08 13:15:00,1620.6,1635.0,1620.25,1631.05,1856
2023-02-08 14:15:00,1631.0,1636.9,1629.0,1634.85,6937
2023-02-08 15:15:00,1634.95,1635.0,1633.0,1633.0,1490
2023-02-09 09:15:00,1638.0,1638.0,1620.0,1625.85,4180
2023-02-09 10:15:00,1625.55,1629.3,1622.1,1622.6,577
2023-02-09 11:15:00,1622.6,1627.5,1622.1,1626.2,571
2023-02-09 12:15:00,1624.5,1628.55,1624.0,1628.55,913
2023-02-09 13:15:00,1628.25,1628.25,1615.0,1617.15,2123
2023-02-09 14:15:00,1617.2,1618.95,1597.9,1599.65,9651
2023-02-09 15:15:00,1597.2,1605.0,1597.2,1601.05,3933
2023-02-10 09:15:00,1605.0,1610.0,1593.05,1596.9,7293
2023-02-10 10:15:00,1598.45,1600.0,1594.05,1600.0,2660
2023-02-10 11:15:00,1598.95,1600.0,1595.05,1596.35,2652
2023-02-10 12:15:00,1594.6,1599.8,1594.2,1596.65,2861
2023-02-10 13:15:00,1596.0,1600.0,1595.25,1597.3,3011
2023-02-10 14:15:00,1598.05,1598.8,1590.0,1598.0,5497
2023-02-10 15:15:00,1598.0,1598.0,1588.0,1592.5,3815
2023-02-13 09:15:00,1588.0,1591.05,1565.5,1565.5,6980
2023-02-13 10:15:00,1565.05,1565.85,1550.55,1560.2,6012
2023-02-13 11:15:00,1560.15,1561.8,1554.45,1558.7,3048
2023-02-13 12:15:00,1558.65,1558.7,1543.6,1550.0,5405
2023-02-13 13:15:00,1551.0,1551.2,1545.0,1550.65,2112
2023-02-13 14:15:00,1550.0,1579.0,1543.0,1577.1,15847
2023-02-13 15:15:00,1577.15,1614.0,1574.05,1574.9,9425
2023-02-14 09:15:00,1590.0,1592.4,1548.15,1558.75,12695
2023-02-14 10:15:00,1559.6,1560.0,1553.0,1559.4,1813
2023-02-14 11:15:00,1559.4,1563.1,1555.0,1563.1,1483
2023-02-14 12:15:00,1560.55,1565.0,1558.1,1562.0,1188
2023-02-14 13:15:00,1562.0,1562.0,1543.55,1552.4,8040
2023-02-14 14:15:00,1550.5,1568.95,1550.0,1557.0,8264
2023-02-14 15:15:00,1554.3,1562.95,1540.0,1556.2,6091
2023-02-15 09:15:00,1563.95,1563.95,1550.0,1556.0,3052
2023-02-15 10:15:00,1556.8,1559.4,1546.65,1549.9,4931
2023-02-15 11:15:00,1549.9,1549.9,1542.1,1545.45,2664
2023-02-15 12:15:00,1543.85,1545.9,1538.0,1539.0,6287
2023-02-15 13:15:00,1539.0,1540.8,1538.05,1540.5,3221
2023-02-15 14:15:00,1540.5,1548.25,1523.05,1534.85,8771
2023-02-15 15:15:00,1534.8,1541.55,1532.6,1537.15,3152
2023-02-16 09:15:00,1544.9,1600.0,1544.9,1594.05,25602
2023-02-16 10:15:00,1594.95,1604.7,1590.0,1604.1,11341
2023-02-16 11:15:00,1604.15,1619.95,1590.0,1596.45,25864
2023-02-16 12:15:00,1598.15,1609.95,1593.25,1605.65,18021
2023-02-16 13:15:00,1605.9,1605.9,1595.05,1598.25,9208
2023-02-16 14:15:00,1598.25,1655.0,1594.1,1638.4,75739
2023-02-16 15:15:00,1640.05,1647.95,1630.0,1638.55,15182
2023-02-17 09:15:00,1619.05,1675.0,1611.0,1640.0,42831
2023-02-17 10:15:00,1640.45,1652.0,1632.15,1634.45,7961
2023-02-17 11:15:00,1636.3,1636.9,1619.0,1622.25,8493
2023-02-17 12:15:00,1623.8,1623.8,1612.0,1613.0,3813
2023-02-17 13:15:00,1613.0,1622.45,1612.3,1615.0,3021
2023-02-17 14:15:00,1615.05,1630.0,1615.05,1623.8,21722
2023-02-17 15:15:00,1624.1,1629.6,1620.25,1624.95,3889
2023-02-20 09:15:00,1633.1,1644.95,1612.35,1632.85,9215
2023-02-20 10:15:00,1632.05,1671.95,1632.05,1666.0,13647
2023-02-20 11:15:00,1666.35,1678.9,1650.0,1658.35,10954
2023-02-20 12:15:00,1659.9,1661.4,1652.6,1659.7,3222
2023-02-20 13:15:00,1659.7,1660.0,1640.25,1654.5,6327
2023-02-20 14:15:00,1654.5,1695.0,1651.4,1675.0,34761
2023-02-20 15:15:00,1673.3,1677.0,1657.55,1672.95,7003
2023-02-21 09:15:00,1672.05,1709.9,1664.05,1692.7,18940
2023-02-21 10:15:00,1694.0,1695.8,1672.0,1678.8,5912
2023-02-21 11:15:00,1679.95,1683.2,1676.7,1677.05,1233
2023-02-21 12:15:00,1676.05,1680.8,1668.0,1674.45,2711
2023-02-21 13:15:00,1675.0,1675.0,1668.0,1668.0,2109
2023-02-21 14:15:00,1668.0,1669.0,1645.0,1647.45,7047
2023-02-21 15:15:00,1647.45,1657.5,1644.95,1649.95,9989
2023-02-22 09:15:00,1641.35,1657.2,1616.0,1649.0,10162
2023-02-22 10:15:00,1650.1,1665.65,1649.0,1650.0,9185
2023-02-22 11:15:00,1650.0,1655.0,1648.15,1653.0,13383
2023-02-22 12:15:00,1653.1,1658.95,1649.0,1652.75,2848
2023-02-22 13:15:00,1653.75,1653.75,1648.6,1650.0,4599
2023-02-22 14:15:00,1650.0,1653.5,1641.3,1649.55,2154
2023-02-22 15:15:00,1647.8,1655.0,1613.05,1630.0,3745
2023-02-23 09:15:00,1638.0,1687.75,1631.0,1686.65,11317
2023-02-23 10:15:00,1688.0,1724.4,1684.75,1713.0,92368
2023-02-23 11:15:00,1707.15,1714.0,1700.0,1702.4,18387
2023-02-23 12:15:00,1704.45,1724.0,1700.0,1711.8,25803
2023-02-23 13:15:00,1710.0,1713.15,1701.1,1702.4,8974
2023-02-23 14:15:00,1701.15,1704.95,1680.0,1682.8,28910
2023-02-23 15:15:00,1683.45,1690.0,1681.0,1684.6,7706
2023-02-24 09:15:00,1694.2,1714.0,1685.55,1703.8,14168
2023-02-24 10:15:00,1704.6,1704.95,1690.05,1696.95,4636
2023-02-24 11:15:00,1698.3,1700.0,1685.75,1687.85,2274
2023-02-24 12:15:00,1688.95,1689.0,1674.0,1674.2,3465
2023-02-24 13:15:00,1674.2,1687.05,1666.0,1666.25,3929
2023-02-24 14:15:00,1666.25,1670.9,1650.85,1665.95,8149
2023-02-24 15:15:00,1668.8,1668.8,1656.0,1663.85,2275
2023-02-27 09:15:00,1663.85,1663.85,1612.8,1618.05,14541
2023-02-27 10:15:00,1618.05,1626.0,1610.1,1625.75,4716
2023-02-27 11:15:00,1626.95,1636.8,1620.15,1622.55,4900
2023-02-27 12:15:00,1621.7,1623.7,1615.65,1620.1,2976
2023-02-27 13:15:00,1620.2,1637.4,1620.0,1636.85,3815
2023-02-27 14:15:00,1636.9,1638.7,1634.6,1635.25,2685
2023-02-27 15:15:00,1637.25,1639.8,1631.25,1635.4,2709
2023-02-28 09:15:00,1659.0,1694.7,1643.65,1671.35,46978
2023-02-28 10:15:00,1671.7,1681.5,1660.05,1681.2,10969
2023-02-28 11:15:00,1681.75,1682.0,1671.65,1673.85,5535
2023-02-28 12:15:00,1673.2,1676.0,1670.0,1670.0,3496
2023-02-28 13:15:00,1670.0,1670.3,1648.6,1658.85,6995
2023-02-28 14:15:00,1660.0,1668.0,1642.3,1642.3,9371
2023-02-28 15:15:00,1642.2,1664.8,1620.0,1648.4,9843
2023-03-01 09:15:00,1661.0,1679.0,1650.05,1661.0,9824
2023-03-01 10:15:00,1662.75,1669.0,1660.0,1666.2,4520
2023-03-01 11:15:00,1664.0,1666.4,1661.0,1664.5,953
2023-03-01 12:15:00,1664.5,1669.85,1660.05,1669.0,1241
2023-03-01 13:15:00,1670.0,1679.0,1659.35,1665.15,5338
2023-03-01 14:15:00,1665.15,1666.4,1647.05,1666.0,34240
2023-03-01 15:15:00,1666.25,1675.0,1656.05,1666.1,7526
2023-03-02 09:15:00,1669.8,1671.9,1653.3,1655.1,2433
2023-03-02 10:15:00,1655.05,1662.85,1655.0,1660.0,782
2023-03-02 11:15:00,1661.7,1671.0,1660.0,1666.45,3300
2023-03-02 12:15:00,1664.7,1664.7,1660.0,1663.45,1350
2023-03-02 13:15:00,1663.0,1667.45,1662.5,1665.8,1687
2023-03-02 14:15:00,1665.8,1671.0,1665.5,1670.0,3958
2023-03-02 15:15:00,1670.0,1671.0,1668.05,1670.25,2357
2023-03-03 09:15:00,1690.0,1695.25,1670.5,1673.95,9822
2023-03-03 10:15:00,1674.5,1679.0,1671.0,1674.0,3558
2023-03-03 11:15:00,1674.0,1684.0,1672.4,1680.35,3780
2023-03-03 12:15:00,1679.0,1694.0,1678.6,1690.85,8697
2023-03-03 13:15:00,1690.8,1701.0,1689.1,1694.4,18190
2023-03-03 14:15:00,1694.4,1701.0,1680.0,1680.0,9961
2023-03-03 15:15:00,1683.75,1693.95,1678.95,1685.35,2657
2023-03-06 09:15:00,1685.0,1725.0,1685.0,1712.7,22282
2023-03-06 10:15:00,1712.7,1730.0,1710.6,1724.15,15574
2023-03-06 11:15:00,1724.0,1729.9,1722.55,1723.0,5019
2023-03-06 12:15:00,1723.0,1726.8,1721.45,1723.0,6423
2023-03-06 13:15:00,1723.0,1724.55,1722.05,1723.0,7337
2023-03-06 14:15:00,1723.0,1725.0,1717.0,1720.8,16354
2023-03-06 15:15:00,1720.8,1720.8,1705.5,1720.0,4401
2023-03-08 09:15:00,1715.05,1721.0,1694.0,1715.95,13620
2023-03-08 10:15:00,1715.95,1723.0,1712.0,1721.8,4862
2023-03-08 11:15:00,1725.45,1728.2,1720.0,1726.45,8713
2023-03-08 12:15:00,1725.8,1727.45,1724.0,1724.4,1088
2023-03-08 13:15:00,1726.2,1749.9,1724.1,1743.25,20477
2023-03-08 14:15:00,1741.75,1744.25,1738.05,1741.0,10258
2023-03-08 15:15:00,1740.05,1740.4,1724.0,1730.0,6171
2023-03-09 09:15:00,1725.05,1729.0,1697.1,1703.35,8347
2023-03-09 10:15:00,1705.55,1710.7,1697.1,1704.95,6265
2023-03-09 11:15:00,1704.95,1705.95,1695.2,1696.0,2321
2023-03-09 12:15:00,1696.0,1696.0,1679.8,1683.95,9925
2023-03-09 13:15:00,1684.0,1685.6,1665.05,1675.0,10966
2023-03-09 14:15:00,1675.4,1675.9,1668.0,1669.0,6726
2023-03-09 15:15:00,1668.25,1675.6,1666.3,1670.6,3352
2023-03-10 09:15:00,1651.0,1668.0,1631.05,1667.25,15055
2023-03-10 10:15:00,1667.0,1674.4,1660.3,1671.05,2740
2023-03-10 11:15:00,1671.2,1677.1,1666.2,1671.0,2338
2023-03-10 12:15:00,1670.05,1674.95,1663.0,1672.1,2322
2023-03-10 13:15:00,1671.85,1674.8,1667.0,1671.15,2375
2023-03-10 14:15:00,1672.8,1673.95,1650.0,1660.0,4948
2023-03-10 15:15:00,1661.95,1669.8,1651.55,1658.6,6664
2023-03-13 09:15:00,1641.0,1665.0,1617.05,1658.6,27824
2023-03-13 10:15:00,1658.6,1670.85,1658.6,1659.0,5874
2023-03-13 11:15:00,1659.0,1661.0,1644.55,1655.0,24800
2023-03-13 12:15:00,1654.0,1663.1,1644.55,1658.6,10068
2023-03-13 13:15:00,1658.65,1664.6,1656.1,1658.6,7266
2023-03-13 14:15:00,1657.8,1663.75,1655.05,1659.0,12176
2023-03-13 15:15:00,1659.0,1670.0,1658.0,1660.35,4579
2023-03-14 09:15:00,1665.0,1669.0,1610.05,1661.95,27851
2023-03-14 10:15:00,1660.35,1669.0,1660.0,1662.0,5987
2023-03-14 11:15:00,1662.0,1701.2,1659.5,1684.45,31706
2023-03-14 12:15:00,1682.5,1684.6,1670.85,1673.0,17874
2023-03-14 13:15:00,1671.35,1675.45,1660.35,1665.65,6344
2023-03-14 14:15:00,1664.35,1668.3,1660.35,1663.2,5652
2023-03-14 15:15:00,1664.0,1667.8,1652.65,1662.2,4388
2023-03-15 09:15:00,1679.9,1694.8,1641.05,1648.0,9926
2023-03-15 10:15:00,1648.1,1655.2,1643.4,1650.0,5989
2023-03-15 11:15:00,1650.0,1658.35,1650.0,1651.0,1837
2023-03-15 12:15:00,1650.0,1653.95,1632.05,1633.45,5054
2023-03-15 13:15:00,1632.1,1645.3,1616.0,1641.95,9589
2023-03-15 14:15:00,1642.05,1664.05,1632.0,1633.5,12275
2023-03-15 15:15:00,1631.0,1635.7,1625.0,1635.05,2456
2023-03-16 09:15:00,1626.5,1630.85,1611.05,1626.5,6794
2023-03-16 10:15:00,1626.1,1660.35,1625.15,1654.25,8570
2023-03-16 11:15:00,1653.9,1657.0,1631.0,1637.1,2960
2023-03-16 12:15:00,1634.3,1651.65,1634.25,1645.5,3121
2023-03-16 13:15:00,1646.5,1646.8,1630.0,1642.95,3691
2023-03-16 14:15:00,1640.6,1648.45,1631.0,1636.75,4193
2023-03-16 15:15:00,1636.75,1672.95,1633.7,1655.35,9060
2023-03-17 09:15:00,1678.7,1678.7,1649.1,1652.0,3204
2023-03-17 10:15:00,1652.05,1664.0,1641.7,1660.45,6447
2023-03-17 11:15:00,1661.1,1661.1,1650.25,1654.9,2419
2023-03-17 12:15:00,1654.45,1657.45,1650.0,1656.95,927
2023-03-17 13:15:00,1656.0,1669.0,1652.4,1657.55,3016
2023-03-17 14:15:00,1657.6,1662.7,1607.85,1645.05,17701
2023-03-17 15:15:00,1645.05,1683.0,1645.0,1651.85,16303
2023-03-20 09:15:00,1669.95,1719.0,1636.35,1636.8,5949
2023-03-20 10:15:00,1638.65,1646.2,1636.0,1642.75,1558
2023-03-20 11:15:00,1644.6,1648.1,1630.0,1635.15,4517
2023-03-20 12:15:00,1633.1,1634.9,1621.0,1621.8,3057
2023-03-20 13:15:00,1621.8,1626.5,1615.05,1617.05,2994
2023-03-20 14:15:00,1616.7,1632.45,1615.25,1623.15,4120
2023-03-20 15:15:00,1625.5,1629.85,1615.0,1624.9,2200
2023-03-21 09:15:00,1639.8,1639.8,1615.0,1618.65,6962
2023-03-21 10:15:00,1620.25,1624.0,1615.0,1616.1,2355
2023-03-21 11:15:00,1610.15,1616.1,1606.0,1608.45,2945
2023-03-21 12:15:00,1608.7,1613.0,1606.0,1608.95,2802
2023-03-21 13:15:00,1607.2,1613.15,1602.0,1608.15,4713
2023-03-21 14:15:00,1608.9,1622.0,1603.7,1607.0,7541
2023-03-21 15:15:00,1606.95,1608.45,1600.0,1605.25,6526
2023-03-22 09:15:00,1613.3,1634.75,1610.8,1613.45,7247
2023-03-22 10:15:00,1614.0,1616.05,1604.85,1612.3,5293
2023-03-22 11:15:00,1613.7,1618.1,1610.1,1610.8,1027
2023-03-22 12:15:00,1610.7,1613.05,1597.55,1597.95,6931
2023-03-22 13:15:00,1596.3,1597.9,1577.0,1582.5,11455
2023-03-22 14:15:00,1582.5,1584.9,1577.0,1579.95,3993
2023-03-22 15:15:00,1578.5,1580.75,1575.1,1578.4,5888
2023-03-23 09:15:00,1575.0,1595.65,1569.7,1570.0,22290
2023-03-23 10:15:00,1570.5,1572.65,1558.5,1559.05,6317
2023-03-23 11:15:00,1558.5,1559.8,1552.7,1555.9,3303
2023-03-23 12:15:00,1555.9,1557.3,1550.7,1551.0,3961
2023-03-23 13:15:00,1548.95,1552.0,1543.1,1551.15,7343
2023-03-23 14:15:00,1550.1,1553.0,1536.0,1539.6,10792
2023-03-23 15:15:00,1539.55,1549.9,1533.7,1540.6,5118
2023-03-24 09:15:00,1549.9,1572.35,1544.0,1564.65,19470
2023-03-24 10:15:00,1565.0,1566.6,1551.9,1558.95,6589
2023-03-24 11:15:00,1559.0,1561.1,1553.0,1557.25,2022
2023-03-24 12:15:00,1557.05,1565.0,1553.5,1563.45,3490
2023-03-24 13:15:00,1563.9,1565.0,1553.85,1557.25,1391
2023-03-24 14:15:00,1557.55,1558.75,1541.1,1548.0,7757
2023-03-24 15:15:00,1548.0,1551.55,1543.15,1548.25,3109
2023-03-27 09:15:00,1549.8,1549.8,1520.1,1531.1,8420
2023-03-27 10:15:00,1529.95,1531.1,1515.2,1518.7,3126
2023-03-27 11:15:00,1517.3,1522.1,1515.0,1516.55,4018
2023-03-27 12:15:00,1516.05,1520.45,1510.25,1511.6,4245
2023-03-27 13:15:00,1511.6,1514.1,1509.95,1513.0,5399
2023-03-27 14:15:00,1513.0,1554.0,1508.4,1549.25,22994
2023-03-27 15:15:00,1549.4,1554.0,1526.6,1543.95,4317
2023-03-28 09:15:00,1542.0,1545.0,1511.7,1515.85,7450
2023-03-28 10:15:00,1514.4,1516.65,1506.0,1509.55,4601
2023-03-28 11:15:00,1508.75,1512.15,1495.0,1496.95,6986
2023-03-28 12:15:00,1495.7,1514.6,1493.0,1514.55,10844
2023-03-28 13:15:00,1514.5,1514.5,1505.05,1507.75,4243
2023-03-28 14:15:00,1506.3,1509.55,1485.75,1488.0,10675
2023-03-28 15:15:00,1487.95,1494.95,1483.0,1490.2,3679
2023-03-29 09:15:00,1497.7,1501.25,1483.05,1492.0,8601
2023-03-29 10:15:00,1491.1,1494.0,1482.0,1482.75,5022
2023-03-29 11:15:00,1482.75,1488.0,1476.85,1477.65,4045
2023-03-29 12:15:00,1477.0,1490.0,1475.1,1490.0,5879
2023-03-29 13:15:00,1490.9,1495.0,1485.25,1488.0,7285
2023-03-29 14:15:00,1488.0,1529.0,1485.5,1509.65,21555
2023-03-29 15:15:00,1510.0,1529.9,1509.65,1518.0,7667
2023-03-31 09:15:00,1525.55,1539.9,1523.95,1527.55,9288
2023-03-31 10:15:00,1527.55,1527.55,1510.05,1512.2,6446
2023-03-31 11:15:00,1512.2,1513.55,1499.0,1501.0,6807
2023-03-31 12:15:00,1501.0,1517.95,1496.0,1508.35,8358
2023-03-31 13:15:00,1508.35,1519.45,1505.65,1518.8,7563
2023-03-31 14:15:00,1519.25,1551.0,1518.8,1549.0,23733
2023-03-31 15:15:00,1549.0,1549.0,1526.95,1530.0,9284
2023-04-03 09:15:00,1543.15,1555.0,1541.0,1546.75,6191
2023-04-03 10:15:00,1544.6,1547.0,1535.0,1542.5,1760
2023-04-03 11:15:00,1541.9,1546.95,1536.15,1546.15,797
2023-04-03 12:15:00,1546.0,1548.9,1541.4,1542.1,988
2023-04-03 13:15:00,1540.55,1547.65,1537.0,1545.9,1697
2023-04-03 14:15:00,1545.9,1546.85,1535.1,1536.75,5615
2023-04-03 15:15:00,1536.75,1536.75,1525.0,1535.2,2897
2023-04-05 09:15:00,1535.2,1549.0,1526.35,1545.95,4682
2023-04-05 10:15:00,1546.1,1557.9,1545.75,1554.65,8048
2023-04-05 11:15:00,1552.7,1557.8,1551.15,1556.05,3452
2023-04-05 12:15:00,1553.8,1557.9,1552.75,1557.9,1780
2023-04-05 13:15:00,1557.9,1589.9,1550.0,1557.0,47503
2023-04-05 14:15:00,1557.0,1569.95,1552.5,1556.95,8986
2023-04-05 15:15:00,1558.0,1560.0,1552.1,1557.05,4086
2023-04-06 09:15:00,1560.9,1569.9,1544.15,1566.05,4062
2023-04-06 10:15:00,1567.9,1569.7,1560.0,1560.0,3636
2023-04-06 11:15:00,1560.95,1561.0,1552.55,1556.45,1687
2023-04-06 12:15:00,1556.95,1558.9,1553.0,1556.1,1746
2023-04-06 13:15:00,1557.95,1565.9,1551.0,1552.9,2329
2023-04-06 14:15:00,1551.95,1577.0,1551.0,1566.3,5253
2023-04-06 15:15:00,1560.1,1567.95,1556.45,1567.9,1928
2023-04-10 09:15:00,1570.0,1583.0,1567.95,1571.9,4513
2023-04-10 10:15:00,1569.1,1571.0,1563.05,1567.95,2144
2023-04-10 11:15:00,1568.7,1575.0,1564.05,1568.6,1973
2023-04-10 12:15:00,1568.6,1576.9,1566.35,1573.0,1040
2023-04-10 13:15:00,1575.0,1575.0,1565.0,1568.0,1404
2023-04-10 14:15:00,1568.05,1579.0,1566.6,1571.8,2840
2023-04-10 15:15:00,1565.25,1573.55,1565.0,1568.8,1063
2023-04-11 09:15:00,1570.0,1579.5,1565.0,1570.0,4453
2023-04-11 10:15:00,1570.0,1571.45,1565.0,1566.95,1366
2023-04-11 11:15:00,1567.2,1574.6,1565.0,1569.95,3124
2023-04-11 12:15:00,1569.95,1573.0,1565.0,1570.05,3778
2023-04-11 13:15:00,1571.75,1613.0,1569.0,1601.1,17967
2023-04-11 14:15:00,1602.95,1639.7,1591.7,1631.0,40920
2023-04-11 15:15:00,1632.0,1649.95,1630.05,1634.65,11226
2023-04-12 09:15:00,1632.1,1649.0,1621.0,1639.0,15540
2023-04-12 10:15:00,1639.0,1640.0,1630.0,1637.3,3967
2023-04-12 11:15:00,1638.35,1642.9,1633.1,1635.9,1841
2023-04-12 12:15:00,1635.9,1637.0,1614.9,1629.95,7623
2023-04-12 13:15:00,1629.7,1633.0,1623.0,1625.65,5100
2023-04-12 14:15:00,1625.0,1627.75,1604.65,1609.4,6864
2023-04-12 15:15:00,1609.35,1612.5,1604.0,1608.8,3544
2023-04-13 09:15:00,1602.0,1616.95,1595.0,1597.65,8811
2023-04-13 10:15:00,1597.6,1604.95,1591.15,1596.75,3655
2023-04-13 11:15:00,1596.7,1604.2,1591.0,1597.85,3503
2023-04-13 12:15:00,1596.05,1597.7,1590.1,1592.95,2897
2023-04-13 13:15:00,1592.95,1600.9,1590.75,1592.45,2996
2023-04-13 14:15:00,1594.15,1599.0,1592.05,1598.15,2054
2023-04-13 15:15:00,1597.65,1599.35,1593.0,1596.1,1370
2023-04-17 09:15:00,1577.0,1585.0,1550.05,1564.0,21289
2023-04-17 10:15:00,1562.9,1575.85,1560.05,1572.95,7624
2023-04-17 11:15:00,1572.95,1588.4,1570.25,1577.85,10340
2023-04-17 12:15:00,1577.85,1577.85,1565.1,1570.0,7005
2023-04-17 13:15:00,1570.0,1607.7,1567.35,1600.0,16929
2023-04-17 14:15:00,1600.0,1601.9,1569.15,1571.25,17180
2023-04-17 15:15:00,1571.25,1579.15,1568.0,1569.9,28224
2023-04-18 09:15:00,1575.0,1607.0,1563.35,1585.95,15990
2023-04-18 10:15:00,1586.95,1590.0,1578.0,1580.0,7582
2023-04-18 11:15:00,1579.3,1596.0,1578.3,1596.0,3578
2023-04-18 12:15:00,1595.9,1603.05,1593.9,1596.85,22346
2023-04-18 13:15:00,1595.0,1603.9,1595.0,1596.45,22227
2023-04-18 14:15:00,1598.7,1609.85,1597.0,1599.5,26524
2023-04-18 15:15:00,1597.0,1605.0,1595.2,1601.85,4472
2023-04-19 09:15:00,1623.0,1623.0,1592.05,1595.0,22073
2023-04-19 10:15:00,1593.0,1608.95,1593.0,1596.95,10153
2023-04-19 11:15:00,1595.0,1598.3,1579.0,1582.0,13781
2023-04-19 12:15:00,1583.0,1583.0,1576.0,1580.0,4726
2023-04-19 13:15:00,1580.95,1580.95,1561.0,1569.7,8162
2023-04-19 14:15:00,1569.0,1583.0,1565.5,1583.0,22041
2023-04-19 15:15:00,1583.0,1601.0,1581.0,1587.25,25786
2023-04-20 09:15:00,1670.0,1734.95,1626.0,1725.15,1026764
2023-04-20 10:15:00,1725.1,1794.3,1724.25,1794.0,1083171
2023-04-20 11:15:00,1793.0,1821.05,1777.85,1817.1,945965
2023-04-20 12:15:00,1817.1,1817.9,1787.6,1810.0,474741
2023-04-20 13:15:00,1809.9,1825.0,1766.6,1776.9,741097
2023-04-20 14:15:00,1773.9,1804.85,1771.3,1793.55,714030
2023-04-20 15:15:00,1793.0,1794.15,1765.05,1786.2,270918
2023-04-21 09:15:00,1777.0,1806.0,1751.65,1757.0,590701
2023-04-21 10:15:00,1757.0,1776.85,1752.05,1762.0,166290
2023-04-21 11:15:00,1761.1,1766.4,1760.0,1761.0,26373
2023-04-21 12:15:00,1761.3,1767.8,1758.95,1761.65,39467
2023-04-21 13:15:00,1761.65,1773.95,1759.95,1761.4,29976
2023-04-21 14:15:00,1761.4,1769.45,1761.25,1761.6,41878
2023-04-21 15:15:00,1761.55,1785.05,1761.0,1773.15,62499
2023-04-24 09:15:00,1773.95,1797.75,1753.0,1762.15,42102
2023-04-24 10:15:00,1761.15,1765.45,1756.6,1759.4,9606
2023-04-24 11:15:00,1760.0,1760.0,1744.1,1753.8,21246
2023-04-24 12:15:00,1751.65,1752.95,1741.6,1745.65,9132
2023-04-24 13:15:00,1745.5,1748.05,1739.05,1743.25,8960
2023-04-24 14:15:00,1742.85,1751.0,1731.0,1746.95,31479
2023-04-24 15:15:00,1746.95,1750.0,1740.5,1746.25,14086
2023-04-25 09:15:00,1749.7,1760.45,1712.0,1725.0,44871
2023-04-25 10:15:00,1727.95,1754.25,1722.1,1746.7,38960
2023-04-25 11:15:00,1746.7,1764.65,1730.2,1730.35,63980
2023-04-25 12:15:00,1732.0,1736.1,1725.5,1726.1,14575
2023-04-25 13:15:00,1726.95,1729.0,1714.0,1717.0,11392
2023-04-25 14:15:00,1718.45,1720.0,1705.55,1707.0,27283
2023-04-25 15:15:00,1707.0,1710.0,1690.0,1703.6,33084
2023-04-26 09:15:00,1705.05,1714.3,1690.1,1691.6,26036
2023-04-26 10:15:00,1693.1,1709.95,1682.25,1707.9,75814
2023-04-26 11:15:00,1708.0,1708.0,1700.0,1702.0,6040
2023-04-26 12:15:00,1701.65,1707.5,1700.05,1705.45,10243
2023-04-26 13:15:00,1705.45,1709.9,1701.7,1706.1,7445
2023-04-26 14:15:00,1706.75,1708.5,1700.0,1703.5,14225
2023-04-26 15:15:00,1704.4,1705.15,1700.0,1702.15,10836
2023-04-27 09:15:00,1702.15,1708.8,1692.35,1703.35,14334
2023-04-27 10:15:00,1702.05,1744.0,1700.1,1740.15,30632
2023-04-27 11:15:00,1741.0,1741.0,1710.95,1719.7,23873
2023-04-27 12:15:00,1718.8,1718.8,1709.0,1711.85,7550
2023-04-27 13:15:00,1711.0,1721.0,1710.85,1719.95,5753
2023-04-27 14:15:00,1716.45,1719.95,1707.0,1711.45,13870
2023-04-27 15:15:00,1709.9,1710.0,1700.1,1708.2,7547
2023-04-28 09:15:00,1719.75,1729.85,1710.25,1718.4,32768
2023-04-28 10:15:00,1718.0,1725.15,1716.0,1724.95,7553
2023-04-28 11:15:00,1725.15,1725.15,1720.05,1724.75,4939
2023-04-28 12:15:00,1723.6,1725.4,1711.0,1714.55,21556
2023-04-28 13:15:00,1714.8,1724.05,1711.0,1722.6,3324
2023-04-28 14:15:00,1722.95,1725.0,1716.0,1721.95,7589
2023-04-28 15:15:00,1720.3,1723.3,1713.8,1720.85,3614
2023-05-02 09:15:00,1739.0,1748.8,1724.85,1734.85,18901
2023-05-02 10:15:00,1734.65,1757.0,1730.25,1755.0,42054
2023-05-02 11:15:00,1755.0,1764.4,1746.55,1760.0,35489
2023-05-02 12:15:00,1760.0,1772.3,1757.2,1763.45,24388
2023-05-02 13:15:00,1762.2,1768.55,1756.0,1756.0,10485
2023-05-02 14:15:00,1756.0,1756.95,1751.05,1755.0,20460
2023-05-02 15:15:00,1754.95,1762.0,1752.0,1755.7,9112
2023-05-03 09:15:00,1758.0,1763.5,1743.55,1754.05,23243
2023-05-03 10:15:00,1756.4,1756.4,1747.15,1747.35,7961
2023-05-03 11:15:00,1747.35,1749.95,1742.25,1743.7,5294
2023-05-03 12:15:00,1743.25,1747.9,1736.95,1741.9,5017
2023-05-03 13:15:00,1741.95,1745.0,1727.3,1740.95,15090
2023-05-03 14:15:00,1738.9,1741.9,1735.05,1740.0,12121
2023-05-03 15:15:00,1739.35,1741.15,1735.75,1738.75,4847
2023-05-04 09:15:00,1738.75,1750.0,1731.1,1738.1,11156
2023-05-04 10:15:00,1737.05,1741.45,1737.05,1739.0,3024
2023-05-04 11:15:00,1739.0,1739.9,1737.2,1739.05,3260
2023-05-04 12:15:00,1739.5,1739.75,1735.1,1735.1,3757
2023-05-04 13:15:00,1735.15,1740.0,1735.15,1739.6,3515
2023-05-04 14:15:00,1740.0,1740.0,1730.05,1731.65,8088
2023-05-04 15:15:00,1731.1,1738.0,1729.0,1732.2,6037
2023-05-05 09:15:00,1734.0,1748.9,1729.0,1747.05,9074
2023-05-05 10:15:00,1748.0,1750.0,1735.55,1736.15,11642
2023-05-05 11:15:00,1737.85,1739.45,1723.0,1725.1,6213
2023-05-05 12:15:00,1725.0,1729.9,1720.0,1729.9,3247
2023-05-05 13:15:00,1728.5,1741.0,1724.55,1725.45,6883
2023-05-05 14:15:00,1725.6,1738.0,1725.0,1733.0,9843
2023-05-05 15:15:00,1732.0,1733.8,1728.0,1731.85,3985
2023-05-08 09:15:00,1735.0,1737.95,1726.25,1729.05,6562
2023-05-08 10:15:00,1726.75,1730.95,1721.25,1724.85,6560
2023-05-08 11:15:00,1723.55,1726.1,1711.0,1721.05,8452
2023-05-08 12:15:00,1721.9,1725.1,1718.0,1722.15,3590
2023-05-08 13:15:00,1721.25,1731.0,1721.25,1726.0,5278
2023-05-08 14:15:00,1725.0,1731.0,1720.0,1721.95,6965
2023-05-08 15:15:00,1720.1,1725.0,1712.15,1721.65,3813
2023-05-09 09:15:00,1721.65,1737.7,1720.0,1723.5,12736
2023-05-09 10:15:00,1723.5,1726.0,1722.1,1725.05,3232
2023-05-09 11:15:00,1725.9,1731.5,1725.9,1730.0,3707
2023-05-09 12:15:00,1730.0,1740.0,1729.55,1735.1,8599
2023-05-09 13:15:00,1736.45,1763.2,1733.3,1750.15,36232
2023-05-09 14:15:00,1751.15,1763.0,1749.0,1751.15,16812
2023-05-09 15:15:00,1752.05,1754.0,1740.05,1747.45,8186
2023-05-10 09:15:00,1755.0,1765.0,1733.1,1737.45,13798
2023-05-10 10:15:00,1737.95,1743.05,1737.1,1743.05,5591
2023-05-10 11:15:00,1742.95,1748.0,1737.05,1739.0,2892
2023-05-10 12:15:00,1739.45,1742.85,1738.0,1740.55,3364
2023-05-10 13:15:00,1740.75,1742.8,1733.1,1734.65,3904
2023-05-10 14:15:00,1734.6,1738.4,1724.05,1732.0,8936
2023-05-10 15:15:00,1732.95,1734.0,1720.0,1728.95,3421
2023-05-11 09:15:00,1742.3,1759.45,1736.0,1745.9,13121
2023-05-11 10:15:00,1747.4,1755.0,1743.15,1746.45,7090
2023-05-11 11:15:00,1746.55,1750.0,1741.0,1746.5,4227
2023-05-11 12:15:00,1746.5,1748.35,1740.05,1746.8,3779
2023-05-11 13:15:00,1746.6,1748.1,1741.25,1742.3,3473
2023-05-11 14:15:00,1742.65,1748.3,1732.0,1741.15,7327
2023-05-11 15:15:00,1741.05,1745.0,1739.0,1744.35,2043
2023-05-12 09:15:00,1742.0,1742.0,1727.0,1732.0,4645
2023-05-12 10:15:00,1732.0,1740.0,1731.35,1733.3,3530
2023-05-12 11:15:00,1731.5,1737.35,1728.65,1731.9,5215
2023-05-12 12:15:00,1735.45,1736.75,1730.55,1732.55,2478
2023-05-12 13:15:00,1734.1,1735.0,1728.05,1735.0,1675
2023-05-12 14:15:00,1735.0,1735.35,1725.75,1728.7,3393
2023-05-12 15:15:00,1730.6,1730.6,1722.0,1727.0,2402
2023-05-15 09:15:00,1736.1,1740.0,1720.05,1737.05,7036
2023-05-15 10:15:00,1736.55,1736.55,1731.0,1733.8,1994
2023-05-15 11:15:00,1733.8,1739.95,1730.0,1732.15,3835
2023-05-15 12:15:00,1730.25,1767.1,1730.25,1765.0,40518
2023-05-15 13:15:00,1765.5,1775.0,1761.0,1773.3,35872
2023-05-15 14:15:00,1772.0,1773.0,1750.55,1751.05,21499
2023-05-15 15:15:00,1751.9,1754.4,1745.0,1751.25,4911
2023-05-16 09:15:00,1765.0,1770.95,1750.0,1755.45,18646
2023-05-16 10:15:00,1753.35,1757.95,1751.35,1754.65,2928
2023-05-16 11:15:00,1754.7,1775.0,1748.0,1772.4,20275
2023-05-16 12:15:00,1773.2,1800.0,1764.85,1793.0,95190
2023-05-16 13:15:00,1795.5,1806.3,1786.45,1802.0,56488
2023-05-16 14:15:00,1802.0,1802.0,1790.0,1791.2,39550
2023-05-16 15:15:00,1794.05,1795.7,1780.0,1794.1,14579
2023-05-17 09:15:00,1805.0,1819.35,1798.1,1805.9,53247
2023-05-17 10:15:00,1805.9,1809.95,1780.05,1793.95,24962
2023-05-17 11:15:00,1795.8,1795.8,1760.0,1769.1,10501
2023-05-17 12:15:00,1768.0,1785.0,1764.1,1776.55,9826
2023-05-17 13:15:00,1778.0,1791.0,1770.0,1785.15,6740
2023-05-17 14:15:00,1786.9,1788.0,1774.6,1778.9,6997
2023-05-17 15:15:00,1778.9,1779.0,1771.0,1776.6,5415
2023-05-18 09:15:00,1790.0,1798.8,1778.05,1783.75,15598
2023-05-18 10:15:00,1782.75,1787.95,1781.1,1783.35,6259
2023-05-18 11:15:00,1784.0,1790.0,1782.0,1786.9,7832
2023-05-18 12:15:00,1786.9,1787.45,1783.0,1785.2,3900
2023-05-18 13:15:00,1786.0,1790.0,1771.0,1771.0,7991
2023-05-18 14:15:00,1771.0,1785.0,1771.0,1781.05,7231
2023-05-18 15:15:00,1782.0,1785.0,1779.0,1782.0,3535
2023-05-19 09:15:00,1785.0,1803.2,1769.7,1775.05,27058
2023-05-19 10:15:00,1777.1,1797.45,1776.1,1795.5,4338
2023-05-19 11:15:00,1794.1,1796.9,1790.55,1793.0,7391
2023-05-19 12:15:00,1793.0,1795.0,1785.0,1791.5,5533
2023-05-19 13:15:00,1791.45,1880.05,1791.0,1864.4,205448
2023-05-19 14:15:00,1864.4,1907.0,1855.05,1880.2,265933
2023-05-19 15:15:00,1880.0,1890.0,1871.0,1888.25,47996
2023-05-22 09:15:00,1900.0,1948.7,1897.3,1939.4,204674
2023-05-22 10:15:00,1939.9,1965.65,1937.9,1943.0,126779
2023-05-22 11:15:00,1943.0,1991.0,1943.0,1971.6,131734
2023-05-22 12:15:00,1972.0,1985.0,1962.95,1978.45,53370
2023-05-22 13:15:00,1977.95,1998.65,1968.7,1983.0,103290
2023-05-22 14:15:00,1982.15,1998.5,1976.55,1998.5,66070
2023-05-22 15:15:00,1999.0,1999.9,1987.1,1994.55,34869
2023-05-23 09:15:00,2000.0,2017.9,1978.0,1989.85,104829
2023-05-23 10:15:00,1989.8,2006.95,1985.05,1989.0,25487
2023-05-23 11:15:00,1989.0,2003.0,1987.5,1993.0,19764
2023-05-23 12:15:00,1993.0,2021.0,1990.1,2014.0,58523
2023-05-23 13:15:00,2013.05,2027.7,2012.0,2025.0,62226
2023-05-23 14:15:00,2025.0,2030.0,1978.0,1988.0,68273
2023-05-23 15:15:00,1988.0,1990.0,1984.75,1986.7,12301
2023-05-24 09:15:00,1988.0,2020.0,1965.5,1997.5,63421
2023-05-24 10:15:00,1994.5,2002.0,1985.0,1998.0,22397
2023-05-24 11:15:00,1998.0,2001.0,1991.05,1991.05,9823
2023-05-24 12:15:00,1991.95,1993.05,1976.05,1982.9,9525
2023-05-24 13:15:00,1982.1,1992.0,1979.05,1988.95,7120
2023-05-24 14:15:00,1988.75,1991.9,1971.0,1977.15,16522
2023-05-24 15:15:00,1976.0,1980.8,1970.05,1974.2,6856
2023-05-25 09:15:00,1983.4,1991.15,1932.05,1935.0,39951
2023-05-25 10:15:00,1934.95,1939.0,1926.0,1928.75,18667
2023-05-25 11:15:00,1927.5,1928.45,1916.15,1918.55,11619
2023-05-25 12:15:00,1919.95,1925.9,1907.0,1910.05,21312
2023-05-25 13:15:00,1910.05,1914.75,1901.4,1908.05,14858
2023-05-25 14:15:00,1907.55,1926.7,1901.35,1916.0,42697
2023-05-25 15:15:00,1914.2,1924.8,1914.2,1914.95,18364
2023-05-26 09:15:00,1918.0,1988.0,1918.0,1979.2,82917
2023-05-26 10:15:00,1979.2,1995.0,1974.85,1983.55,28901
2023-05-26 11:15:00,1981.9,2014.95,1976.1,2013.0,69048
2023-05-26 12:15:00,2010.15,2014.95,2002.35,2010.0,43613
2023-05-26 13:15:00,2010.0,2014.95,1996.15,2009.0,54295
2023-05-26 14:15:00,2009.8,2009.8,1983.85,1995.3,111713
2023-05-26 15:15:00,1995.55,1999.1,1972.0,1990.3,28561
2023-05-29 09:15:00,2010.0,2036.0,2001.0,2017.05,54788
2023-05-29 10:15:00,2015.2,2034.9,2014.0,2032.9,54668
2023-05-29 11:15:00,2032.0,2033.9,2021.1,2028.0,22376
2023-05-29 12:15:00,2028.0,2033.6,2027.0,2031.4,12708
2023-05-29 13:15:00,2030.7,2033.0,2025.3,2027.0,41762
2023-05-29 14:15:00,2027.4,2028.0,2023.0,2025.85,58756
2023-05-29 15:15:00,2025.85,2025.85,2001.25,2021.6,11950
2023-05-30 09:15:00,2018.0,2022.25,1995.0,2017.5,16878
2023-05-30 10:15:00,2019.25,2029.9,2016.2,2017.25,10765
2023-05-30 11:15:00,2017.65,2019.95,2013.2,2019.95,4140
2023-05-30 12:15:00,2020.0,2020.45,2015.0,2018.05,2834
2023-05-30 13:15:00,2018.4,2021.0,2016.0,2019.6,2314
2023-05-30 14:15:00,2019.4,2020.95,1996.05,1996.05,14247
2023-05-30 15:15:00,1996.05,2009.0,1995.0,2001.85,4738
2023-05-31 09:15:00,2001.95,2019.95,1979.0,2016.55,24978
2023-05-31 10:15:00,2016.85,2017.35,1996.05,1999.05,9572
2023-05-31 11:15:00,1998.5,2001.45,1989.0,1991.1,9728
2023-05-31 12:15:00,1991.95,2000.0,1990.0,2000.0,3358
2023-05-31 13:15:00,2001.0,2019.0,1997.0,2013.95,20349
2023-05-31 14:15:00,2014.0,2059.95,2014.0,2059.0,106128
2023-05-31 15:15:00,2059.0,2064.95,2046.0,2056.1,30497
2023-06-01 09:15:00,2066.0,2081.0,2051.05,2058.0,27050
2023-06-01 10:15:00,2058.05,2059.0,2041.5,2048.45,8264
2023-06-01 11:15:00,2047.1,2069.0,2047.0,2065.95,10926
2023-06-01 12:15:00,2068.0,2069.9,2061.1,2067.65,10585
2023-06-01 13:15:00,2069.95,2069.95,2061.0,2061.1,5312
2023-06-01 14:15:00,2061.1,2066.75,2060.05,2063.4,11171
2023-06-01 15:15:00,2063.85,2065.0,2052.5,2062.15,7060
2023-06-02 09:15:00,2070.0,2086.35,2056.15,2084.0,41351
2023-06-02 10:15:00,2083.05,2090.0,2082.0,2089.35,25878
2023-06-02 11:15:00,2089.9,2089.9,2083.0,2085.95,8744
2023-06-02 12:15:00,2086.95,2094.4,2083.5,2091.7,18776
2023-06-02 13:15:00,2091.0,2094.0,2086.95,2091.95,11815
2023-06-02 14:15:00,2091.95,2099.95,2085.5,2097.95,60142
2023-06-02 15:15:00,2097.9,2098.6,2059.9,2089.75,13665
2023-06-05 09:15:00,2098.8,2114.9,2089.1,2101.8,42485
2023-06-05 10:15:00,2102.2,2105.0,2075.45,2083.4,17071
2023-06-05 11:15:00,2083.45,2084.0,2058.05,2064.75,13010
2023-06-05 12:15:00,2065.7,2078.8,2064.05,2067.9,11292
2023-06-05 13:15:00,2067.4,2070.0,2057.0,2060.2,9619
2023-06-05 14:15:00,2059.2,2065.0,2040.5,2040.5,16491
2023-06-05 15:15:00,2040.5,2055.0,2031.0,2043.55,14641
2023-06-06 09:15:00,2043.0,2049.8,1996.4,2006.0,31427
2023-06-06 10:15:00,2006.0,2019.0,2005.0,2007.85,9473
2023-06-06 11:15:00,2007.85,2015.8,2007.0,2011.0,6034
2023-06-06 12:15:00,2011.0,2024.9,2010.0,2019.4,5118
2023-06-06 13:15:00,2020.9,2037.95,2017.45,2021.2,7148
2023-06-06 14:15:00,2021.2,2024.65,2015.1,2017.6,5745
2023-06-06 15:15:00,2017.55,2025.0,2014.05,2019.8,5163
2023-06-07 09:15:00,2029.9,2049.0,2023.5,2027.7,17750
2023-06-07 10:15:00,2025.7,2028.5,2015.0,2024.3,5968
2023-06-07 11:15:00,2025.3,2035.0,2020.2,2031.55,5394
2023-06-07 12:15:00,2030.1,2034.7,2017.55,2021.2,9361
2023-06-07 13:15:00,2020.0,2027.4,2015.4,2023.95,6876
2023-06-07 14:15:00,2023.2,2024.0,2015.0,2018.75,8897
2023-06-07 15:15:00,2018.0,2021.0,2010.85,2017.5,4869
2023-06-08 09:15:00,2017.5,2021.0,1991.25,2009.15,14795
2023-06-08 10:15:00,2009.15,2015.0,2005.9,2010.0,5078
2023-06-08 11:15:00,2010.0,2011.3,1963.3,1973.05,22551
2023-06-08 12:15:00,1971.7,1988.35,1966.3,1982.0,10340
2023-06-08 13:15:00,1981.65,1984.0,1975.0,1978.2,7346
2023-06-08 14:15:00,1976.4,1982.0,1972.3,1979.25,10801
2023-06-08 15:15:00,1979.25,1985.3,1960.9,1975.8,8118
2023-06-09 09:15:00,1991.15,2010.0,1981.1,1992.05,19682
2023-06-09 10:15:00,1992.0,2000.0,1991.0,2000.0,5223
2023-06-09 11:15:00,1998.65,2007.0,1997.65,1997.65,16003
2023-06-09 12:15:00,1997.2,1999.3,1991.05,1997.9,3904
2023-06-09 13:15:00,1998.15,1998.95,1990.05,1992.25,3460
2023-06-09 14:15:00,1992.2,1992.8,1959.15,1971.0,18242
2023-06-09 15:15:00,1970.85,1972.6,1961.35,1967.9,6267
2023-06-12 09:15:00,1967.9,2000.0,1951.0,1996.65,14230
2023-06-12 10:15:00,1996.65,1999.8,1992.15,1995.0,4129
2023-06-12 11:15:00,1995.0,1995.0,1985.95,1992.25,5067
2023-06-12 12:15:00,1992.3,1998.0,1990.0,1995.4,4357
2023-06-12 13:15:00,1995.0,1998.0,1977.05,1979.2,6880
2023-06-12 14:15:00,1982.95,1982.95,1968.0,1974.0,7934
2023-06-12 15:15:00,1976.0,1979.95,1970.0,1973.0,4940
2023-06-13 09:15:00,1989.7,2021.7,1985.0,2012.0,34861
2023-06-13 10:15:00,2011.8,2012.95,2007.05,2011.1,12355
2023-06-13 11:15:00,2012.0,2022.25,2010.05,2014.9,19312
2023-06-13 12:15:00,2015.25,2020.0,2009.1,2014.25,10436
2023-06-13 13:15:00,2014.15,2017.0,2005.0,2009.8,14006
2023-06-13 14:15:00,2009.8,2012.5,2004.35,2011.6,11794
2023-06-13 15:15:00,2010.55,2015.25,2004.25,2010.4,11463
2023-06-14 09:15:00,2002.0,2015.0,1982.05,1997.0,15886
2023-06-14 10:15:00,1997.4,1997.4,1975.05,1977.0,15315
2023-06-14 11:15:00,1978.8,1980.0,1974.2,1979.05,5304
2023-06-14 12:15:00,1979.95,1988.45,1979.0,1985.3,3790
2023-06-14 13:15:00,1985.1,1988.1,1980.0,1981.0,4901
2023-06-14 14:15:00,1981.0,1985.0,1979.7,1980.0,6228
2023-06-14 15:15:00,1979.7,1981.7,1972.0,1978.6,6943
2023-06-15 09:15:00,1980.0,1987.0,1960.0,1972.45,16057
2023-06-15 10:15:00,1972.45,1975.4,1963.3,1964.9,7241
2023-06-15 11:15:00,1964.9,1965.0,1950.0,1956.25,12594
2023-06-15 12:15:00,1955.0,1980.95,1954.0,1978.95,11720
2023-06-15 13:15:00,1978.6,1999.0,1968.2,1968.25,17245
2023-06-15 14:15:00,1968.25,1974.8,1965.0,1968.5,4725
2023-06-15 15:15:00,1968.65,1968.65,1959.35,1964.45,7230
2023-06-16 09:15:00,1965.0,1985.25,1965.0,1983.0,12540
2023-06-16 10:15:00,1983.0,1991.95,1981.0,1981.95,7311
2023-06-16 11:15:00,1983.0,1983.0,1965.05,1969.1,8708
2023-06-16 12:15:00,1970.65,1983.8,1969.0,1978.9,4312
2023-06-16 13:15:00,1979.5,1984.55,1976.5,1977.4,2556
2023-06-16 14:15:00,1976.6,1985.0,1972.1,1973.75,5353
2023-06-16 15:15:00,1974.9,1983.5,1973.35,1981.0,2676
2023-06-19 09:15:00,1977.45,2000.0,1977.45,1984.0,13591
2023-06-19 10:15:00,1983.9,1985.5,1979.05,1982.35,5065
2023-06-19 11:15:00,1982.1,1987.45,1979.25,1985.25,3401
2023-06-19 12:15:00,1985.0,1988.9,1981.6,1982.05,3122
2023-06-19 13:15:00,1982.1,1989.95,1977.0,1986.0,4322
2023-06-19 14:15:00,1986.05,1986.05,1980.15,1980.2,3621
2023-06-19 15:15:00,1981.5,1984.95,1980.0,1980.85,2997
2023-06-20 09:15:00,1992.0,1992.0,1978.0,1986.2,7804
2023-06-20 10:15:00,1985.0,1986.2,1966.15,1973.95,9320
2023-06-20 11:15:00,1972.2,1977.0,1970.1,1976.0,3988
2023-06-20 12:15:00,1975.05,1980.0,1971.25,1974.45,3887
2023-06-20 13:15:00,1974.45,1979.0,1972.05,1976.8,2125
2023-06-20 14:15:00,1976.95,1982.0,1975.0,1979.75,5999
2023-06-20 15:15:00,1980.8,1982.0,1970.1,1974.0,3284
2023-06-21 09:15:00,1982.0,2014.0,1982.0,2008.25,27278
2023-06-21 10:15:00,2008.45,2010.0,1990.3,1994.55,13201
2023-06-21 11:15:00,1995.95,1997.9,1991.45,1996.15,1927
2023-06-21 12:15:00,1997.0,1997.95,1990.65,1994.95,2122
2023-06-21 13:15:00,1995.15,1995.9,1990.0,1992.9,3248
2023-06-21 14:15:00,1991.85,1993.35,1977.9,1985.0,9078
2023-06-21 15:15:00,1984.5,1991.0,1980.0,1991.0,3107
2023-06-22 09:15:00,1985.0,1988.7,1941.05,1947.0,26872
2023-06-22 10:15:00,1947.0,1949.95,1932.25,1943.0,14677
2023-06-22 11:15:00,1943.0,1946.0,1935.0,1936.15,6235
2023-06-22 12:15:00,1936.65,1943.5,1928.2,1929.9,6385
2023-06-22 13:15:00,1930.2,1958.0,1930.1,1952.45,9490
2023-06-22 14:15:00,1951.95,1963.8,1950.0,1960.9,6428
2023-06-22 15:15:00,1959.8,1960.25,1951.35,1957.0,3354
2023-06-23 09:15:00,1930.0,1943.05,1915.0,1925.0,16576
2023-06-23 10:15:00,1925.0,1934.1,1924.1,1928.9,4399
2023-06-23 11:15:00,1927.4,1936.1,1927.4,1932.0,1741
2023-06-23 12:15:00,1931.55,1934.0,1925.4,1925.4,1258
2023-06-23 13:15:00,1926.85,1955.9,1917.0,1933.35,6906
2023-06-23 14:15:00,1932.05,1932.05,1912.0,1912.0,10678
2023-06-23 15:15:00,1912.0,1916.8,1906.25,1911.0,4620
2023-06-26 09:15:00,1912.6,1930.0,1911.05,1919.85,5707
2023-06-26 10:15:00,1918.65,1927.95,1917.65,1926.9,3804
2023-06-26 11:15:00,1924.95,1925.0,1916.55,1924.95,3090
2023-06-26 12:15:00,1924.95,1929.85,1919.75,1921.35,2374
2023-06-26 13:15:00,1919.1,1925.0,1897.2,1899.6,7637
2023-06-26 14:15:00,1899.6,1922.35,1891.6,1917.6,8561
2023-06-26 15:15:00,1917.6,1917.6,1890.05,1891.0,5540
2023-06-27 09:15:00,1911.3,1929.95,1911.3,1928.95,6023
2023-06-27 10:15:00,1928.7,1941.0,1927.55,1938.1,8678
2023-06-27 11:15:00,1938.7,1938.7,1925.7,1935.9,3758
2023-06-27 12:15:00,1935.9,1938.0,1920.05,1925.8,3420
2023-06-27 13:15:00,1924.9,1926.2,1914.05,1915.3,7834
2023-06-27 14:15:00,1917.85,1917.85,1905.0,1909.4,4424
2023-06-27 15:15:00,1909.0,1910.0,1901.0,1906.0,3977
2023-06-28 09:15:00,1920.0,1939.65,1912.0,1919.95,8192
2023-06-28 10:15:00,1919.95,1928.45,1919.95,1922.45,3116
2023-06-28 11:15:00,1922.0,1925.95,1916.0,1917.95,4038
2023-06-28 12:15:00,1915.85,1929.95,1915.0,1927.25,5582
2023-06-28 13:15:00,1927.3,1927.3,1911.9,1914.2,4019
2023-06-28 14:15:00,1915.3,1918.55,1913.55,1914.55,2822
2023-06-28 15:15:00,1915.0,1917.65,1907.15,1913.8,3705
2023-06-30 09:15:00,1918.0,1931.6,1918.0,1928.95,9507
2023-06-30 10:15:00,1929.0,1962.05,1928.1,1947.1,26841
2023-06-30 11:15:00,1947.0,1949.55,1942.2,1946.8,3680
2023-06-30 12:15:00,1946.8,1958.95,1945.2,1953.3,9213
2023-06-30 13:15:00,1953.6,1965.0,1953.5,1956.0,17627
2023-06-30 14:15:00,1955.0,1955.0,1940.0,1943.95,12019
2023-06-30 15:15:00,1944.3,1949.0,1940.1,1948.45,6392
2023-07-03 09:15:00,1957.6,1965.0,1931.75,1937.2,10355
2023-07-03 10:15:00,1937.15,1948.4,1932.0,1946.95,6944
2023-07-03 11:15:00,1945.15,1948.0,1938.5,1941.1,2231
2023-07-03 12:15:00,1943.7,1950.3,1941.8,1947.65,3538
2023-07-03 13:15:00,1947.65,1948.35,1924.0,1924.0,6631
2023-07-03 14:15:00,1924.45,1935.0,1924.45,1929.25,2728
2023-07-03 15:15:00,1929.05,1931.4,1924.5,1931.4,3569
2023-07-04 09:15:00,1928.8,1940.15,1914.95,1923.45,13684
2023-07-04 10:15:00,1921.7,1924.4,1914.3,1916.0,3368
2023-07-04 11:15:00,1915.1,1917.95,1904.45,1913.75,7504
2023-07-04 12:15:00,1913.15,1925.0,1912.05,1918.0,2558
2023-07-04 13:15:00,1916.75,1920.0,1913.2,1914.85,3253
2023-07-04 14:15:00,1914.85,1918.8,1907.1,1908.0,3417
2023-07-04 15:15:00,1908.0,1929.0,1901.1,1912.9,6006
2023-07-05 09:15:00,1914.0,1932.0,1910.45,1928.95,5879
2023-07-05 10:15:00,1927.1,1938.75,1925.25,1928.4,6526
2023-07-05 11:15:00,1928.4,1959.0,1927.5,1957.9,13759
2023-07-05 12:15:00,1958.4,1997.0,1950.0,1990.0,23281
2023-07-05 13:15:00,1990.0,2024.75,1989.05,2012.15,94976
2023-07-05 14:15:00,2013.7,2030.5,2000.0,2025.7,53092
2023-07-05 15:15:00,2024.6,2030.5,2008.0,2018.0,18642
2023-07-06 09:15:00,2020.0,2038.0,2015.0,2017.0,29617
2023-07-06 10:15:00,2018.95,2021.0,2001.0,2004.25,10237
2023-07-06 11:15:00,2004.25,2010.75,1990.2,1993.85,4672
2023-07-06 12:15:00,1994.75,1998.95,1977.9,1995.2,17238
2023-07-06 13:15:00,1995.0,1995.0,1983.1,1989.0,5219
2023-07-06 14:15:00,1989.0,1994.45,1981.3,1991.05,6580
2023-07-06 15:15:00,1992.5,1992.5,1980.05,1985.0,4091
2023-07-07 09:15:00,1985.0,2007.95,1979.0,1994.55,13565
2023-07-07 10:15:00,1996.3,1996.3,1956.0,1975.75,16304
2023-07-07 11:15:00,1976.25,1983.4,1964.0,1972.3,4378
2023-07-07 12:15:00,1972.3,1977.8,1966.75,1973.9,2585
2023-07-07 13:15:00,1973.95,1980.0,1963.5,1964.75,3174
2023-07-07 14:15:00,1963.05,1976.0,1962.4,1963.35,7575
2023-07-07 15:15:00,1960.9,1961.8,1951.3,1955.0,6552
2023-07-10 09:15:00,1956.0,1972.0,1937.35,1946.7,8691
2023-07-10 10:15:00,1945.05,1952.0,1943.95,1947.35,3333
2023-07-10 11:15:00,1947.35,1962.0,1944.25,1949.25,5176
2023-07-10 12:15:00,1947.55,1958.3,1946.0,1955.0,1124
2023-07-10 13:15:00,1955.0,1955.5,1943.05,1945.95,3535
2023-07-10 14:15:00,1947.85,1952.0,1941.35,1946.6,3230
2023-07-10 15:15:00,1947.9,1949.5,1941.0,1943.0,1492
2023-07-11 09:15:00,1950.0,1969.05,1948.0,1955.2,6694
2023-07-11 10:15:00,1955.25,1964.9,1951.0,1958.35,12700
2023-07-11 11:15:00,1956.55,1966.2,1954.95,1964.2,3675
2023-07-11 12:15:00,1962.3,1979.95,1962.3,1971.95,7880
2023-07-11 13:15:00,1973.95,1977.0,1962.4,1963.5,5489
2023-07-11 14:15:00,1963.55,1972.0,1952.9,1954.0,5622
2023-07-11 15:15:00,1955.05,1978.0,1952.25,1975.0,2726
2023-07-12 09:15:00,1968.0,1978.85,1965.65,1968.0,5166
2023-07-12 10:15:00,1967.9,1968.9,1954.3,1955.0,4511
2023-07-12 11:15:00,1953.35,1954.95,1945.3,1946.95,4411
2023-07-12 12:15:00,1945.3,1948.4,1937.05,1947.15,4337
2023-07-12 13:15:00,1947.15,1952.0,1944.05,1947.4,3026
2023-07-12 14:15:00,1947.6,1955.0,1942.05,1954.0,6572
2023-07-12 15:15:00,1953.95,1953.95,1943.15,1949.0,3229
2023-07-13 09:15:00,1947.3,1990.0,1942.1,1979.75,17962
2023-07-13 10:15:00,1979.4,1995.95,1975.75,1987.25,17392
2023-07-13 11:15:00,1987.25,1994.95,1984.3,1991.0,10942
2023-07-13 12:15:00,1990.55,2013.95,1987.0,1998.0,33037
2023-07-13 13:15:00,1996.2,2005.25,1957.9,1961.2,16611
2023-07-13 14:15:00,1959.1,1973.75,1956.05,1970.0,8642
2023-07-13 15:15:00,1970.95,1976.45,1965.0,1970.0,7240
2023-07-14 09:15:00,1975.65,2035.05,1975.65,2027.2,70353
2023-07-14 10:15:00,2028.2,2035.45,2018.0,2032.25,40251
2023-07-14 11:15:00,2030.85,2120.1,2030.85,2119.15,317207
2023-07-14 12:15:00,2119.0,2142.4,2106.05,2115.2,276747
2023-07-14 13:15:00,2116.95,2130.0,2112.0,2127.0,83607
2023-07-14 14:15:00,2126.3,2155.0,2119.0,2132.15,245232
2023-07-14 15:15:00,2133.9,2179.0,2132.0,2168.0,111563
2023-07-17 09:15:00,2175.0,2194.55,2154.0,2167.65,165878
2023-07-17 10:15:00,2167.95,2188.95,2165.05,2167.05,50033
2023-07-17 11:15:00,2169.4,2180.4,2155.0,2178.45,29453
2023-07-17 12:15:00,2176.75,2217.85,2174.0,2182.9,88198
2023-07-17 13:15:00,2181.0,2184.95,2156.75,2163.0,25209
2023-07-17 14:15:00,2163.95,2185.0,2155.0,2165.85,36086
2023-07-17 15:15:00,2163.15,2166.15,2148.8,2148.8,14390
2023-07-18 09:15:00,2169.9,2179.1,2144.4,2161.9,53083
2023-07-18 10:15:00,2160.6,2167.3,2150.1,2155.0,11299
2023-07-18 11:15:00,2154.0,2160.9,2145.0,2159.05,13561
2023-07-18 12:15:00,2157.6,2169.7,2157.45,2167.5,13286
2023-07-18 13:15:00,2167.5,2177.9,2154.0,2159.5,24586
2023-07-18 14:15:00,2159.5,2159.5,2135.0,2149.45,19931
2023-07-18 15:15:00,2152.8,2177.9,2150.0,2177.9,17682
2023-07-19 09:15:00,2170.0,2254.8,2170.0,2225.75,183459
2023-07-19 10:15:00,2225.75,2234.5,2205.15,2212.85,50169
2023-07-19 11:15:00,2212.45,2214.9,2192.0,2205.65,27098
2023-07-19 12:15:00,2203.7,2225.0,2199.1,2215.3,18384
2023-07-19 13:15:00,2212.5,2215.9,2186.75,2187.6,20957
2023-07-19 14:15:00,2187.65,2226.1,2125.35,2165.95,369151
2023-07-19 15:15:00,2165.0,2180.5,2162.15,2180.0,35823
2023-07-20 09:15:00,2199.95,2219.0,2151.3,2211.75,99336
2023-07-20 10:15:00,2212.35,2222.0,2202.0,2208.85,46432
2023-07-20 11:15:00,2208.1,2245.0,2202.5,2235.0,81902
2023-07-20 12:15:00,2236.75,2242.3,2219.0,2221.0,36167
2023-07-20 13:15:00,2220.95,2228.45,2215.85,2219.2,26638
2023-07-20 14:15:00,2220.25,2222.9,2215.0,2216.6,28050
2023-07-20 15:15:00,2216.15,2223.0,2215.0,2217.8,13981
2023-07-21 09:15:00,2190.0,2190.0,2140.05,2161.9,111115
2023-07-21 10:15:00,2162.45,2177.0,2154.0,2173.85,22319
2023-07-21 11:15:00,2174.7,2176.85,2155.3,2176.85,13761
2023-07-21 12:15:00,2179.0,2179.0,2169.2,2170.75,18239
2023-07-21 13:15:00,2170.75,2182.25,2161.65,2161.95,27140
2023-07-21 14:15:00,2161.95,2169.95,2154.0,2157.2,16773
2023-07-21 15:15:00,2155.45,2156.9,2151.5,2154.15,10959
2023-07-24 09:15:00,2154.3,2163.65,2122.25,2144.0,65982
2023-07-24 10:15:00,2142.1,2149.0,2136.35,2144.2,7976
2023-07-24 11:15:00,2144.0,2147.5,2138.75,2143.65,9460
2023-07-24 12:15:00,2143.25,2153.8,2138.25,2143.8,12802
2023-07-24 13:15:00,2143.85,2143.9,2138.25,2138.25,8678
2023-07-24 14:15:00,2138.35,2148.95,2124.8,2135.05,18497
2023-07-24 15:15:00,2135.0,2141.9,2132.0,2138.8,6041
2023-07-25 09:15:00,2144.8,2153.25,2128.15,2134.0,15194
2023-07-25 10:15:00,2133.65,2134.9,2096.05,2102.95,21546
2023-07-25 11:15:00,2102.9,2108.4,2101.2,2105.5,7411
2023-07-25 12:15:00,2105.5,2110.0,2098.0,2099.5,9244
2023-07-25 13:15:00,2099.5,2104.3,2069.0,2102.0,18348
2023-07-25 14:15:00,2100.7,2114.6,2100.0,2104.9,24456
2023-07-25 15:15:00,2101.1,2103.3,2100.0,2100.0,8492
2023-07-26 09:15:00,2122.6,2134.65,2100.25,2110.4,15854
2023-07-26 10:15:00,2112.8,2128.0,2104.0,2120.7,5749
2023-07-26 11:15:00,2120.7,2128.0,2113.0,2118.6,3814
2023-07-26 12:15:00,2120.8,2128.75,2116.45,2122.85,4347
2023-07-26 13:15:00,2121.05,2134.2,2121.05,2128.9,6098
2023-07-26 14:15:00,2127.8,2135.0,2123.7,2126.9,6421
2023-07-26 15:15:00,2126.9,2135.0,2126.25,2131.0,4433
2023-07-27 09:15:00,2125.0,2132.9,2110.0,2115.05,13390
2023-07-27 10:15:00,2117.95,2126.95,2111.9,2123.0,4441
2023-07-27 11:15:00,2117.85,2129.65,2117.45,2128.8,2161
2023-07-27 12:15:00,2128.95,2129.95,2116.0,2123.85,4811
2023-07-27 13:15:00,2123.5,2125.6,2110.0,2111.5,6535
2023-07-27 14:15:00,2111.5,2118.7,2102.25,2118.5,49675
2023-07-27 15:15:00,2117.5,2117.5,2090.0,2090.0,4330
2023-07-28 09:15:00,2106.95,2106.95,2053.1,2053.8,35263
2023-07-28 10:15:00,2055.5,2065.05,2051.85,2061.0,9626
2023-07-28 11:15:00,2061.0,2063.1,2050.25,2055.0,10161
2023-07-28 12:15:00,2055.0,2062.7,2050.85,2060.0,7233
2023-07-28 13:15:00,2061.4,2061.5,2022.15,2034.05,139624
2023-07-28 14:15:00,2035.0,2037.95,2012.2,2021.9,31442
2023-07-28 15:15:00,2021.9,2023.0,2018.0,2021.0,16972
2023-07-31 09:15:00,2042.9,2042.9,1995.0,2001.65,24780
2023-07-31 10:15:00,2003.25,2006.55,1999.85,2003.55,10026
2023-07-31 11:15:00,2003.55,2008.0,2003.5,2006.05,8672
2023-07-31 12:15:00,2005.8,2022.2,1997.0,2012.7,21137
2023-07-31 13:15:00,2011.25,2018.0,2009.8,2012.85,6094
2023-07-31 14:15:00,2014.55,2015.25,1999.35,2009.25,23635
2023-07-31 15:15:00,2010.0,2075.0,2000.0,2017.95,55566
2023-08-01 09:15:00,2050.0,2050.0,2023.05,2032.9,20434
2023-08-01 10:15:00,2033.6,2035.05,2021.0,2025.6,11127
2023-08-01 11:15:00,2025.6,2035.35,2023.0,2027.45,12430
2023-08-01 12:15:00,2029.45,2034.4,2023.25,2033.8,9091
2023-08-01 13:15:00,2034.5,2063.85,2030.8,2037.55,18340
2023-08-01 14:15:00,2037.45,2038.0,2013.05,2025.5,15372
2023-08-01 15:15:00,2025.35,2032.85,2020.5,2021.0,6393
2023-08-02 09:15:00,2025.0,2026.0,2008.0,2012.0,7770
2023-08-02 10:15:00,2011.0,2015.7,1996.0,1998.0,8800
2023-08-02 11:15:00,1998.0,2008.65,1998.0,2006.0,11965
2023-08-02 12:15:00,2006.8,2008.8,2001.0,2004.1,2533
2023-08-02 13:15:00,2003.0,2005.95,1981.55,1988.35,9317
2023-08-02 14:15:00,1987.25,1993.95,1984.0,1988.05,7980
2023-08-02 15:15:00,1988.0,2012.8,1987.0,2004.75,7086
2023-08-03 09:15:00,1990.0,2000.55,1975.0,1991.0,42278
2023-08-03 10:15:00,1991.0,1998.0,1987.0,1993.2,28273
2023-08-03 11:15:00,1994.1,1995.5,1978.0,1980.3,18943
2023-08-03 12:15:00,1980.3,1983.35,1978.0,1981.0,3368
2023-08-03 13:15:00,1980.95,1982.0,1978.4,1978.95,3189
2023-08-03 14:15:00,1979.25,1989.95,1978.6,1989.0,6915
2023-08-03 15:15:00,1989.0,1993.0,1980.25,1983.05,5104
2023-08-04 09:15:00,1995.0,2019.35,1985.1,1994.65,31315
2023-08-04 10:15:00,1994.65,2005.65,1990.4,1999.7,35554
2023-08-04 11:15:00,2001.0,2007.85,1990.55,1999.3,43331
2023-08-04 12:15:00,1999.8,2001.5,1985.0,1985.0,26056
2023-08-04 13:15:00,1985.0,1986.65,1965.6,1968.0,26094
2023-08-04 14:15:00,1968.0,1978.25,1966.05,1976.75,25847
2023-08-04 15:15:00,1976.5,1978.5,1968.55,1970.0,8400
2023-08-07 09:15:00,1975.0,2025.95,1975.0,2025.95,24099
2023-08-07 10:15:00,2022.3,2057.35,2022.0,2032.0,33273
2023-08-07 11:15:00,2034.8,2041.55,2030.65,2039.55,7030
2023-08-07 12:15:00,2039.15,2063.4,2037.25,2055.8,23384
2023-08-07 13:15:00,2054.75,2055.0,2036.1,2036.7,11059
2023-08-07 14:15:00,2036.9,2053.55,2036.8,2045.0,14706
2023-08-07 15:15:00,2046.0,2052.0,2042.9,2043.6,8354
2023-08-08 09:15:00,2057.9,2057.9,2029.7,2041.45,14737
2023-08-08 10:15:00,2039.55,2049.0,2036.0,2042.95,10819
2023-08-08 11:15:00,2040.0,2045.0,2016.25,2041.15,16676
2023-08-08 12:15:00,2042.95,2060.0,2041.4,2055.0,10104
2023-08-08 13:15:00,2055.0,2055.0,2042.4,2046.85,5310
2023-08-08 14:15:00,2048.75,2053.4,2035.2,2049.95,9497
2023-08-08 15:15:00,2049.95,2052.05,2045.0,2051.0,3423
2023-08-09 09:15:00,2060.95,2067.6,2045.2,2052.4,9346
2023-08-09 10:15:00,2052.8,2078.3,2052.6,2070.25,17038
2023-08-09 11:15:00,2070.0,2071.0,2055.2,2061.85,6776
2023-08-09 12:15:00,2062.55,2070.0,2056.55,2065.5,5809
2023-08-09 13:15:00,2067.8,2067.8,2048.0,2048.25,5246
2023-08-09 14:15:00,2048.95,2053.5,2038.8,2042.0,7315
2023-08-09 15:15:00,2042.0,2048.0,2030.25,2044.65,5615
2023-08-10 09:15:00,2045.45,2067.4,2029.8,2065.0,16636
2023-08-10 10:15:00,2066.95,2070.0,2055.0,2060.0,9295
2023-08-10 11:15:00,2060.8,2068.0,2047.55,2054.1,5837
2023-08-10 12:15:00,2054.85,2058.5,2053.0,2055.0,2166
2023-08-10 13:15:00,2055.05,2056.7,2047.35,2052.2,4126
2023-08-10 14:15:00,2051.1,2055.0,2045.2,2054.0,7861
2023-08-10 15:15:00,2054.0,2055.0,2050.0,2051.0,1889
2023-08-11 09:15:00,2074.1,2074.1,2045.1,2047.45,10425
2023-08-11 10:15:00,2047.9,2075.9,2047.45,2068.7,16362
2023-08-11 11:15:00,2067.95,2074.0,2053.0,2053.0,11440
2023-08-11 12:15:00,2052.6,2066.65,2052.6,2062.0,6647
2023-08-11 13:15:00,2062.05,2078.8,2060.4,2064.75,20458
2023-08-11 14:15:00,2064.75,2075.45,2055.05,2057.0,20822
2023-08-11 15:15:00,2058.1,2063.95,2055.0,2060.0,9382
2023-08-14 09:15:00,2059.0,2072.0,2036.25,2060.1,24196
2023-08-14 10:15:00,2059.75,2062.1,2049.45,2051.05,6893
2023-08-14 11:15:00,2051.85,2102.0,2050.55,2085.65,29437
2023-08-14 12:15:00,2087.8,2100.0,2082.1,2096.05,21852
2023-08-14 13:15:00,2098.05,2114.55,2086.0,2106.0,19133
2023-08-14 14:15:00,2105.2,2154.6,2105.2,2114.25,80615
2023-08-14 15:15:00,2111.6,2128.0,2111.0,2128.0,10377
2023-08-16 09:15:00,2134.35,2199.9,2120.75,2191.95,57533
2023-08-16 10:15:00,2192.0,2198.6,2147.5,2150.95,43854
2023-08-16 11:15:00,2150.7,2195.0,2145.0,2170.1,45843
2023-08-16 12:15:00,2170.1,2178.0,2165.0,2169.0,9291
2023-08-16 13:15:00,2169.0,2176.0,2154.45,2166.85,11461
2023-08-16 14:15:00,2164.7,2174.95,2161.0,2161.05,13085
2023-08-16 15:15:00,2162.15,2178.0,2141.05,2178.0,8319
2023-08-17 09:15:00,2171.0,2178.25,2145.05,2147.35,13974
2023-08-17 10:15:00,2147.4,2164.9,2147.35,2163.5,4385
2023-08-17 11:15:00,2163.1,2172.0,2142.5,2144.0,11804
2023-08-17 12:15:00,2143.9,2147.15,2084.9,2090.9,39786
2023-08-17 13:15:00,2090.85,2106.05,2088.95,2101.0,8262
2023-08-17 14:15:00,2101.0,2101.0,2085.0,2085.1,13916
2023-08-17 15:15:00,2085.1,2089.9,2062.4,2062.4,13559
2023-08-18 09:15:00,2081.0,2097.8,2065.05,2071.05,16459
2023-08-18 10:15:00,2073.1,2073.1,2060.0,2064.7,5777
2023-08-18 11:15:00,2064.75,2087.9,2060.7,2087.9,3980
2023-08-18 12:15:00,2085.65,2097.85,2082.4,2087.35,10536
2023-08-18 13:15:00,2086.3,2109.0,2086.1,2102.75,16003
2023-08-18 14:15:00,2102.1,2114.8,2095.0,2113.1,13050
2023-08-18 15:15:00,2113.95,2115.55,2083.05,2086.6,13620
2023-08-21 09:15:00,2113.3,2113.3,2075.6,2100.0,12892
2023-08-21 10:15:00,2101.7,2103.9,2090.0,2097.8,4068
2023-08-21 11:15:00,2097.8,2101.75,2090.0,2101.0,2074
2023-08-21 12:15:00,2101.2,2108.95,2091.4,2106.5,10155
2023-08-21 13:15:00,2108.4,2120.0,2103.05,2106.0,14380
2023-08-21 14:15:00,2104.4,2109.0,2098.0,2103.75,13088
2023-08-21 15:15:00,2104.0,2109.0,2090.0,2103.0,3847
2023-08-22 09:15:00,2112.3,2125.0,2104.5,2114.45,11043
2023-08-22 10:15:00,2111.85,2118.05,2111.0,2111.2,3502
2023-08-22 11:15:00,2114.05,2116.0,2111.1,2113.5,2162
2023-08-22 12:15:00,2114.65,2137.75,2113.5,2134.6,9765
2023-08-22 13:15:00,2134.45,2135.0,2123.0,2124.5,8006
2023-08-22 14:15:00,2124.1,2126.1,2101.5,2118.6,7780
2023-08-22 15:15:00,2118.6,2124.0,2114.05,2118.0,2550
2023-08-23 09:15:00,2120.95,2136.0,2120.95,2130.25,15262
2023-08-23 10:15:00,2128.5,2142.5,2127.0,2142.5,7452
2023-08-23 11:15:00,2141.85,2143.7,2132.0,2136.9,5828
2023-08-23 12:15:00,2137.1,2142.35,2132.0,2142.35,4156
2023-08-23 13:15:00,2140.75,2154.0,2138.9,2152.4,16651
2023-08-23 14:15:00,2152.4,2153.2,2148.95,2150.05,10734
2023-08-23 15:15:00,2151.0,2151.8,2150.0,2151.8,4968
2023-08-24 09:15:00,2166.0,2232.2,2166.0,2188.4,56833
2023-08-24 10:15:00,2192.1,2197.15,2181.45,2184.0,24732
2023-08-24 11:15:00,2182.5,2189.35,2175.0,2184.9,7130
2023-08-24 12:15:00,2186.2,2191.8,2182.95,2191.2,4656
2023-08-24 13:15:00,2190.05,2195.0,2179.6,2185.0,9855
2023-08-24 14:15:00,2184.55,2208.15,2177.55,2204.0,25582
2023-08-24 15:15:00,2202.0,2205.0,2196.9,2200.0,15617
2023-08-25 09:15:00,2204.0,2273.7,2200.0,2252.0,125338
2023-08-25 10:15:00,2254.05,2343.95,2247.0,2295.0,283544
2023-08-25 11:15:00,2293.95,2300.0,2252.0,2260.9,117183
2023-08-25 12:15:00,2260.9,2280.95,2259.6,2273.1,22033
2023-08-25 13:15:00,2273.0,2287.9,2260.0,2279.95,33034
2023-08-25 14:15:00,2280.0,2286.0,2259.0,2262.75,48231
2023-08-25 15:15:00,2262.75,2265.0,2242.85,2250.0,31612
2023-08-28 09:15:00,2283.6,2283.6,2240.05,2241.45,28822
2023-08-28 10:15:00,2243.2,2249.95,2231.45,2246.1,7294
2023-08-28 11:15:00,2246.0,2255.0,2235.0,2247.5,10193
2023-08-28 12:15:00,2248.0,2251.45,2233.65,2238.45,8290
2023-08-28 13:15:00,2238.7,2248.0,2216.0,2246.45,10321
2023-08-28 14:15:00,2243.05,2266.0,2240.0,2262.0,16933
2023-08-28 15:15:00,2262.1,2274.0,2257.75,2270.0,9116
2023-08-29 09:15:00,2274.3,2280.65,2242.85,2244.05,18756
2023-08-29 10:15:00,2242.85,2254.05,2240.1,2245.25,6544
2023-08-29 11:15:00,2245.0,2271.5,2245.0,2258.9,5450
2023-08-29 12:15:00,2258.95,2269.55,2255.05,2258.0,4579
2023-08-29 13:15:00,2260.0,2269.0,2252.0,2252.0,2640
2023-08-29 14:15:00,2254.85,2259.9,2250.0,2250.0,8029
2023-08-29 15:15:00,2252.4,2254.65,2250.0,2250.05,3626
2023-08-30 09:15:00,2264.95,2313.85,2263.4,2306.5,41553
2023-08-30 10:15:00,2306.7,2312.65,2301.0,2311.5,15193
2023-08-30 11:15:00,2311.5,2312.0,2296.0,2298.75,17418
2023-08-30 12:15:00,2296.15,2304.5,2292.0,2296.4,6075
2023-08-30 13:15:00,2297.35,2300.0,2292.0,2292.05,8307
2023-08-30 14:15:00,2292.85,2296.0,2289.05,2290.0,9714
2023-08-30 15:15:00,2290.1,2296.0,2287.0,2295.0,4359
2023-08-31 09:15:00,2312.0,2351.0,2312.0,2328.1,62730
2023-08-31 10:15:00,2329.3,2349.9,2325.0,2343.9,20688
2023-08-31 11:15:00,2343.9,2350.0,2338.05,2346.1,12129
2023-08-31 12:15:00,2346.1,2350.0,2343.05,2348.9,15970
2023-08-31 13:15:00,2348.65,2349.95,2336.85,2346.9,11589
2023-08-31 14:15:00,2348.65,2387.0,2340.1,2378.5,59317
2023-08-31 15:15:00,2378.4,2384.9,2373.65,2384.7,25069
2023-09-01 09:15:00,2374.65,2398.3,2365.1,2383.25,19074
2023-09-01 10:15:00,2382.8,2392.7,2365.3,2384.05,20947
2023-09-01 11:15:00,2384.05,2392.45,2370.2,2380.85,8484
2023-09-01 12:15:00,2380.6,2383.0,2349.3,2358.55,14904
2023-09-01 13:15:00,2358.05,2368.4,2344.55,2366.5,9188
2023-09-01 14:15:00,2366.5,2374.45,2359.7,2368.0,20452
2023-09-01 15:15:00,2367.85,2369.15,2360.8,2366.0,10073
2023-09-04 09:15:00,2367.0,2389.0,2332.0,2339.7,17144
2023-09-04 10:15:00,2339.65,2348.95,2338.3,2346.25,3752
2023-09-04 11:15:00,2346.0,2353.8,2336.5,2341.95,6926
2023-09-04 12:15:00,2341.1,2349.85,2327.6,2333.2,8458
2023-09-04 13:15:00,2333.2,2355.0,2330.4,2353.55,6258
2023-09-04 14:15:00,2353.4,2353.95,2336.15,2338.9,5850
2023-09-04 15:15:00,2337.85,2348.65,2331.85,2345.0,3704
2023-09-05 09:15:00,2364.0,2375.0,2346.2,2368.85,16716
2023-09-05 10:15:00,2370.95,2429.0,2363.8,2405.5,35882
2023-09-05 11:15:00,2408.45,2410.4,2395.0,2400.7,18752
2023-09-05 12:15:00,2401.0,2438.55,2400.0,2420.0,36389
2023-09-05 13:15:00,2421.0,2440.25,2418.25,2439.1,38932
2023-09-05 14:15:00,2439.9,2461.0,2421.1,2421.1,80979
2023-09-05 15:15:00,2421.15,2430.0,2402.0,2405.0,13801
2023-09-06 09:15:00,2430.75,2474.35,2424.3,2467.5,28053
2023-09-06 10:15:00,2469.6,2478.95,2461.0,2474.15,14055
2023-09-06 11:15:00,2470.0,2473.9,2455.0,2462.75,12027
2023-09-06 12:15:00,2466.0,2471.2,2457.0,2462.45,9335
2023-09-06 13:15:00,2464.0,2470.8,2461.7,2465.65,6099
2023-09-06 14:15:00,2468.4,2480.1,2466.75,2475.2,14074
2023-09-06 15:15:00,2476.55,2485.0,2474.0,2485.0,12085
2023-09-07 09:15:00,2494.0,2523.65,2482.2,2520.0,37834
2023-09-07 10:15:00,2523.0,2539.75,2512.2,2527.95,22369
2023-09-07 11:15:00,2527.9,2534.7,2524.9,2526.0,5638
2023-09-07 12:15:00,2526.0,2534.55,2520.1,2520.1,10337
2023-09-07 13:15:00,2523.45,2523.45,2495.5,2498.05,7730
2023-09-07 14:15:00,2503.95,2507.15,2461.6,2467.5,15712
2023-09-07 15:15:00,2466.7,2466.7,2445.0,2450.55,10150
2023-09-08 09:15:00,2477.95,2480.8,2464.35,2473.3,11674
2023-09-08 10:15:00,2473.3,2475.0,2466.05,2470.75,4402
2023-09-08 11:15:00,2469.95,2469.95,2455.0,2457.5,4945
2023-09-08 12:15:00,2457.5,2459.5,2440.0,2440.0,7219
2023-09-08 13:15:00,2437.25,2450.0,2430.0,2439.65,7611
2023-09-08 14:15:00,2439.6,2446.85,2421.0,2423.65,13332
2023-09-08 15:15:00,2425.75,2427.0,2417.45,2425.0,4875
2023-09-11 09:15:00,2425.0,2449.7,2401.0,2413.45,30830
2023-09-11 10:15:00,2413.45,2419.45,2402.15,2404.5,3257
2023-09-11 11:15:00,2405.0,2414.8,2401.1,2406.1,3817
2023-09-11 12:15:00,2405.95,2410.3,2401.5,2404.2,2960
2023-09-11 13:15:00,2402.65,2408.85,2401.0,2401.3,3804
2023-09-11 14:15:00,2401.35,2422.6,2401.1,2420.0,16353
2023-09-11 15:15:00,2420.05,2425.0,2397.0,2401.35,5850
2023-09-12 09:15:00,2425.15,2431.4,2275.0,2338.8,27660
2023-09-12 10:15:00,2335.0,2369.8,2309.95,2366.0,18300
2023-09-12 11:15:00,2369.0,2413.9,2360.5,2406.95,15183
2023-09-12 12:15:00,2406.3,2419.0,2403.05,2408.7,14671
2023-09-12 13:15:00,2408.2,2410.3,2397.85,2410.0,11302
2023-09-12 14:15:00,2410.0,2428.85,2400.0,2402.8,19297
2023-09-12 15:15:00,2402.85,2406.1,2376.1,2387.0,6095
2023-09-13 09:15:00,2399.0,2401.45,2333.0,2340.7,12308
2023-09-13 10:15:00,2340.3,2357.95,2322.05,2326.15,13549
2023-09-13 11:15:00,2326.65,2356.45,2321.8,2352.75,9386
2023-09-13 12:15:00,2355.0,2360.0,2346.1,2357.25,4657
2023-09-13 13:15:00,2354.55,2357.9,2340.0,2355.5,4277
2023-09-13 14:15:00,2355.95,2363.85,2349.1,2357.35,7224
2023-09-13 15:15:00,2355.1,2358.95,2335.0,2358.0,3235
2023-09-14 09:15:00,2359.0,2410.0,2359.0,2394.05,11988
2023-09-14 10:15:00,2394.1,2409.9,2390.65,2405.0,4873
2023-09-14 11:15:00,2403.95,2420.0,2401.0,2405.0,14529
2023-09-14 12:15:00,2406.8,2421.0,2405.05,2420.95,10363
2023-09-14 13:15:00,2420.95,2445.0,2407.55,2417.85,18393
2023-09-14 14:15:00,2417.95,2421.5,2405.05,2415.2,9355
2023-09-14 15:15:00,2414.0,2421.55,2399.0,2407.95,5168
2023-09-15 09:15:00,2428.0,2434.95,2410.55,2414.7,6507
2023-09-15 10:15:00,2414.75,2423.8,2403.25,2411.7,2554
2023-09-15 11:15:00,2408.0,2409.75,2394.05,2397.85,5675
2023-09-15 12:15:00,2394.25,2403.0,2384.05,2400.05,2905
2023-09-15 13:15:00,2400.5,2422.0,2393.15,2419.9,9730
2023-09-15 14:15:00,2419.9,2429.0,2370.95,2372.0,16373
2023-09-15 15:15:00,2372.5,2392.75,2370.9,2383.6,13247
2023-09-18 09:15:00,2397.95,2397.95,2361.35,2366.7,14412
2023-09-18 10:15:00,2371.3,2376.4,2350.15,2361.8,8506
2023-09-18 11:15:00,2358.05,2366.05,2350.7,2356.85,2347
2023-09-18 12:15:00,2357.0,2368.0,2352.35,2365.85,3154
2023-09-18 13:15:00,2365.85,2381.95,2363.9,2372.35,5049
2023-09-18 14:15:00,2370.25,2388.45,2357.1,2369.95,9113
2023-09-18 15:15:00,2369.95,2369.95,2354.0,2362.65,4081
2023-09-20 09:15:00,2360.0,2394.0,2330.2,2368.0,15011
2023-09-20 10:15:00,2368.65,2376.65,2356.45,2366.8,4607
2023-09-20 11:15:00,2366.8,2366.8,2350.0,2364.65,3150
2023-09-20 12:15:00,2364.7,2375.0,2358.0,2370.5,2338
2023-09-20 13:15:00,2369.3,2374.25,2333.0,2334.4,6707
2023-09-20 14:15:00,2334.4,2348.65,2320.4,2337.0,9869
2023-09-20 15:15:00,2337.0,2339.0,2331.4,2336.0,3134
2023-09-21 09:15:00,2336.0,2351.95,2328.0,2338.75,6808
2023-09-21 10:15:00,2336.15,2353.1,2336.1,2347.45,4901
2023-09-21 11:15:00,2347.3,2359.0,2344.15,2359.0,3943
2023-09-21 12:15:00,2359.0,2383.15,2349.9,2363.4,16409
2023-09-21 13:15:00,2364.0,2372.0,2359.85,2369.0,10076
2023-09-21 14:15:00,2369.0,2395.55,2350.85,2379.0,33548
2023-09-21 15:15:00,2375.15,2399.9,2371.0,2377.45,8445
2023-09-22 09:15:00,2385.0,2418.55,2382.45,2393.25,10479
2023-09-22 10:15:00,2391.35,2410.0,2385.0,2409.8,6225
2023-09-22 11:15:00,2406.95,2419.65,2400.05,2409.95,8546
2023-09-22 12:15:00,2410.8,2410.8,2402.05,2409.8,2110
2023-09-22 13:15:00,2407.65,2418.0,2400.05,2414.8,5558
2023-09-22 14:15:00,2414.95,2435.0,2404.95,2435.0,17288
2023-09-22 15:15:00,2435.0,2450.0,2416.5,2420.0,12960
2023-09-25 09:15:00,2434.95,2471.25,2403.2,2405.05,15438
2023-09-25 10:15:00,2405.05,2413.0,2405.05,2405.15,3286
2023-09-25 11:15:00,2405.15,2422.2,2401.0,2410.0,8127
2023-09-25 12:15:00,2409.55,2420.0,2409.55,2418.4,1786
2023-09-25 13:15:00,2419.0,2420.0,2405.05,2407.4,3295
2023-09-25 14:15:00,2407.55,2417.3,2405.05,2408.0,3950
2023-09-25 15:15:00,2405.7,2410.0,2402.3,2402.3,4015
2023-09-26 09:15:00,2400.0,2415.0,2380.1,2406.3,9312
2023-09-26 10:15:00,2407.5,2430.15,2405.6,2423.05,6931
2023-09-26 11:15:00,2422.5,2428.0,2412.2,2420.0,3198
2023-09-26 12:15:00,2420.0,2424.65,2408.95,2415.45,9110
2023-09-26 13:15:00,2417.75,2436.35,2415.0,2420.05,5905
2023-09-26 14:15:00,2420.05,2425.0,2400.0,2411.0,4432
2023-09-26 15:15:00,2411.0,2411.0,2401.0,2401.7,2312
2023-09-27 09:15:00,2409.0,2420.3,2385.45,2390.65,5503
2023-09-27 10:15:00,2392.85,2420.0,2387.2,2411.2,9780
2023-09-27 11:15:00,2409.0,2421.0,2406.35,2410.25,6252
2023-09-27 12:15:00,2410.2,2421.65,2407.1,2414.45,1572
2023-09-27 13:15:00,2413.6,2428.45,2400.1,2412.45,8241
2023-09-27 14:15:00,2410.35,2429.7,2410.35,2426.25,4297
2023-09-27 15:15:00,2426.65,2429.7,2411.0,2411.0,3852
2023-09-28 09:15:00,2439.95,2439.95,2411.85,2425.95,3133
2023-09-28 10:15:00,2424.8,2425.6,2396.0,2401.55,2834
2023-09-28 11:15:00,2402.05,2410.0,2400.05,2403.75,2190
2023-09-28 12:15:00,2402.8,2412.05,2391.0,2395.75,2993
2023-09-28 13:15:00,2393.75,2394.4,2372.3,2375.8,6302
2023-09-28 14:15:00,2375.8,2380.0,2351.1,2371.0,12025
2023-09-28 15:15:00,2371.8,2375.0,2361.0,2372.3,2374
2023-09-29 09:15:00,2378.0,2378.0,2322.65,2338.5,9945
2023-09-29 10:15:00,2338.35,2345.0,2331.0,2335.95,5419
2023-09-29 11:15:00,2337.45,2351.6,2333.0,2351.0,3750
2023-09-29 12:15:00,2349.1,2370.55,2349.1,2367.95,5143
2023-09-29 13:15:00,2368.8,2390.0,2360.05,2368.5,4815
2023-09-29 14:15:00,2368.5,2412.15,2360.0,2400.0,11576
2023-09-29 15:15:00,2399.95,2409.95,2375.05,2375.05,9472
2023-10-03 09:15:00,2385.0,2395.45,2362.45,2385.05,8448
2023-10-03 10:15:00,2385.05,2398.0,2385.05,2392.05,1824
2023-10-03 11:15:00,2394.5,2416.95,2391.3,2412.6,3529
2023-10-03 12:15:00,2412.6,2415.95,2400.3,2410.95,2263
2023-10-03 13:15:00,2411.3,2411.8,2400.0,2400.3,2271
2023-10-03 14:15:00,2400.3,2414.95,2400.0,2401.4,4427
2023-10-03 15:15:00,2401.55,2406.0,2398.0,2400.0,2497
2023-10-04 09:15:00,2391.0,2416.4,2391.0,2405.05,11473
2023-10-04 10:15:00,2404.6,2419.7,2396.55,2396.6,5538
2023-10-04 11:15:00,2395.55,2404.4,2391.1,2402.0,3238
2023-10-04 12:15:00,2400.25,2408.85,2389.0,2396.45,3950
2023-10-04 13:15:00,2396.45,2398.4,2391.0,2395.2,3637
2023-10-04 14:15:00,2397.3,2413.95,2392.9,2412.65,7466
2023-10-04 15:15:00,2409.5,2413.7,2402.2,2409.0,3292
2023-10-05 09:15:00,2417.8,2475.5,2409.9,2423.2,26381
2023-10-05 10:15:00,2423.05,2426.0,2394.95,2423.55,6103
2023-10-05 11:15:00,2423.65,2432.0,2402.8,2416.5,4512
2023-10-05 12:15:00,2416.0,2416.0,2400.0,2402.7,1018
2023-10-05 13:15:00,2404.4,2406.7,2394.9,2403.25,1856
2023-10-05 14:15:00,2403.25,2403.95,2390.4,2390.45,8964
2023-10-05 15:15:00,2394.35,2402.0,2379.45,2390.0,6245
2023-10-06 09:15:00,2390.0,2428.45,2390.0,2399.7,7949
2023-10-06 10:15:00,2399.75,2408.0,2397.8,2402.9,4474
2023-10-06 11:15:00,2404.3,2405.75,2378.95,2381.9,4692
2023-10-06 12:15:00,2381.95,2395.55,2378.75,2389.85,4503
2023-10-06 13:15:00,2388.0,2395.9,2377.0,2386.0,2923
2023-10-06 14:15:00,2388.5,2402.95,2384.45,2395.75,4309
2023-10-06 15:15:00,2391.3,2398.9,2383.05,2398.8,2396
2023-10-09 09:15:00,2367.55,2397.9,2350.0,2378.6,7601
2023-10-09 10:15:00,2381.5,2397.65,2369.0,2394.85,3607
2023-10-09 11:15:00,2392.4,2395.45,2375.35,2376.35,1555
2023-10-09 12:15:00,2375.0,2376.85,2355.55,2360.25,3482
2023-10-09 13:15:00,2360.3,2365.45,2355.05,2360.05,6749
2023-10-09 14:15:00,2362.35,2405.1,2360.1,2397.0,10413
2023-10-09 15:15:00,2398.0,2403.75,2360.0,2365.0,2705
2023-10-10 09:15:00,2393.3,2416.0,2392.25,2411.95,6437
2023-10-10 10:15:00,2408.25,2413.1,2400.0,2406.9,4121
2023-10-10 11:15:00,2405.25,2418.0,2405.0,2415.4,2535
2023-10-10 12:15:00,2414.0,2423.95,2406.0,2415.3,3861
2023-10-10 13:15:00,2415.4,2416.9,2405.5,2408.0,2614
2023-10-10 14:15:00,2407.95,2412.7,2400.0,2412.0,5395
2023-10-10 15:15:00,2410.0,2411.1,2405.0,2405.1,2282
2023-10-11 09:15:00,2415.0,2443.0,2411.5,2419.6,5931
2023-10-11 10:15:00,2418.0,2418.95,2404.45,2405.0,4206
2023-10-11 11:15:00,2407.1,2408.55,2396.5,2401.95,3700
2023-10-11 12:15:00,2401.05,2405.0,2397.0,2397.0,3039
2023-10-11 13:15:00,2398.55,2398.55,2380.0,2394.15,5182
2023-10-11 14:15:00,2396.6,2404.95,2392.0,2399.0,6835
2023-10-11 15:15:00,2398.85,2404.95,2397.0,2402.95,3646
2023-10-12 09:15:00,2385.0,2424.0,2385.0,2396.8,12531
2023-10-12 10:15:00,2396.8,2398.6,2386.95,2396.95,4130
2023-10-12 11:15:00,2396.9,2399.3,2392.2,2398.6,1190
2023-10-12 12:15:00,2398.55,2399.2,2375.0,2378.4,4597
2023-10-12 13:15:00,2377.45,2387.0,2373.35,2383.65,2674
2023-10-12 14:15:00,2382.95,2387.85,2374.55,2384.7,4188
2023-10-12 15:15:00,2384.6,2384.6,2377.0,2379.0,2716
2023-10-13 09:15:00,2379.0,2379.0,2357.85,2370.5,10453
2023-10-13 10:15:00,2370.5,2372.8,2365.0,2371.55,2604
2023-10-13 11:15:00,2371.0,2384.95,2370.0,2374.3,2601
2023-10-13 12:15:00,2372.9,2382.7,2365.0,2372.6,3765
2023-10-13 13:15:00,2372.6,2372.8,2365.0,2365.15,2599
2023-10-13 14:15:00,2365.05,2371.75,2365.0,2367.0,4059
2023-10-13 15:15:00,2365.0,2372.85,2365.0,2365.05,2470
2023-10-16 09:15:00,2350.0,2370.15,2345.15,2361.85,6753
2023-10-16 10:15:00,2362.95,2362.95,2330.4,2333.05,10694
2023-10-16 11:15:00,2325.0,2330.0,2309.85,2320.0,16796
2023-10-16 12:15:00,2319.25,2350.0,2317.35,2321.0,8226
2023-10-16 13:15:00,2321.0,2442.3,2317.25,2410.3,45510
2023-10-16 14:15:00,2412.0,2414.9,2383.7,2396.2,12386
2023-10-16 15:15:00,2397.0,2415.0,2394.5,2410.0,8403
2023-10-17 09:15:00,2411.05,2434.8,2393.95,2432.0,11390
2023-10-17 10:15:00,2430.05,2433.45,2400.05,2408.55,14619
2023-10-17 11:15:00,2408.65,2422.0,2405.05,2417.95,4041
2023-10-17 12:15:00,2417.7,2419.45,2410.0,2416.9,2757
2023-10-17 13:15:00,2416.9,2431.0,2414.0,2420.95,8804
2023-10-17 14:15:00,2422.4,2462.75,2420.0,2431.6,37149
2023-10-17 15:15:00,2429.95,2435.0,2425.05,2433.9,4745
2023-10-18 09:15:00,2437.0,2456.2,2405.0,2410.5,13661
2023-10-18 10:15:00,2411.35,2414.95,2390.0,2393.3,5501
2023-10-18 11:15:00,2388.35,2405.0,2385.25,2397.0,7046
2023-10-18 12:15:00,2397.6,2398.1,2380.05,2383.95,5097
2023-10-18 13:15:00,2383.95,2389.95,2381.0,2385.95,3452
2023-10-18 14:15:00,2385.95,2389.45,2354.85,2354.85,8843
2023-10-18 15:15:00,2354.05,2385.0,2350.0,2379.0,9122
2023-10-19 09:15:00,2378.0,2397.95,2350.05,2384.3,20523
2023-10-19 10:15:00,2386.7,2394.95,2369.0,2375.75,7228
2023-10-19 11:15:00,2375.75,2388.0,2366.3,2375.3,9432
2023-10-19 12:15:00,2375.3,2378.95,2371.45,2377.0,1969
2023-10-19 13:15:00,2377.0,2377.0,2363.05,2363.05,3781
2023-10-19 14:15:00,2364.0,2370.6,2244.4,2329.85,122889
2023-10-19 15:15:00,2329.8,2348.7,2326.55,2331.0,13165
2023-10-20 09:15:00,2284.3,2318.2,2268.85,2300.95,41550
2023-10-20 10:15:00,2301.15,2331.3,2298.0,2320.0,11453
2023-10-20 11:15:00,2320.0,2323.1,2290.05,2302.85,10726
2023-10-20 12:15:00,2302.85,2302.95,2266.0,2267.5,13302
2023-10-20 13:15:00,2265.0,2285.0,2260.0,2262.7,12181
2023-10-20 14:15:00,2262.7,2265.0,2220.0,2254.6,37643
2023-10-20 15:15:00,2254.15,2289.95,2250.0,2270.0,13075
2023-10-23 09:15:00,2249.8,2249.8,2207.0,2207.0,18587
2023-10-23 10:15:00,2207.95,2223.5,2194.65,2211.5,12345
2023-10-23 11:15:00,2213.25,2214.0,2187.0,2189.95,10054
2023-10-23 12:15:00,2189.95,2199.7,2166.45,2168.75,8884
2023-10-23 13:15:00,2166.0,2168.65,2139.05,2164.2,26322
2023-10-23 14:15:00,2165.0,2171.0,2140.0,2167.9,11512
2023-10-23 15:15:00,2170.0,2205.0,2140.0,2172.0,23622
2023-10-25 09:15:00,2165.3,2205.2,2142.7,2202.0,20266
2023-10-25 10:15:00,2202.0,2218.95,2199.3,2205.0,7321
2023-10-25 11:15:00,2205.0,2212.9,2203.1,2205.0,4337
2023-10-25 12:15:00,2205.8,2211.6,2150.85,2154.3,23280
2023-10-25 13:15:00,2153.8,2190.0,2153.8,2185.25,4779
2023-10-25 14:15:00,2185.0,2200.0,2179.95,2189.9,13287
2023-10-25 15:15:00,2189.9,2199.9,2154.7,2168.05,5277
2023-10-26 09:15:00,2152.5,2162.4,2107.6,2126.75,15300
2023-10-26 10:15:00,2130.8,2131.65,2104.1,2108.85,10912
2023-10-26 11:15:00,2110.0,2119.15,2104.0,2115.0,4030
2023-10-26 12:15:00,2115.35,2174.3,2111.4,2160.0,10927
2023-10-26 13:15:00,2160.0,2198.8,2157.2,2187.15,10599
2023-10-26 14:15:00,2188.7,2188.7,2145.55,2155.0,8954
2023-10-26 15:15:00,2149.1,2164.9,2125.0,2125.0,4816
2023-10-27 09:15:00,2146.0,2203.55,2146.0,2196.35,7393
2023-10-27 10:15:00,2196.35,2196.95,2160.0,2166.25,13701
2023-10-27 11:15:00,2168.0,2193.95,2158.65,2177.65,11008
2023-10-27 12:15:00,2176.2,2184.25,2158.8,2158.8,2786
2023-10-27 13:15:00,2161.9,2162.4,2151.15,2156.55,4094
2023-10-27 14:15:00,2155.05,2168.85,2144.35,2145.5,8381
2023-10-27 15:15:00,2146.4,2149.7,2136.3,2148.0,3746
2023-10-30 09:15:00,2150.0,2199.2,2143.1,2195.0,27348
2023-10-30 10:15:00,2195.0,2237.95,2195.0,2226.85,18613
2023-10-30 11:15:00,2225.25,2244.9,2218.6,2239.6,17507
2023-10-30 12:15:00,2238.75,2245.95,2223.8,2238.5,16323
2023-10-30 13:15:00,2237.0,2248.5,2227.0,2240.0,6190
2023-10-30 14:15:00,2239.05,2260.15,2231.0,2246.9,9161
2023-10-30 15:15:00,2247.95,2275.45,2243.35,2261.95,11804
2023-10-31 09:15:00,2250.0,2250.0,2220.5,2235.95,9189
2023-10-31 10:15:00,2235.95,2241.9,2211.65,2217.3,7187
2023-10-31 11:15:00,2217.35,2235.3,2217.35,2226.45,4772
2023-10-31 12:15:00,2226.45,2245.0,2226.35,2230.95,3450
2023-10-31 13:15:00,2232.6,2244.5,2221.5,2221.5,3789
2023-10-31 14:15:00,2221.5,2230.45,2207.25,2207.25,3420
2023-10-31 15:15:00,2210.45,2211.5,2200.0,2200.0,3368
2023-11-01 09:15:00,2208.0,2235.6,2198.05,2221.25,5287
2023-11-01 10:15:00,2221.85,2241.65,2214.55,2241.65,2966
2023-11-01 11:15:00,2245.5,2245.5,2230.55,2234.55,1618
2023-11-01 12:15:00,2235.0,2262.45,2234.4,2242.7,9081
2023-11-01 13:15:00,2242.7,2251.8,2217.2,2222.3,3375
2023-11-01 14:15:00,2222.9,2223.4,2205.85,2205.85,3610
2023-11-01 15:15:00,2206.0,2219.0,2198.1,2216.5,3242
2023-11-02 09:15:00,2213.75,2259.8,2213.75,2246.9,7745
2023-11-02 10:15:00,2243.95,2248.45,2235.05,2240.85,2897
2023-11-02 11:15:00,2240.8,2259.0,2238.1,2243.95,3801
2023-11-02 12:15:00,2244.3,2246.35,2233.0,2243.85,2712
2023-11-02 13:15:00,2244.9,2245.8,2215.5,2221.4,9943
2023-11-02 14:15:00,2221.6,2236.85,2216.45,2221.2,4762
2023-11-02 15:15:00,2221.2,2229.95,2213.0,2220.0,2199
2023-11-03 09:15:00,2260.0,2260.0,2237.5,2241.0,2835
2023-11-03 10:15:00,2238.0,2242.0,2230.0,2234.45,2035
2023-11-03 11:15:00,2232.1,2232.1,2222.45,2229.1,1810
2023-11-03 12:15:00,2228.65,2250.0,2226.9,2250.0,2240
2023-11-03 13:15:00,2250.85,2251.35,2230.65,2232.35,2620
2023-11-03 14:15:00,2232.45,2240.8,2230.0,2232.65,3779
2023-11-03 15:15:00,2234.0,2238.9,2232.5,2235.25,1655
2023-11-06 09:15:00,2254.95,2258.55,2235.25,2243.5,4279
2023-11-06 10:15:00,2245.0,2248.15,2240.25,2244.05,4543
2023-11-06 11:15:00,2244.95,2247.0,2240.3,2242.0,2991
2023-11-06 12:15:00,2242.0,2257.8,2241.0,2250.0,3470
2023-11-06 13:15:00,2247.6,2256.25,2243.25,2248.8,2195
2023-11-06 14:15:00,2247.25,2284.0,2243.0,2251.25,5471
2023-11-06 15:15:00,2251.25,2278.95,2240.1,2259.35,6784
2023-11-07 09:15:00,2258.45,2266.45,2241.05,2248.5,4481
2023-11-07 10:15:00,2246.0,2254.8,2245.55,2252.0,1200
2023-11-07 11:15:00,2251.75,2252.0,2244.0,2247.3,831
2023-11-07 12:15:00,2244.6,2250.0,2237.5,2240.2,1390
2023-11-07 13:15:00,2237.6,2243.5,2223.7,2227.55,4124
2023-11-07 14:15:00,2227.55,2243.95,2217.85,2243.7,9320
2023-11-07 15:15:00,2238.65,2244.4,2229.65,2242.2,2089
2023-11-08 09:15:00,2222.0,2261.1,2222.0,2235.0,4910
2023-11-08 10:15:00,2234.6,2254.2,2230.8,2249.5,1981
2023-11-08 11:15:00,2245.65,2257.5,2243.25,2257.4,2618
2023-11-08 12:15:00,2257.4,2257.4,2244.0,2244.5,829
2023-11-08 13:15:00,2245.8,2249.65,2241.0,2241.15,983
2023-11-08 14:15:00,2241.05,2249.5,2223.05,2244.2,3979
2023-11-08 15:15:00,2244.2,2264.9,2222.05,2244.5,5537
2023-11-09 09:15:00,2258.7,2258.7,2237.5,2242.35,1792
2023-11-09 10:15:00,2237.65,2237.65,2226.7,2230.5,1862
2023-11-09 11:15:00,2229.0,2238.0,2221.35,2228.4,3235
2023-11-09 12:15:00,2228.05,2239.15,2222.05,2234.45,2768
2023-11-09 13:15:00,2234.45,2234.45,2216.8,2225.15,4984
2023-11-09 14:15:00,2222.65,2229.8,2215.0,2226.55,3261
2023-11-09 15:15:00,2223.15,2227.85,2213.0,2213.0,3065
2023-11-10 09:15:00,2224.95,2247.7,2219.75,2233.0,6141
2023-11-10 10:15:00,2231.6,2247.7,2225.15,2227.8,2075
2023-11-10 11:15:00,2230.8,2231.95,2225.0,2228.2,577
2023-11-10 12:15:00,2225.95,2229.0,2220.65,2224.25,2488
2023-11-10 13:15:00,2220.75,2228.75,2220.0,2225.0,940
2023-11-10 14:15:00,2221.55,2254.95,2216.0,2241.25,5198
2023-11-10 15:15:00,2237.55,2249.85,2219.05,2223.0,3708
2023-11-12 18:15:00,2241.9,2262.4,2231.95,2232.0,2903
2023-11-13 09:15:00,2238.15,2238.15,2212.9,2222.85,2571
2023-11-13 10:15:00,2225.2,2225.45,2211.95,2217.6,4668
2023-11-13 11:15:00,2218.45,2220.0,2211.95,2218.45,1746
2023-11-13 12:15:00,2218.85,2223.35,2216.1,2221.0,1787
2023-11-13 13:15:00,2219.0,2219.65,2205.05,2215.0,3615
2023-11-13 14:15:00,2215.0,2215.0,2204.6,2208.5,5266
2023-11-13 15:15:00,2208.55,2209.75,2198.0,2204.55,2713
2023-11-15 09:15:00,2239.4,2290.0,2226.75,2266.2,28852
2023-11-15 10:15:00,2270.0,2270.0,2240.15,2245.1,9564
2023-11-15 11:15:00,2245.0,2245.65,2229.15,2238.0,4769
2023-11-15 12:15:00,2235.4,2257.8,2232.2,2250.0,7258
2023-11-15 13:15:00,2250.0,2259.9,2238.75,2251.0,10344
2023-11-15 14:15:00,2251.0,2276.0,2244.85,2271.8,16841
2023-11-15 15:15:00,2271.35,2271.35,2248.5,2263.35,4885
2023-11-16 09:15:00,2262.9,2274.7,2254.7,2269.8,4702
2023-11-16 10:15:00,2271.9,2274.4,2261.0,2270.35,2167
2023-11-16 11:15:00,2270.35,2306.95,2265.75,2302.95,15518
2023-11-16 12:15:00,2301.75,2319.9,2300.8,2304.1,9786
2023-11-16 13:15:00,2301.4,2331.25,2300.3,2331.25,11300
2023-11-16 14:15:00,2332.9,2371.45,2328.9,2349.35,52811
2023-11-16 15:15:00,2354.95,2359.0,2340.0,2349.0,7094
2023-11-17 09:15:00,2351.95,2378.2,2335.55,2354.6,18417
2023-11-17 10:15:00,2353.8,2380.75,2353.8,2362.95,10620
2023-11-17 11:15:00,2360.1,2369.0,2360.1,2366.55,9417
2023-11-17 12:15:00,2366.25,2366.75,2342.4,2348.45,11662
2023-11-17 13:15:00,2348.65,2363.3,2342.4,2349.65,9192
2023-11-17 14:15:00,2349.65,2364.4,2337.75,2342.65,11830
2023-11-17 15:15:00,2343.8,2348.65,2318.0,2333.0,4189
2023-11-20 09:15:00,2333.0,2396.25,2325.0,2373.9,15770
2023-11-20 10:15:00,2371.0,2409.5,2365.0,2404.95,10461
2023-11-20 11:15:00,2404.6,2425.0,2401.25,2419.8,22364
2023-11-20 12:15:00,2420.0,2420.2,2400.05,2402.5,7403
2023-11-20 13:15:00,2402.0,2425.0,2400.0,2419.1,9090
2023-11-20 14:15:00,2420.1,2423.85,2406.95,2416.35,12650
2023-11-20 15:15:00,2418.85,2424.0,2408.2,2408.5,5990
2023-11-21 09:15:00,2432.95,2449.3,2420.0,2422.0,14892
2023-11-21 10:15:00,2420.0,2437.15,2417.25,2431.2,8259
2023-11-21 11:15:00,2432.1,2467.75,2430.5,2446.0,22254
2023-11-21 12:15:00,2448.0,2462.0,2441.7,2459.3,8340
2023-11-21 13:15:00,2459.95,2463.0,2446.35,2449.3,6048
2023-11-21 14:15:00,2449.3,2476.55,2449.0,2459.95,25415
2023-11-21 15:15:00,2458.6,2459.3,2436.35,2455.0,8441
2023-11-22 09:15:00,2455.05,2455.05,2421.2,2436.95,6169
2023-11-22 10:15:00,2434.5,2444.95,2427.3,2429.2,2934
2023-11-22 11:15:00,2428.0,2429.95,2402.25,2411.35,3892
2023-11-22 12:15:00,2412.0,2426.8,2392.0,2402.1,7622
2023-11-22 13:15:00,2402.75,2406.55,2385.0,2391.4,8363
2023-11-22 14:15:00,2392.9,2414.95,2392.9,2401.4,4899
2023-11-22 15:15:00,2401.45,2401.45,2385.0,2385.0,4231
2023-11-23 09:15:00,2397.7,2427.55,2392.05,2417.0,8259
2023-11-23 10:15:00,2413.65,2424.95,2397.85,2420.15,5733
2023-11-23 11:15:00,2420.8,2430.1,2416.45,2425.9,2055
2023-11-23 12:15:00,2424.6,2436.6,2424.6,2432.7,2486
2023-11-23 13:15:00,2432.65,2436.0,2416.5,2430.05,6930
2023-11-23 14:15:00,2430.0,2446.45,2417.4,2437.95,11980
2023-11-23 15:15:00,2433.7,2437.4,2420.0,2430.0,2707
2023-11-24 09:15:00,2455.0,2455.0,2421.0,2425.0,5436
2023-11-24 10:15:00,2426.85,2429.5,2410.0,2413.75,1533
2023-11-24 11:15:00,2413.3,2426.9,2401.0,2405.2,4353
2023-11-24 12:15:00,2409.95,2409.95,2395.15,2400.4,3953
2023-11-24 13:15:00,2400.4,2403.0,2396.35,2400.7,1380
2023-11-24 14:15:00,2400.7,2401.5,2385.0,2389.55,5464
2023-11-24 15:15:00,2389.15,2389.95,2361.15,2370.0,11025
2023-11-28 09:15:00,2392.0,2392.0,2312.6,2313.65,14356
2023-11-28 10:15:00,2315.65,2320.0,2302.0,2309.8,8329
2023-11-28 11:15:00,2307.05,2318.95,2292.35,2294.0,11091
2023-11-28 12:15:00,2294.0,2313.2,2291.0,2307.05,11211
2023-11-28 13:15:00,2309.2,2313.45,2304.05,2305.55,7757
2023-11-28 14:15:00,2307.0,2315.0,2304.25,2312.0,3880
2023-11-28 15:15:00,2312.0,2312.0,2305.0,2309.0,4947
2023-11-29 09:15:00,2326.95,2356.9,2302.95,2355.95,16835
2023-11-29 10:15:00,2354.8,2371.0,2352.2,2354.65,5512
2023-11-29 11:15:00,2354.95,2364.25,2350.0,2351.75,4360
2023-11-29 12:15:00,2351.6,2363.4,2350.1,2360.05,4489
2023-11-29 13:15:00,2360.05,2375.8,2353.4,2375.75,5646
2023-11-29 14:15:00,2375.8,2375.85,2354.0,2355.45,8211
2023-11-29 15:15:00,2354.4,2363.95,2354.0,2358.0,4803
2023-11-30 09:15:00,2353.2,2371.8,2348.0,2365.9,8906
2023-11-30 10:15:00,2363.1,2387.2,2359.25,2377.05,10252
2023-11-30 11:15:00,2376.95,2384.95,2365.25,2369.25,3770
2023-11-30 12:15:00,2365.4,2385.0,2365.1,2380.0,3496
2023-11-30 13:15:00,2379.75,2382.9,2364.1,2364.9,5021
2023-11-30 14:15:00,2366.45,2384.9,2361.35,2379.55,19513
2023-11-30 15:15:00,2379.6,2384.3,2360.5,2360.5,10764
2023-12-01 09:15:00,2405.0,2409.55,2372.0,2376.05,5951
2023-12-01 10:15:00,2374.2,2381.25,2362.8,2364.95,3720
2023-12-01 11:15:00,2364.95,2391.0,2363.25,2389.95,3644
2023-12-01 12:15:00,2387.65,2390.0,2381.25,2388.45,5615
2023-12-01 13:15:00,2388.4,2394.75,2365.75,2368.6,5437
2023-12-01 14:15:00,2368.6,2374.95,2356.95,2358.75,7089
2023-12-01 15:15:00,2355.1,2369.05,2350.0,2350.0,4480
2023-12-04 09:15:00,2384.0,2396.0,2352.25,2367.5,12302
2023-12-04 10:15:00,2369.3,2386.85,2367.85,2374.0,8664
2023-12-04 11:15:00,2373.3,2378.2,2353.3,2359.4,6441
2023-12-04 12:15:00,2358.65,2361.9,2352.0,2358.25,3783
2023-12-04 13:15:00,2358.25,2369.0,2357.3,2360.15,3154
2023-12-04 14:15:00,2360.25,2375.0,2355.0,2367.15,8396
2023-12-04 15:15:00,2367.4,2368.55,2351.0,2361.0,4942
2023-12-05 09:15:00,2361.0,2382.95,2360.0,2372.3,5774
2023-12-05 10:15:00,2373.0,2375.85,2363.15,2364.9,3338
2023-12-05 11:15:00,2364.55,2368.85,2352.05,2360.0,2255
2023-12-05 12:15:00,2357.55,2382.85,2356.3,2380.8,4741
2023-12-05 13:15:00,2380.7,2395.0,2379.45,2388.1,8798
2023-12-05 14:15:00,2389.2,2397.65,2387.0,2388.15,5678
2023-12-05 15:15:00,2388.1,2395.0,2370.95,2389.0,3950
2023-12-06 09:15:00,2384.4,2420.95,2382.5,2408.9,11586
2023-12-06 10:15:00,2409.55,2412.0,2382.1,2389.0,3745
2023-12-06 11:15:00,2389.9,2389.9,2364.05,2368.75,6765
2023-12-06 12:15:00,2369.5,2375.95,2361.0,2365.95,3337
2023-12-06 13:15:00,2365.95,2373.85,2345.0,2362.0,8331
2023-12-06 14:15:00,2358.05,2393.0,2352.4,2387.8,11705
2023-12-06 15:15:00,2389.75,2398.7,2371.8,2381.25,3204
2023-12-07 09:15:00,2399.5,2400.7,2365.0,2373.15,4478
2023-12-07 10:15:00,2373.15,2378.3,2364.4,2374.15,1234
2023-12-07 11:15:00,2374.0,2375.3,2365.65,2368.1,1908
2023-12-07 12:15:00,2368.1,2374.45,2365.65,2370.0,1083
2023-12-07 13:15:00,2370.0,2386.35,2367.05,2381.4,4079
2023-12-07 14:15:00,2381.45,2384.95,2352.6,2374.7,7505
2023-12-07 15:15:00,2373.7,2373.7,2360.1,2369.0,1538
2023-12-08 09:15:00,2378.6,2389.0,2371.55,2372.0,4506
2023-12-08 10:15:00,2368.6,2370.0,2333.95,2344.95,5828
2023-12-08 11:15:00,2344.95,2352.9,2341.1,2345.25,3277
2023-12-08 12:15:00,2346.05,2347.05,2332.6,2337.2,5809
2023-12-08 13:15:00,2337.0,2345.5,2329.55,2345.5,3636
2023-12-08 14:15:00,2346.5,2380.05,2345.3,2367.2,11320
2023-12-08 15:15:00,2370.0,2376.95,2350.0,2358.0,3091
2023-12-11 09:15:00,2370.3,2387.85,2362.05,2363.0,4384
2023-12-11 10:15:00,2364.85,2368.2,2353.55,2356.25,3841
2023-12-11 11:15:00,2356.2,2375.0,2353.55,2373.8,2944
2023-12-11 12:15:00,2370.05,2370.05,2354.55,2364.2,3478
2023-12-11 13:15:00,2361.05,2377.7,2353.3,2370.3,4695
2023-12-11 14:15:00,2372.2,2394.1,2365.85,2378.1,7162
2023-12-11 15:15:00,2375.65,2381.0,2368.8,2380.0,1948
2023-12-12 09:15:00,2370.05,2439.0,2370.05,2416.4,29494
2023-12-12 10:15:00,2413.85,2416.4,2387.65,2401.0,21531
2023-12-12 11:15:00,2402.5,2404.4,2389.0,2401.65,3152
2023-12-12 12:15:00,2402.95,2402.95,2389.0,2394.75,2153
2023-12-12 13:15:00,2394.15,2405.0,2393.05,2404.7,7790
2023-12-12 14:15:00,2402.1,2405.0,2395.0,2400.05,9901
2023-12-12 15:15:00,2398.4,2404.8,2382.15,2382.15,7530
2023-12-13 09:15:00,2408.55,2408.55,2368.0,2376.2,8368
2023-12-13 10:15:00,2377.6,2381.0,2370.1,2370.1,2937
2023-12-13 11:15:00,2371.95,2397.45,2370.0,2387.8,3503
2023-12-13 12:15:00,2386.3,2419.9,2386.3,2409.85,9011
2023-12-13 13:15:00,2409.9,2434.2,2409.9,2434.0,8626
2023-12-13 14:15:00,2432.25,2433.1,2407.1,2414.1,6541
2023-12-13 15:15:00,2416.25,2419.0,2411.5,2418.9,2356
2023-12-14 09:15:00,2440.0,2644.85,2434.95,2631.2,309089
2023-12-14 10:15:00,2633.45,2639.0,2590.6,2626.2,148961
2023-12-14 11:15:00,2627.8,2684.35,2623.05,2660.4,242541
2023-12-14 12:15:00,2661.8,2669.0,2601.65,2605.2,158081
2023-12-14 13:15:00,2606.45,2633.0,2605.0,2605.0,48698
2023-12-14 14:15:00,2606.05,2607.6,2568.95,2574.75,96200
2023-12-14 15:15:00,2574.5,2588.9,2570.2,2588.0,31849
2023-12-15 09:15:00,2598.45,2684.4,2563.55,2675.1,116812
2023-12-15 10:15:00,2674.35,2693.8,2652.3,2670.0,80524
2023-12-15 11:15:00,2670.0,2724.0,2663.8,2703.0,89615
2023-12-15 12:15:00,2702.1,2728.05,2693.85,2694.05,46498
2023-12-15 13:15:00,2696.5,2698.5,2680.5,2684.3,21542
2023-12-15 14:15:00,2687.0,2733.95,2684.05,2729.0,59515
2023-12-15 15:15:00,2731.0,2756.0,2721.25,2751.0,66582
2023-12-18 09:15:00,2764.4,2850.0,2733.2,2796.0,191050
2023-12-18 10:15:00,2796.0,2819.45,2796.0,2811.9,23797
2023-12-18 11:15:00,2809.05,2814.55,2802.1,2808.1,13936
2023-12-18 12:15:00,2810.0,2828.4,2806.05,2816.95,27007
2023-12-18 13:15:00,2816.85,2821.75,2811.0,2815.6,8922
2023-12-18 14:15:00,2815.15,2822.1,2804.5,2807.0,21588
2023-12-18 15:15:00,2808.9,2844.4,2807.05,2823.0,34622
2023-12-19 09:15:00,2815.05,2819.75,2751.05,2761.15,47050
2023-12-19 10:15:00,2765.0,2784.6,2764.7,2776.3,11542
2023-12-19 11:15:00,2775.45,2779.5,2771.75,2773.1,8162
2023-12-19 12:15:00,2772.35,2789.0,2772.35,2779.9,9875
2023-12-19 13:15:00,2782.0,2787.0,2776.75,2785.75,6314
2023-12-19 14:15:00,2785.9,2786.85,2773.25,2783.2,13761
2023-12-19 15:15:00,2785.0,2806.0,2781.0,2799.4,15537
2023-12-20 09:15:00,2800.0,2828.0,2788.05,2799.35,23341
2023-12-20 10:15:00,2797.65,2800.15,2770.15,2772.4,7448
2023-12-20 11:15:00,2771.85,2778.6,2766.95,2769.45,6519
2023-12-20 12:15:00,2771.95,2797.75,2767.5,2775.45,5716
2023-12-20 13:15:00,2776.15,2776.85,2669.35,2700.45,31064
2023-12-20 14:15:00,2700.65,2739.5,2640.05,2644.75,23572
2023-12-20 15:15:00,2642.15,2683.0,2620.1,2670.0,12190
2023-12-21 09:15:00,2620.0,2715.4,2608.05,2701.9,28259
2023-12-21 10:15:00,2701.85,2739.1,2680.15,2717.75,16518
2023-12-21 11:15:00,2719.95,2727.15,2704.4,2722.05,5407
2023-12-21 12:15:00,2725.8,2725.95,2710.1,2722.2,5366
2023-12-21 13:15:00,2720.4,2769.4,2706.05,2763.4,10275
2023-12-21 14:15:00,2760.0,2815.8,2748.35,2786.05,42262
2023-12-21 15:15:00,2787.85,2823.55,2781.8,2795.45,15907
2023-12-22 09:15:00,2810.0,2815.0,2778.35,2795.0,19295
2023-12-22 10:15:00,2796.15,2796.15,2775.5,2775.5,6419
2023-12-22 11:15:00,2775.0,2784.65,2766.1,2776.0,3641
2023-12-22 12:15:00,2775.9,2776.3,2739.8,2749.65,8925
2023-12-22 13:15:00,2749.65,2763.0,2732.0,2749.45,5789
2023-12-22 14:15:00,2751.9,2818.8,2750.15,2809.9,22880
2023-12-22 15:15:00,2810.35,2812.0,2779.65,2784.0,8262
2023-12-26 09:15:00,2800.0,2814.9,2770.3,2784.35,11816
2023-12-26 10:15:00,2784.9,2805.05,2775.2,2778.25,5068
2023-12-26 11:15:00,2782.4,2782.4,2767.35,2767.35,4012
2023-12-26 12:15:00,2770.45,2771.5,2752.0,2759.95,2845
2023-12-26 13:15:00,2763.1,2779.7,2750.6,2779.7,4818
2023-12-26 14:15:00,2778.25,2793.9,2754.65,2770.6,16817
2023-12-26 15:15:00,2773.85,2775.0,2755.1,2764.0,4828
2023-12-27 09:15:00,2780.35,2853.3,2772.05,2811.55,41456
2023-12-27 10:15:00,2809.6,2815.65,2801.0,2808.0,6621
2023-12-27 11:15:00,2808.0,2814.95,2790.85,2793.4,8461
2023-12-27 12:15:00,2792.0,2795.0,2776.05,2791.25,4507
2023-12-27 13:15:00,2788.0,2795.95,2772.95,2777.3,7090
2023-12-27 14:15:00,2778.85,2821.0,2778.85,2802.5,10400
2023-12-27 15:15:00,2803.0,2822.0,2792.0,2812.0,9622
2023-12-28 09:15:00,2824.35,2824.6,2772.0,2773.65,17398
2023-12-28 10:15:00,2772.7,2798.85,2763.0,2790.9,6058
2023-12-28 11:15:00,2790.85,2796.45,2782.95,2785.9,3460
2023-12-28 12:15:00,2788.0,2792.25,2782.5,2785.05,3483
2023-12-28 13:15:00,2785.1,2789.8,2780.8,2783.85,2658
2023-12-28 14:15:00,2784.85,2800.0,2780.95,2800.0,20613
2023-12-28 15:15:00,2800.0,2800.0,2784.1,2786.45,6290
2023-12-29 09:15:00,2792.5,2818.8,2756.45,2778.4,21991
2023-12-29 10:15:00,2774.7,2790.0,2774.7,2782.3,3552
2023-12-29 11:15:00,2784.1,2790.1,2775.0,2783.7,5424
2023-12-29 12:15:00,2784.05,2785.15,2770.05,2774.0,3555
2023-12-29 13:15:00,2775.75,2788.95,2770.0,2770.05,5018
2023-12-29 14:15:00,2770.0,2843.7,2770.0,2834.9,35784
2023-12-29 15:15:00,2831.45,2834.95,2780.0,2783.3,9218
2024-01-01 09:15:00,2800.0,2805.55,2780.3,2787.35,7037
2024-01-01 10:15:00,2786.0,2793.0,2778.9,2784.1,5444
2024-01-01 11:15:00,2784.1,2788.9,2770.0,2780.0,5614
2024-01-01 12:15:00,2782.6,2787.95,2775.0,2778.95,3951
2024-01-01 13:15:00,2776.85,2796.95,2776.85,2782.35,3743
2024-01-01 14:15:00,2784.5,2794.3,2781.55,2790.0,7896
2024-01-01 15:15:00,2791.95,2792.0,2772.0,2773.35,3869
2024-01-02 09:15:00,2775.0,2785.95,2717.15,2729.1,19629
2024-01-02 10:15:00,2727.45,2730.0,2680.0,2699.95,17462
2024-01-02 11:15:00,2700.0,2732.0,2698.75,2705.0,13403
2024-01-02 12:15:00,2708.0,2721.65,2699.2,2719.7,28303
2024-01-02 13:15:00,2719.95,2728.65,2707.1,2725.0,6256
2024-01-02 14:15:00,2723.6,2738.0,2717.0,2717.3,9901
2024-01-02 15:15:00,2716.9,2734.0,2700.05,2733.95,7043
2024-01-03 09:15:00,2689.15,2704.9,2668.0,2678.0,14369
2024-01-03 10:15:00,2678.0,2684.55,2663.0,2674.75,36184
2024-01-03 11:15:00,2676.45,2680.0,2665.85,2670.0,45631
2024-01-03 12:15:00,2669.25,2672.15,2661.15,2665.7,3701
2024-01-03 13:15:00,2668.0,2689.0,2665.7,2668.0,22835
2024-01-03 14:15:00,2667.1,2672.65,2652.55,2658.0,14582
2024-01-03 15:15:00,2658.0,2670.0,2656.3,2666.5,5184
2024-01-04 09:15:00,2682.0,2700.9,2675.35,2684.5,7218
2024-01-04 10:15:00,2681.6,2689.75,2670.05,2671.1,3733
2024-01-04 11:15:00,2673.7,2686.8,2670.0,2673.05,4450
2024-01-04 12:15:00,2670.35,2693.9,2670.05,2686.45,6629
2024-01-04 13:15:00,2685.0,2690.2,2674.65,2683.0,3709
2024-01-04 14:15:00,2680.5,2699.3,2680.0,2696.45,11751
2024-01-04 15:15:00,2693.3,2697.0,2661.8,2663.0,3204
2024-01-05 09:15:00,2686.4,2764.9,2675.4,2731.85,23758
2024-01-05 10:15:00,2734.05,2740.5,2708.05,2733.0,7981
2024-01-05 11:15:00,2730.1,2741.6,2720.0,2724.25,6331
2024-01-05 12:15:00,2723.8,2728.0,2719.0,2727.5,2628
2024-01-05 13:15:00,2727.35,2734.8,2717.45,2723.85,4310
2024-01-05 14:15:00,2723.35,2744.5,2711.5,2741.05,9803
2024-01-05 15:15:00,2741.15,2743.1,2730.05,2738.4,4075
2024-01-08 09:15:00,2734.35,2778.9,2675.15,2687.9,12014
2024-01-08 10:15:00,2690.0,2703.6,2674.0,2701.1,8654
2024-01-08 11:15:00,2701.0,2708.0,2695.6,2702.95,1647
2024-01-08 12:15:00,2700.0,2707.95,2696.8,2702.05,2499
2024-01-08 13:15:00,2701.25,2707.95,2696.7,2699.25,3006
2024-01-08 14:15:00,2697.85,2705.6,2695.3,2699.8,7319
2024-01-08 15:15:00,2699.8,2702.3,2695.0,2697.0,7176
2024-01-09 09:15:00,2750.0,2755.0,2720.0,2733.75,12171
2024-01-09 10:15:00,2736.2,2747.65,2716.25,2720.9,7053
2024-01-09 11:15:00,2719.55,2719.55,2711.05,2715.7,869
2024-01-09 12:15:00,2715.8,2717.95,2702.6,2707.45,2284
2024-01-09 13:15:00,2707.55,2709.7,2697.0,2699.7,1836
2024-01-09 14:15:00,2698.7,2710.0,2687.1,2704.85,3605
2024-01-09 15:15:00,2704.85,2709.5,2682.65,2698.0,1808
2024-01-10 09:15:00,2691.0,2711.95,2673.3,2707.8,8825
2024-01-10 10:15:00,2709.0,2710.5,2701.0,2701.25,2447
2024-01-10 11:15:00,2701.0,2710.0,2701.0,2704.4,2850
2024-01-10 12:15:00,2703.8,2709.0,2701.0,2704.0,1567
2024-01-10 13:15:00,2704.0,2709.0,2701.0,2702.85,2418
2024-01-10 14:15:00,2702.85,2717.5,2701.0,2705.15,3906
2024-01-10 15:15:00,2706.5,2711.0,2699.15,2709.0,4764
2024-01-11 09:15:00,2709.0,2724.0,2699.55,2721.25,10400
2024-01-11 10:15:00,2721.75,2725.0,2708.0,2708.0,5403
2024-01-11 11:15:00,2709.15,2710.0,2705.0,2709.8,2250
2024-01-11 12:15:00,2708.0,2715.75,2705.0,2715.35,2140
2024-01-11 13:15:00,2715.35,2717.0,2704.0,2709.6,7103
2024-01-11 14:15:00,2709.55,2762.1,2708.4,2762.1,20824
2024-01-11 15:15:00,2763.7,2768.95,2741.4,2750.1,16421
2024-01-12 09:15:00,2810.0,2948.5,2808.9,2912.2,239458
2024-01-12 10:15:00,2910.35,2914.4,2879.0,2879.0,35768
2024-01-12 11:15:00,2879.0,2886.0,2855.75,2855.75,25094
2024-01-12 12:15:00,2855.75,2870.1,2835.0,2836.95,18587
2024-01-12 13:15:00,2838.7,2853.05,2823.0,2833.75,14822
2024-01-12 14:15:00,2834.1,2878.0,2831.1,2878.0,31051
2024-01-12 15:15:00,2878.0,2878.7,2845.15,2849.95,17108
2024-01-15 09:15:00,2902.0,2935.75,2847.95,2855.5,41519
2024-01-15 10:15:00,2859.85,2860.0,2834.0,2838.75,11291
2024-01-15 11:15:00,2838.85,2841.9,2831.0,2834.35,4649
2024-01-15 12:15:00,2835.0,2845.0,2832.05,2843.45,2927
2024-01-15 13:15:00,2841.0,2919.2,2837.65,2913.8,22014
2024-01-15 14:15:00,2913.8,2940.0,2897.1,2897.1,38701
2024-01-15 15:15:00,2896.0,2898.0,2872.1,2898.0,7932
2024-01-16 09:15:00,2895.0,2895.0,2852.35,2859.1,13167
2024-01-16 10:15:00,2860.0,2938.55,2855.4,2930.6,35529
2024-01-16 11:15:00,2932.75,2932.75,2907.35,2913.6,6368
2024-01-16 12:15:00,2913.6,2921.0,2862.0,2865.25,12316
2024-01-16 13:15:00,2865.25,2885.5,2828.0,2880.75,18528
2024-01-16 14:15:00,2880.6,2913.0,2864.05,2900.0,10419
2024-01-16 15:15:00,2901.0,2901.0,2872.7,2895.0,5507
2024-01-17 09:15:00,2875.05,2937.7,2839.55,2930.0,32508
2024-01-17 10:15:00,2930.0,2930.0,2890.0,2906.8,9951
2024-01-17 11:15:00,2906.8,2968.9,2904.1,2939.0,53807
2024-01-17 12:15:00,2940.0,2988.65,2933.05,2965.2,51655
2024-01-17 13:15:00,2966.05,2970.0,2913.6,2930.2,37460
2024-01-17 14:15:00,2930.0,2937.95,2894.05,2916.85,23595
2024-01-17 15:15:00,2919.75,2951.0,2914.95,2940.0,14958
2024-01-18 09:15:00,2925.0,2957.8,2901.0,2910.0,58189
2024-01-18 10:15:00,2908.4,2935.0,2885.0,2927.4,13715
2024-01-18 11:15:00,2923.9,3021.0,2922.3,3010.45,85858
2024-01-18 12:15:00,3010.45,3055.0,3006.7,3049.0,95143
2024-01-18 13:15:00,3050.1,3069.7,2886.25,2930.95,354050
2024-01-18 14:15:00,2928.45,2933.9,2887.45,2903.8,70094
2024-01-18 15:15:00,2903.8,2912.0,2893.6,2902.05,20294
2024-01-19 09:15:00,2947.0,2947.0,2910.2,2923.55,33095
2024-01-19 10:15:00,2923.45,2928.0,2912.5,2915.4,15084
2024-01-19 11:15:00,2915.4,2918.9,2875.5,2889.75,13822
2024-01-19 12:15:00,2889.35,2895.0,2871.0,2890.1,11122
2024-01-19 13:15:00,2890.15,2908.4,2890.1,2905.5,17702
2024-01-19 14:15:00,2905.5,2916.6,2900.0,2913.7,17418
2024-01-19 15:15:00,2912.0,2920.0,2912.0,2917.0,12093
2024-01-20 09:15:00,2927.25,2937.0,2878.0,2883.0,7360
2024-01-20 10:15:00,2883.0,2887.15,2874.2,2880.25,4287
2024-01-20 11:15:00,2884.45,2894.9,2876.0,2877.8,2373
2024-01-20 12:15:00,2876.0,2877.95,2810.0,2822.0,16392
2024-01-20 13:15:00,2824.0,2835.0,2790.0,2816.0,18683
2024-01-20 14:15:00,2816.2,2819.0,2770.1,2804.0,29252
2024-01-20 15:15:00,2804.55,2817.0,2800.0,2802.9,7725
2024-01-23 09:15:00,2829.0,2829.0,2745.0,2755.65,18371
2024-01-23 10:15:00,2750.9,2751.85,2688.1,2718.0,20022
2024-01-23 11:15:00,2716.0,2723.2,2665.05,2689.9,19982
2024-01-23 12:15:00,2689.35,2740.35,2689.35,2726.5,10297
2024-01-23 13:15:00,2722.25,2734.3,2704.6,2705.4,6632
2024-01-23 14:15:00,2708.1,2713.95,2680.0,2683.15,24888
2024-01-23 15:15:00,2684.5,2695.0,2669.95,2695.0,6224
2024-01-24 09:15:00,2682.0,2697.75,2616.7,2669.05,19037
2024-01-24 10:15:00,2671.05,2677.85,2650.0,2654.2,10524
2024-01-24 11:15:00,2654.2,2668.0,2650.0,2652.55,5152
2024-01-24 12:15:00,2654.8,2666.0,2651.2,2661.8,3600
2024-01-24 13:15:00,2662.1,2676.35,2656.75,2670.05,5150
2024-01-24 14:15:00,2670.5,2735.5,2650.0,2698.55,57441
2024-01-24 15:15:00,2698.95,2700.0,2652.05,2670.05,44403
2024-01-25 09:15:00,2705.0,2720.0,2687.4,2718.25,42273
2024-01-25 10:15:00,2718.25,2744.3,2715.15,2717.7,12084
2024-01-25 11:15:00,2716.55,2747.7,2716.15,2744.85,8105
2024-01-25 12:15:00,2742.0,2751.55,2727.0,2738.15,6623
2024-01-25 13:15:00,2741.25,2755.95,2725.0,2751.6,13308
2024-01-25 14:15:00,2754.6,2766.45,2732.1,2748.7,12850
2024-01-25 15:15:00,2748.65,2754.65,2740.0,2748.65,4237
2024-01-29 09:15:00,2759.95,2790.0,2738.5,2743.35,5843
2024-01-29 10:15:00,2741.65,2752.6,2736.6,2744.75,4420
2024-01-29 11:15:00,2743.85,2760.0,2737.05,2753.1,2105
2024-01-29 12:15:00,2753.05,2875.0,2744.0,2806.1,79991
2024-01-29 13:15:00,2808.55,2810.2,2771.0,2775.15,15284
2024-01-29 14:15:00,2771.2,2786.0,2757.3,2782.0,15812
2024-01-29 15:15:00,2780.0,2820.0,2780.0,2820.0,14860
2024-01-30 09:15:00,2817.0,2817.0,2745.0,2766.0,13169
2024-01-30 10:15:00,2765.95,2796.05,2761.45,2791.0,16239
2024-01-30 11:15:00,2791.15,2795.0,2771.1,2776.25,4423
2024-01-30 12:15:00,2776.2,2786.95,2763.05,2765.95,3975
2024-01-30 13:15:00,2763.7,2778.75,2745.0,2764.75,6205
2024-01-30 14:15:00,2761.9,2765.9,2736.1,2742.1,13298
2024-01-30 15:15:00,2739.15,2750.9,2735.1,2735.15,4469
2024-01-31 09:15:00,2718.0,2805.0,2718.0,2786.7,24391
2024-01-31 10:15:00,2788.8,2815.0,2781.6,2811.9,9256
2024-01-31 11:15:00,2812.0,2815.0,2803.35,2806.95,5237
2024-01-31 12:15:00,2807.9,2825.0,2800.0,2823.35,8254
2024-01-31 13:15:00,2821.0,2825.0,2811.05,2815.0,9533
2024-01-31 14:15:00,2813.1,2848.75,2813.05,2839.75,14108
2024-01-31 15:15:00,2838.15,2865.0,2838.15,2860.0,19005
2024-02-01 09:15:00,2840.0,2851.2,2808.45,2834.0,5056
2024-02-01 10:15:00,2835.0,2858.35,2834.3,2848.0,4014
2024-02-01 11:15:00,2848.0,2854.85,2844.1,2850.7,3763
2024-02-01 12:15:00,2848.0,2857.65,2845.55,2850.4,3121
2024-02-01 13:15:00,2850.45,2852.0,2842.45,2850.9,8560
2024-02-01 14:15:00,2850.85,2865.0,2846.85,2850.05,7931
2024-02-01 15:15:00,2848.0,2859.0,2844.2,2859.0,3033
2024-02-02 09:15:00,2865.0,2896.4,2851.1,2860.0,5777
2024-02-02 10:15:00,2860.1,2874.65,2853.85,2859.8,3311
2024-02-02 11:15:00,2862.0,2866.75,2859.0,2864.75,3523
2024-02-02 12:15:00,2864.75,2872.0,2845.1,2870.0,9751
2024-02-02 13:15:00,2870.15,2989.75,2867.0,2945.0,37739
2024-02-02 14:15:00,2943.05,2961.3,2924.05,2957.2,26285
2024-02-02 15:15:00,2952.1,2961.0,2908.1,2915.0,6088
2024-02-05 09:15:00,2947.95,2947.95,2888.05,2901.0,7937
2024-02-05 10:15:00,2900.0,2927.65,2894.15,2902.1,5300
2024-02-05 11:15:00,2901.6,2905.25,2891.1,2900.7,4474
2024-02-05 12:15:00,2903.95,2919.05,2893.45,2904.15,2149
2024-02-05 13:15:00,2906.75,2911.4,2893.0,2906.3,2970
2024-02-05 14:15:00,2908.45,2913.85,2878.4,2903.0,12483
2024-02-05 15:15:00,2903.85,2907.65,2883.15,2904.95,5401
2024-02-06 09:15:00,2895.0,2989.9,2895.0,2977.5,47883
2024-02-06 10:15:00,2980.0,2991.0,2965.0,2978.95,21167
2024-02-06 11:15:00,2979.0,2979.45,2956.2,2970.4,11327
2024-02-06 12:15:00,2972.0,2982.0,2963.2,2982.0,8150
2024-02-06 13:15:00,2980.8,2984.0,2956.75,2965.1,7541
2024-02-06 14:15:00,2970.0,2986.95,2950.1,2964.0,11475
2024-02-06 15:15:00,2961.6,2964.3,2942.35,2953.0,6623
2024-02-07 09:15:00,2994.9,3002.0,2962.55,2973.4,22020
2024-02-07 10:15:00,2973.2,2973.2,2942.0,2947.75,7093
2024-02-07 11:15:00,2948.15,2949.2,2930.05,2943.1,4136
2024-02-07 12:15:00,2945.8,2950.0,2945.0,2949.55,6409
2024-02-07 13:15:00,2949.75,2950.0,2941.1,2945.65,4312
2024-02-07 14:15:00,2947.0,2950.0,2932.3,2942.0,6133
2024-02-07 15:15:00,2944.85,2947.9,2928.45,2928.45,4353
2024-02-08 09:15:00,2971.95,2982.35,2944.4,2954.35,5245
2024-02-08 10:15:00,2952.1,2975.0,2938.05,2957.75,10207
2024-02-08 11:15:00,2958.15,2964.5,2947.05,2955.1,2415
2024-02-08 12:15:00,2957.8,2968.65,2955.15,2967.45,2177
2024-02-08 13:15:00,2967.45,2967.45,2923.35,2932.25,3853
2024-02-08 14:15:00,2932.25,2961.95,2924.6,2942.7,5249
2024-02-08 15:15:00,2942.2,2957.45,2930.05,2946.0,2673
2024-02-09 09:15:00,2956.25,2964.0,2872.2,2904.8,9579
2024-02-09 10:15:00,2901.75,2907.05,2851.6,2860.65,6673
2024-02-09 11:15:00,2860.65,2888.85,2844.25,2879.95,5405
2024-02-09 12:15:00,2885.15,2899.75,2872.8,2896.5,6719
2024-02-09 13:15:00,2895.05,2910.6,2894.0,2902.55,1999
2024-02-09 14:15:00,2908.1,2949.6,2894.0,2939.75,5353
2024-02-09 15:15:00,2939.9,2939.9,2894.0,2900.0,3730
2024-02-12 09:15:00,2943.9,2989.5,2934.2,2974.2,23015
2024-02-12 10:15:00,2970.0,2975.0,2909.05,2923.0,14443
2024-02-12 11:15:00,2927.85,2937.65,2884.2,2899.5,4474
2024-02-12 12:15:00,2901.1,2912.1,2882.0,2890.0,3698
2024-02-12 13:15:00,2892.9,2898.2,2870.0,2891.5,3761
2024-02-12 14:15:00,2891.55,2894.25,2854.15,2854.55,5122
2024-02-12 15:15:00,2857.0,2857.0,2821.0,2839.9,5110
2024-02-13 09:15:00,2843.45,2843.45,2775.85,2813.75,15350
2024-02-13 10:15:00,2814.0,2837.75,2809.05,2833.05,6988
2024-02-13 11:15:00,2832.55,2833.05,2800.0,2807.1,3634
2024-02-13 12:15:00,2805.7,2861.5,2800.0,2861.5,12719
2024-02-13 13:15:00,2863.0,2888.0,2843.0,2886.8,4821
2024-02-13 14:15:00,2886.8,2888.3,2871.35,2886.1,3742
2024-02-13 15:15:00,2886.1,2886.25,2854.0,2870.0,1888
2024-02-14 09:15:00,2836.0,2846.8,2817.35,2842.05,5987
2024-02-14 10:15:00,2842.05,2860.8,2840.25,2849.15,2524
2024-02-14 11:15:00,2849.7,2870.8,2837.0,2843.1,3994
2024-02-14 12:15:00,2841.95,2849.9,2795.55,2798.4,12296
2024-02-14 13:15:00,2802.85,2829.1,2798.0,2820.7,6252
2024-02-14 14:15:00,2819.7,2830.55,2810.2,2824.85,4566
2024-02-14 15:15:00,2821.5,2823.3,2810.0,2811.0,2788
2024-02-15 09:15:00,2829.75,2864.95,2829.75,2859.15,4473
2024-02-15 10:15:00,2858.65,2864.95,2854.55,2860.15,1737
2024-02-15 11:15:00,2862.0,2872.6,2857.1,2864.9,2177
2024-02-15 12:15:00,2863.3,2864.6,2857.15,2861.1,612
2024-02-15 13:15:00,2861.1,2886.0,2860.7,2864.45,4493
2024-02-15 14:15:00,2862.2,2881.0,2854.1,2865.6,7505
2024-02-15 15:15:00,2866.2,2867.95,2851.2,2867.95,2409
2024-02-16 09:15:00,2932.8,3048.05,2900.05,3024.95,153398
2024-02-16 10:15:00,3022.7,3046.0,3011.5,3020.75,26276
2024-02-16 11:15:00,3020.7,3040.0,2990.35,3033.45,37036
2024-02-16 12:15:00,3033.5,3112.0,3030.0,3066.8,125028
2024-02-16 13:15:00,3066.0,3110.0,3063.0,3099.95,73650
2024-02-16 14:15:00,3101.4,3101.7,3061.0,3088.0,43286
2024-02-16 15:15:00,3086.85,3108.95,3071.0,3100.0,27869
2024-02-19 09:15:00,3120.0,3120.0,3052.05,3065.95,38485
2024-02-19 10:15:00,3066.0,3138.0,3063.05,3134.9,50749
2024-02-19 11:15:00,3134.9,3145.0,3102.15,3139.0,37897
2024-02-19 12:15:00,3139.0,3143.0,3104.5,3108.2,17743
2024-02-19 13:15:00,3105.3,3117.0,3061.1,3112.6,18827
2024-02-19 14:15:00,3110.0,3138.0,3104.0,3122.9,26444
2024-02-19 15:15:00,3122.9,3142.0,3120.0,3123.15,13050
2024-02-20 09:15:00,3129.0,3136.2,3062.5,3086.4,24121
2024-02-20 10:15:00,3086.2,3119.95,3085.0,3104.0,9621
2024-02-20 11:15:00,3100.3,3112.0,3099.2,3102.4,7036
2024-02-20 12:15:00,3106.55,3109.7,3088.05,3088.25,5379
2024-02-20 13:15:00,3088.25,3100.0,3070.2,3081.55,5386
2024-02-20 14:15:00,3081.55,3092.3,3065.05,3082.7,7295
2024-02-20 15:15:00,3081.7,3081.7,3036.75,3064.0,10740
2024-02-21 09:15:00,3067.1,3125.0,3057.15,3060.0,12885
2024-02-21 10:15:00,3057.1,3065.3,3024.1,3032.55,5920
2024-02-21 11:15:00,3032.45,3045.95,3014.0,3020.0,7751
2024-02-21 12:15:00,3020.45,3027.2,3010.0,3019.35,4394
2024-02-21 13:15:00,3019.0,3033.0,3006.0,3006.0,3097
2024-02-21 14:15:00,3006.0,3020.0,2979.75,3006.0,13928
2024-02-21 15:15:00,3005.95,3007.0,2971.2,2989.95,5099
2024-02-22 09:15:00,3019.9,3026.25,2968.25,2981.0,12797
2024-02-22 10:15:00,2976.7,3021.65,2969.85,2986.55,5139
2024-02-22 11:15:00,2988.0,3009.9,2985.7,2993.55,1478
2024-02-22 12:15:00,2993.2,2994.0,2978.45,2984.3,1902
2024-02-22 13:15:00,2984.85,2984.85,2951.1,2951.1,5227
2024-02-22 14:15:00,2950.0,2975.05,2949.45,2963.0,6066
2024-02-22 15:15:00,2964.75,2968.0,2950.8,2963.9,4815
2024-02-23 09:15:00,3000.0,3030.0,2984.65,3003.0,15165
2024-02-23 10:15:00,3003.0,3069.3,3000.85,3014.6,40074
2024-02-23 11:15:00,3014.2,3020.15,2975.75,2980.1,8137
2024-02-23 12:15:00,2980.0,2992.0,2980.0,2983.25,4043
2024-02-23 13:15:00,2982.0,2991.1,2964.4,2968.05,5720
2024-02-23 14:15:00,2968.0,2992.0,2961.3,2986.65,6881
2024-02-23 15:15:00,2984.95,3000.0,2968.0,2971.0,5257
2024-02-26 09:15:00,2992.0,2993.65,2924.85,2948.0,10071
2024-02-26 10:15:00,2947.0,2961.7,2945.0,2954.4,7802
2024-02-26 11:15:00,2955.45,2960.6,2952.05,2957.8,2544
2024-02-26 12:15:00,2957.8,2967.7,2953.05,2963.3,1151
2024-02-26 13:15:00,2958.05,2969.9,2958.05,2963.35,1941
2024-02-26 14:15:00,2963.3,2971.45,2961.55,2966.15,5972
2024-02-26 15:15:00,2966.3,2978.95,2950.9,2970.05,4791
2024-02-27 09:15:00,2948.0,2994.0,2948.0,2983.95,7725
2024-02-27 10:15:00,2980.05,2980.05,2968.0,2978.0,2523
2024-02-27 11:15:00,2979.0,2993.25,2977.2,2988.5,3739
2024-02-27 12:15:00,2987.65,2995.0,2978.05,2986.35,4668
2024-02-27 13:15:00,2982.65,2994.25,2982.65,2987.5,5162
2024-02-27 14:15:00,2987.75,3005.0,2987.75,2995.0,14157
2024-02-27 15:15:00,2990.05,2996.0,2985.0,2990.5,4335
2024-02-28 09:15:00,2994.75,3020.0,2970.0,2982.55,5394
2024-02-28 10:15:00,2980.05,2984.95,2926.0,2930.05,6558
2024-02-28 11:15:00,2934.2,2939.8,2911.0,2927.3,6481
2024-02-28 12:15:00,2927.45,2930.8,2870.0,2873.75,9396
2024-02-28 13:15:00,2871.0,2915.0,2871.0,2906.65,6148
2024-02-28 14:15:00,2906.65,2915.0,2876.0,2910.35,6655
2024-02-28 15:15:00,2913.65,2914.2,2890.0,2890.0,2993
2024-02-29 09:15:00,2877.35,2897.2,2865.65,2867.2,4385
2024-02-29 10:15:00,2867.3,2881.6,2865.1,2876.0,1731
2024-02-29 11:15:00,2878.0,2924.8,2875.0,2921.1,6679
2024-02-29 12:15:00,2906.05,2943.45,2906.05,2934.65,6001
2024-02-29 13:15:00,2933.45,2942.9,2919.95,2933.6,1913
2024-02-29 14:15:00,2933.85,2942.5,2913.6,2941.85,14321
2024-02-29 15:15:00,2941.85,2948.0,2927.7,2939.0,9561
2024-03-01 09:15:00,2940.35,2981.95,2935.4,2972.15,8896
2024-03-01 10:15:00,2974.9,2974.9,2955.05,2964.25,6025
2024-03-01 11:15:00,2963.95,2994.6,2959.6,2977.8,6459
2024-03-01 12:15:00,2975.05,2975.05,2951.2,2951.25,2313
2024-03-01 13:15:00,2954.3,2965.4,2950.1,2955.45,2541
2024-03-01 14:15:00,2954.85,2965.1,2930.0,2945.2,7801
2024-03-01 15:15:00,2944.6,2953.95,2920.0,2936.0,3336
2024-03-02 09:15:00,2950.0,2954.3,2933.05,2943.0,593
2024-03-02 11:15:00,2943.0,2962.2,2912.0,2958.0,620
2024-03-02 12:15:00,2961.6,2966.7,2921.0,2950.0,318
2024-03-04 09:15:00,2951.0,2965.55,2927.95,2957.0,4446
2024-03-04 10:15:00,2951.45,2956.0,2937.6,2942.0,1538
2024-03-04 11:15:00,2940.0,2949.05,2936.05,2936.1,672
2024-03-04 12:15:00,2936.1,2959.75,2925.0,2957.65,2450
2024-03-04 13:15:00,2957.55,2999.75,2948.05,2952.0,5124
2024-03-04 14:15:00,2957.1,2965.75,2947.7,2956.3,2871
2024-03-04 15:15:00,2953.15,2971.35,2933.05,2960.0,2936
2024-03-05 09:15:00,2938.05,2953.75,2896.75,2902.85,7864
2024-03-05 10:15:00,2899.55,2916.15,2893.5,2914.45,3863
2024-03-05 11:15:00,2911.35,2963.0,2908.55,2960.0,6863
2024-03-05 12:15:00,2960.0,2975.4,2951.3,2968.0,3045
2024-03-05 13:15:00,2970.45,2980.0,2952.15,2961.25,4337
2024-03-05 14:15:00,2962.6,2999.35,2945.5,2997.95,9289
2024-03-05 15:15:00,2998.15,2998.25,2943.0,2945.0,4731
2024-03-06 09:15:00,2951.0,2964.6,2892.0,2915.3,8803
2024-03-06 10:15:00,2910.25,2925.7,2892.15,2892.15,4647
2024-03-06 11:15:00,2893.0,2898.25,2880.1,2884.95,4283
2024-03-06 12:15:00,2885.0,2891.25,2868.0,2879.95,4173
2024-03-06 13:15:00,2879.7,2915.6,2860.0,2895.35,13624
2024-03-06 14:15:00,2895.35,2924.3,2878.6,2882.2,12345
2024-03-06 15:15:00,2880.05,2885.0,2869.6,2884.9,6014
2024-03-07 09:15:00,2903.1,2903.15,2871.85,2882.95,5113
2024-03-07 10:15:00,2880.0,2907.2,2880.0,2898.7,2080
2024-03-07 11:15:00,2898.45,2909.9,2890.0,2893.75,1373
2024-03-07 12:15:00,2897.6,2908.75,2873.1,2881.25,1688
2024-03-07 13:15:00,2881.0,2887.15,2855.8,2874.4,5523
2024-03-07 14:15:00,2874.0,2874.4,2864.0,2867.4,4383
2024-03-07 15:15:00,2867.4,2869.25,2820.0,2848.0,9266
2024-03-11 09:15:00,2830.0,2838.85,2750.0,2759.4,16232
2024-03-11 10:15:00,2756.0,2761.55,2748.6,2755.7,9622
2024-03-11 11:15:00,2758.05,2772.0,2736.9,2743.0,11552
2024-03-11 12:15:00,2743.0,2777.4,2743.0,2762.0,14161
2024-03-11 13:15:00,2763.25,2767.25,2755.7,2756.3,4448
2024-03-11 14:15:00,2756.3,2768.0,2754.15,2754.15,6440
2024-03-11 15:15:00,2755.6,2760.0,2747.45,2757.0,3980
2024-03-12 09:15:00,2744.1,2808.7,2736.3,2771.85,10879
2024-03-12 10:15:00,2771.85,2771.9,2755.95,2759.1,3196
2024-03-12 11:15:00,2759.2,2763.35,2725.0,2728.0,6769
2024-03-12 12:15:00,2728.0,2728.85,2713.0,2718.05,3421
2024-03-12 13:15:00,2713.25,2726.35,2711.3,2725.0,2236
2024-03-12 14:15:00,2723.0,2728.0,2701.95,2701.95,4436
2024-03-12 15:15:00,2701.75,2710.0,2690.65,2703.0,4582
2024-03-13 09:15:00,2727.6,2754.4,2630.05,2653.25,17069
2024-03-13 10:15:00,2654.7,2656.85,2635.0,2635.0,4708
2024-03-13 11:15:00,2635.45,2639.95,2605.0,2607.5,8924
2024-03-13 12:15:00,2609.05,2614.45,2581.35,2607.05,8542
2024-03-13 13:15:00,2608.45,2609.15,2590.0,2608.45,4763
2024-03-13 14:15:00,2609.0,2625.15,2595.5,2620.0,14422
2024-03-13 15:15:00,2620.0,2621.95,2609.95,2620.05,4267
2024-03-14 09:15:00,2610.05,2631.95,2594.25,2598.0,9596
2024-03-14 10:15:00,2598.5,2605.0,2590.0,2605.0,5427
2024-03-14 11:15:00,2605.05,2635.0,2599.75,2635.0,5973
2024-03-14 12:15:00,2635.6,2682.8,2632.05,2682.8,9149
2024-03-14 13:15:00,2682.8,2692.45,2659.05,2681.9,7957
2024-03-14 14:15:00,2681.85,2719.8,2680.2,2715.05,7501
2024-03-14 15:15:00,2715.0,2726.0,2700.0,2726.0,3003
2024-03-15 09:15:00,2735.55,2735.55,2618.65,2620.0,23903
2024-03-15 10:15:00,2620.05,2638.0,2610.2,2629.0,7002
2024-03-15 11:15:00,2631.0,2642.95,2630.75,2635.05,7238
2024-03-15 12:15:00,2633.45,2641.1,2620.9,2641.1,1689
2024-03-15 13:15:00,2641.0,2675.8,2634.2,2657.7,11845
2024-03-15 14:15:00,2657.4,2657.4,2626.05,2632.65,11722
2024-03-15 15:15:00,2629.55,2639.0,2615.2,2638.9,6668
2024-03-18 09:15:00,2629.95,2669.75,2629.95,2630.1,5821
2024-03-18 10:15:00,2633.4,2665.95,2631.0,2651.95,3836
2024-03-18 11:15:00,2651.9,2662.75,2645.2,2660.5,3060
2024-03-18 12:15:00,2660.5,2682.95,2660.5,2679.1,13296
2024-03-18 13:15:00,2679.1,2680.45,2616.05,2642.0,5876
2024-03-18 14:15:00,2642.0,2655.0,2622.15,2635.35,4321
2024-03-18 15:15:00,2635.35,2644.95,2620.65,2624.95,2972
2024-03-19 09:15:00,2625.0,2647.35,2621.0,2625.65,4625
2024-03-19 10:15:00,2625.65,2625.65,2590.55,2594.45,4120
2024-03-19 11:15:00,2599.0,2639.35,2599.0,2629.45,3514
2024-03-19 12:15:00,2629.45,2635.0,2625.0,2630.05,2483
2024-03-19 13:15:00,2632.1,2636.05,2623.65,2628.65,2971
2024-03-19 14:15:00,2625.2,2645.9,2624.55,2629.0,5123
2024-03-19 15:15:00,2628.8,2629.0,2621.6,2625.0,1927
2024-03-20 09:15:00,2626.5,2656.0,2595.0,2595.0,3732
2024-03-20 10:15:00,2599.1,2625.15,2585.0,2619.0,4066
2024-03-20 11:15:00,2619.0,2657.95,2614.75,2654.4,4147
2024-03-20 12:15:00,2656.65,2672.0,2638.95,2653.6,7170
2024-03-20 13:15:00,2653.7,2653.7,2616.0,2618.5,2088
2024-03-20 14:15:00,2618.55,2628.0,2593.4,2598.75,4303
2024-03-20 15:15:00,2598.4,2616.85,2594.75,2611.0,1964
2024-03-21 09:15:00,2621.0,2658.0,2621.0,2654.0,3400
2024-03-21 10:15:00,2657.6,2667.3,2645.7,2667.05,3127
2024-03-21 11:15:00,2667.05,2669.95,2652.65,2659.0,1022
2024-03-21 12:15:00,2655.95,2674.95,2654.2,2665.0,3329
2024-03-21 13:15:00,2665.0,2675.0,2659.35,2670.0,3640
2024-03-21 14:15:00,2670.0,2670.0,2650.0,2652.25,2232
2024-03-21 15:15:00,2652.5,2658.1,2650.0,2650.0,1488
2024-03-22 09:15:00,2635.0,2644.0,2616.15,2632.05,8267
2024-03-22 10:15:00,2632.25,2652.65,2630.0,2645.45,4663
2024-03-22 11:15:00,2645.35,2668.45,2635.5,2655.65,2764
2024-03-22 12:15:00,2654.6,2656.45,2641.25,2646.15,1175
2024-03-22 13:15:00,2646.1,2664.6,2635.0,2652.1,2959
2024-03-22 14:15:00,2652.1,2655.45,2630.0,2635.0,3493
2024-03-22 15:15:00,2630.0,2655.0,2628.0,2655.0,3761
2024-03-26 09:15:00,2639.7,2648.7,2601.0,2608.85,5781
2024-03-26 10:15:00,2608.35,2616.0,2607.85,2616.0,1564
2024-03-26 11:15:00,2616.0,2637.0,2610.1,2624.35,2204
2024-03-26 12:15:00,2624.35,2635.0,2621.05,2635.0,1811
2024-03-26 13:15:00,2635.0,2635.0,2601.35,2604.7,5395
2024-03-26 14:15:00,2606.5,2608.6,2566.9,2572.0,20419
2024-03-26 15:15:00,2572.0,2573.4,2563.2,2571.0,4631
2024-03-27 09:15:00,2571.95,2600.0,2541.15,2544.25,14723
2024-03-27 10:15:00,2542.55,2585.0,2542.15,2551.05,13126
2024-03-27 11:15:00,2551.1,2551.9,2541.15,2544.2,4262
2024-03-27 12:15:00,2541.15,2549.85,2541.0,2549.05,4173
2024-03-27 13:15:00,2549.05,2549.7,2536.6,2543.0,4877
2024-03-27 14:15:00,2541.0,2544.25,2511.1,2511.1,7567
2024-03-27 15:15:00,2513.0,2519.1,2505.4,2510.0,6901
2024-03-28 09:15:00,2515.05,2534.1,2490.0,2504.65,14053
2024-03-28 10:15:00,2504.4,2504.9,2488.0,2501.85,5528
2024-03-28 11:15:00,2501.85,2502.0,2489.1,2492.3,6735
2024-03-28 12:15:00,2493.0,2496.0,2485.55,2493.05,4478
2024-03-28 13:15:00,2493.05,2500.25,2480.0,2500.1,6401
2024-03-28 14:15:00,2500.0,2560.0,2495.1,2557.85,26169
2024-03-28 15:15:00,2559.2,2564.75,2510.0,2543.0,10151
2024-04-01 09:15:00,2543.0,2635.0,2543.0,2580.05,16799
2024-04-01 10:15:00,2579.95,2590.45,2576.7,2585.0,2742
2024-04-01 11:15:00,2585.0,2644.2,2585.0,2621.0,7988
2024-04-01 12:15:00,2621.0,2625.0,2608.1,2612.65,3189
2024-04-01 13:15:00,2612.6,2613.85,2597.0,2601.1,6639
2024-04-01 14:15:00,2601.1,2619.5,2601.0,2618.25,4658
2024-04-01 15:15:00,2618.25,2618.25,2597.0,2609.5,2870
2024-04-02 09:15:00,2614.95,2622.65,2594.0,2605.1,7984
2024-04-02 10:15:00,2605.1,2618.0,2602.55,2609.0,2726
2024-04-02 11:15:00,2609.0,2617.65,2605.5,2614.5,1035
2024-04-02 12:15:00,2614.9,2633.7,2601.05,2612.35,4442
2024-04-02 13:15:00,2612.0,2615.35,2600.1,2611.45,1746
2024-04-02 14:15:00,2611.45,2614.5,2582.5,2584.9,4570
2024-04-02 15:15:00,2584.9,2590.95,2560.0,2590.95,6332
2024-04-03 09:15:00,2603.4,2614.75,2576.6,2614.75,9610
2024-04-03 10:15:00,2614.75,2640.0,2606.4,2636.25,7813
2024-04-03 11:15:00,2636.55,2654.0,2630.9,2643.85,8412
2024-04-03 12:15:00,2646.95,2651.0,2613.3,2644.05,4787
2024-04-03 13:15:00,2646.15,2646.15,2604.0,2616.65,4418
2024-04-03 14:15:00,2615.0,2645.0,2614.5,2623.65,8530
2024-04-03 15:15:00,2623.65,2629.55,2609.1,2615.0,4007
2024-04-04 09:15:00,2633.0,2645.7,2606.0,2611.8,6936
2024-04-04 10:15:00,2611.8,2624.0,2607.5,2613.0,3725
2024-04-04 11:15:00,2618.95,2644.9,2613.0,2639.15,4286
2024-04-04 12:15:00,2639.15,2640.0,2617.15,2640.0,4576
2024-04-04 13:15:00,2640.0,2667.0,2610.55,2655.85,10865
2024-04-04 14:15:00,2655.8,2734.4,2654.15,2707.7,43071
2024-04-04 15:15:00,2704.75,2707.7,2675.9,2680.0,9883
2024-04-05 09:15:00,2691.7,2694.0,2643.35,2694.0,14424
2024-04-05 10:15:00,2691.2,2705.75,2629.9,2634.7,22669
2024-04-05 11:15:00,2634.7,2649.3,2622.2,2643.6,13691
2024-04-05 12:15:00,2643.0,2644.7,2625.8,2629.15,4839
2024-04-05 13:15:00,2629.5,2657.9,2626.75,2657.9,6008
2024-04-05 14:15:00,2653.7,2656.05,2646.6,2650.15,4567
2024-04-05 15:15:00,2650.15,2652.0,2640.75,2650.35,6689
2024-04-08 09:15:00,2650.0,2668.15,2620.0,2642.45,4670
2024-04-08 10:15:00,2642.45,2651.55,2633.2,2633.2,2435
2024-04-08 11:15:00,2632.85,2640.0,2619.75,2624.25,5445
2024-04-08 12:15:00,2624.0,2624.25,2616.3,2619.5,3767
2024-04-08 13:15:00,2619.5,2621.9,2610.4,2618.35,4547
2024-04-08 14:15:00,2618.35,2621.15,2610.0,2615.25,4909
2024-04-08 15:15:00,2615.25,2622.05,2609.15,2619.5,3531
2024-04-09 09:15:00,2625.2,2664.0,2614.65,2655.15,15990
2024-04-09 10:15:00,2658.2,2666.0,2647.6,2652.0,3712
2024-04-09 11:15:00,2652.0,2655.65,2646.1,2650.0,1442
2024-04-09 12:15:00,2650.0,2651.7,2646.9,2650.05,2631
2024-04-09 13:15:00,2650.05,2658.4,2644.6,2654.0,3653
2024-04-09 14:15:00,2654.0,2666.95,2644.55,2662.75,9538
2024-04-09 15:15:00,2662.75,2670.0,2616.95,2619.9,3720
2024-04-10 09:15:00,2658.3,2658.3,2631.95,2634.3,2808
2024-04-10 10:15:00,2636.15,2668.95,2632.05,2642.5,4609
2024-04-10 11:15:00,2644.0,2644.0,2620.0,2625.0,2746
2024-04-10 12:15:00,2629.45,2647.8,2620.0,2639.95,2233
2024-04-10 13:15:00,2640.0,2644.85,2621.25,2625.15,2820
2024-04-10 14:15:00,2623.0,2654.4,2622.25,2642.0,2541
2024-04-10 15:15:00,2639.0,2644.0,2610.0,2635.0,3024
2024-04-12 09:15:00,2644.0,2650.0,2596.0,2610.65,8316
2024-04-12 10:15:00,2610.65,2619.7,2595.0,2599.3,5886
2024-04-12 11:15:00,2599.3,2602.0,2595.95,2602.0,2449
2024-04-12 12:15:00,2602.0,2620.0,2597.25,2616.8,9097
2024-04-12 13:15:00,2616.8,2618.0,2611.2,2615.05,7704
2024-04-12 14:15:00,2616.0,2617.9,2604.8,2616.6,19050
2024-04-12 15:15:00,2617.15,2621.4,2613.0,2618.0,3788
2024-04-15 09:15:00,2600.0,2600.0,2531.4,2580.65,12366
2024-04-15 10:15:00,2581.1,2591.15,2570.55,2570.6,2081
2024-04-15 11:15:00,2573.0,2641.5,2566.6,2629.75,7683
2024-04-15 12:15:00,2629.75,2630.0,2612.5,2618.0,4130
2024-04-15 13:15:00,2617.65,2650.0,2614.5,2631.35,7811
2024-04-15 14:15:00,2631.35,2631.95,2576.3,2582.45,7074
2024-04-15 15:15:00,2582.65,2614.9,2575.55,2600.0,3697
2024-04-16 09:15:00,2575.0,2610.0,2575.0,2602.55,6978
2024-04-16 10:15:00,2600.05,2608.0,2592.1,2599.4,2893
2024-04-16 11:15:00,2598.9,2600.0,2580.6,2589.0,2561
2024-04-16 12:15:00,2586.0,2599.45,2569.95,2594.0,4883
2024-04-16 13:15:00,2594.0,2603.85,2576.7,2588.25,3815
2024-04-16 14:15:00,2590.3,2593.0,2562.55,2576.0,4490
2024-04-16 15:15:00,2570.9,2604.95,2570.0,2591.0,3405
2024-04-18 09:15:00,2591.95,2616.6,2569.6,2578.8,12006
2024-04-18 10:15:00,2579.65,2625.95,2576.05,2614.6,4576
2024-04-18 11:15:00,2614.6,3099.1,2609.65,2901.35,268284
2024-04-18 12:15:00,2903.9,2935.0,2841.05,2864.4,127768
2024-04-18 13:15:00,2864.4,2879.0,2760.05,2803.65,153051
2024-04-18 14:15:00,2801.0,2870.0,2772.2,2791.0,130705
2024-04-18 15:15:00,2791.0,2815.0,2750.0,2801.6,44752
2024-04-19 09:15:00,2794.15,2796.75,2727.0,2764.95,53024
2024-04-19 10:15:00,2764.95,2785.0,2727.5,2727.5,25392
2024-04-19 11:15:00,2727.5,2753.85,2724.05,2743.45,7879
2024-04-19 12:15:00,2743.45,2764.4,2740.05,2745.35,6881
2024-04-19 13:15:00,2746.95,2746.95,2720.15,2734.45,7338
2024-04-19 14:15:00,2732.65,2737.6,2710.1,2712.15,8969
2024-04-19 15:15:00,2711.8,2712.1,2680.0,2680.0,8519
2024-04-22 09:15:00,2740.0,2740.0,2676.0,2676.0,15498
2024-04-22 10:15:00,2675.0,2700.0,2670.0,2693.2,7368
2024-04-22 11:15:00,2683.9,2691.75,2675.05,2676.05,3686
2024-04-22 12:15:00,2675.0,2686.75,2661.3,2672.4,4407
2024-04-22 13:15:00,2672.4,2677.95,2664.0,2666.6,3291
2024-04-22 14:15:00,2669.1,2670.25,2650.0,2657.45,9456
2024-04-22 15:15:00,2657.25,2657.25,2640.5,2651.65,7286
2024-04-23 09:15:00,2678.95,2678.95,2626.1,2634.7,13279
2024-04-23 10:15:00,2634.7,2639.95,2622.0,2627.85,6239
2024-04-23 11:15:00,2627.85,2639.95,2625.45,2634.45,2242
2024-04-23 12:15:00,2634.65,2640.9,2630.0,2633.1,3098
2024-04-23 13:15:00,2633.1,2645.9,2622.6,2645.9,4026
2024-04-23 14:15:00,2645.9,2825.5,2630.05,2690.9,116863
2024-04-23 15:15:00,2690.9,2704.7,2670.1,2700.0,12818
2024-04-24 09:15:00,2719.0,2780.0,2701.05,2741.7,23611
2024-04-24 10:15:00,2742.55,2745.85,2726.0,2733.0,5772
2024-04-24 11:15:00,2735.9,2744.95,2730.0,2735.05,3610
2024-04-24 12:15:00,2739.2,2748.95,2734.4,2745.0,4408
2024-04-24 13:15:00,2745.0,2751.0,2742.15,2747.85,5489
2024-04-24 14:15:00,2746.8,2782.3,2739.0,2771.5,15317
2024-04-24 15:15:00,2771.5,2789.95,2758.0,2759.9,7375
2024-04-25 09:15:00,2799.65,2799.65,2741.1,2755.15,7579
2024-04-25 10:15:00,2755.15,2785.3,2750.55,2773.65,5804
2024-04-25 11:15:00,2775.65,2778.0,2759.0,2766.95,3029
2024-04-25 12:15:00,2766.95,2809.6,2766.95,2808.0,9334
2024-04-25 13:15:00,2808.0,2812.0,2783.1,2786.3,5046
2024-04-25 14:15:00,2786.25,2791.95,2730.0,2730.55,8826
2024-04-25 15:15:00,2726.7,2749.9,2718.15,2748.15,4677
2024-04-26 09:15:00,2736.05,2810.0,2736.0,2780.0,17312
2024-04-26 10:15:00,2780.0,2820.0,2780.0,2815.15,7507
2024-04-26 11:15:00,2810.6,2817.75,2777.1,2789.7,11302
2024-04-26 12:15:00,2789.9,2790.0,2767.3,2781.95,3713
2024-04-26 13:15:00,2781.95,2787.4,2750.0,2765.2,3812
2024-04-26 14:15:00,2764.15,2794.8,2755.35,2769.95,8603
2024-04-26 15:15:00,2769.35,2802.95,2750.0,2768.0,8393
2024-04-29 09:15:00,2786.95,2786.95,2661.0,2678.65,38745
2024-04-29 10:15:00,2678.65,2692.65,2664.0,2691.0,19451
2024-04-29 11:15:00,2691.0,2692.0,2667.0,2685.85,13151
2024-04-29 12:15:00,2685.85,2729.85,2679.95,2709.45,15931
2024-04-29 13:15:00,2711.5,2717.9,2700.0,2715.0,5242
2024-04-29 14:15:00,2715.0,2718.0,2698.3,2701.65,9803
2024-04-29 15:15:00,2699.5,2710.0,2670.8,2708.0,6686
2024-04-30 09:15:00,2735.0,2735.0,2675.0,2691.95,8604
2024-04-30 10:15:00,2689.8,2692.1,2675.0,2675.4,4864
2024-04-30 11:15:00,2676.1,2709.95,2675.05,2704.95,3855
2024-04-30 12:15:00,2705.0,2709.95,2692.05,2697.85,2772
2024-04-30 13:15:00,2697.85,2718.0,2696.1,2702.15,3188
2024-04-30 14:15:00,2703.8,2706.35,2691.0,2691.0,4858
2024-04-30 15:15:00,2692.55,2699.95,2691.0,2691.0,2872
2024-05-02 09:15:00,2693.6,2714.95,2666.0,2674.4,7805
2024-05-02 10:15:00,2674.0,2704.55,2660.6,2674.95,8993
2024-05-02 11:15:00,2675.0,2675.0,2657.4,2657.4,6419
2024-05-02 12:15:00,2655.55,2662.9,2650.05,2655.0,6138
2024-05-02 13:15:00,2655.0,2655.0,2647.5,2649.85,4597
2024-05-02 14:15:00,2649.85,2657.6,2635.0,2649.95,15402
2024-05-02 15:15:00,2649.95,2656.0,2645.0,2650.0,4560
2024-05-03 09:15:00,2670.0,2670.0,2633.0,2641.4,4880
2024-05-03 10:15:00,2641.7,2646.4,2617.3,2623.0,4518
2024-05-03 11:15:00,2620.85,2623.0,2608.0,2610.85,3512
2024-05-03 12:15:00,2609.45,2613.0,2601.0,2604.95,53528
2024-05-03 13:15:00,2602.25,2605.0,2586.0,2593.05,7090
2024-05-03 14:15:00,2593.1,2600.0,2585.75,2586.0,7565
2024-05-03 15:15:00,2586.0,2588.25,2575.05,2582.0,4658
2024-05-06 09:15:00,2590.0,2650.0,2545.25,2554.8,9915
2024-05-06 10:15:00,2551.2,2554.65,2538.0,2545.85,7901
2024-05-06 11:15:00,2545.1,2545.85,2535.75,2539.95,2794
2024-05-06 12:15:00,2539.95,2567.3,2539.95,2562.8,4635
2024-05-06 13:15:00,2562.95,2598.0,2556.85,2571.6,9242
2024-05-06 14:15:00,2571.6,2580.0,2556.1,2572.8,2725
2024-05-06 15:15:00,2574.55,2587.35,2560.8,2561.0,1837
2024-05-07 09:15:00,2590.0,2590.55,2550.1,2555.05,5276
2024-05-07 10:15:00,2556.0,2557.0,2531.0,2534.75,3268
2024-05-07 11:15:00,2532.0,2540.0,2522.0,2522.0,3395
2024-05-07 12:15:00,2521.55,2534.95,2512.0,2518.15,4582
2024-05-07 13:15:00,2518.15,2539.65,2515.0,2534.45,3437
2024-05-07 14:15:00,2534.45,2534.5,2518.05,2525.95,3355
2024-05-07 15:15:00,2525.95,2534.95,2515.0,2524.5,2165
2024-05-08 09:15:00,2524.0,2539.0,2511.05,2530.0,3852
2024-05-08 10:15:00,2531.2,2532.65,2495.05,2511.5,6155
2024-05-08 11:15:00,2510.15,2532.0,2499.05,2526.7,3333
2024-05-08 12:15:00,2526.7,2560.05,2524.5,2542.0,2420
2024-05-08 13:15:00,2542.0,2547.0,2524.8,2527.9,1325
2024-05-08 14:15:00,2524.85,2538.05,2507.05,2538.05,2735
2024-05-08 15:15:00,2538.05,2539.5,2510.0,2535.0,2203
2024-05-09 09:15:00,2536.6,2545.0,2499.05,2501.95,5740
2024-05-09 10:15:00,2501.95,2512.8,2483.1,2505.85,4215
2024-05-09 11:15:00,2505.5,2506.0,2501.0,2504.9,2240
2024-05-09 12:15:00,2504.8,2505.8,2483.1,2493.35,1886
2024-05-09 13:15:00,2493.3,2496.25,2458.55,2464.15,6477
2024-05-09 14:15:00,2463.65,2469.9,2410.0,2419.1,8303
2024-05-09 15:15:00,2412.8,2438.0,2388.3,2425.05,9396
2024-05-10 09:15:00,2441.85,2445.0,2400.0,2410.0,7107
2024-05-10 10:15:00,2409.9,2410.0,2386.75,2394.05,5332
2024-05-10 11:15:00,2394.65,2399.4,2383.1,2388.4,2916
2024-05-10 12:15:00,2388.55,2389.1,2364.0,2366.85,5580
2024-05-10 13:15:00,2366.85,2369.8,2328.05,2351.2,9018
2024-05-10 14:15:00,2353.95,2378.15,2349.0,2368.65,7948
2024-05-10 15:15:00,2368.65,2372.95,2360.1,2372.95,2829
2024-05-13 09:15:00,2370.0,2381.95,2311.95,2318.15,12868
2024-05-13 10:15:00,2319.4,2322.7,2290.55,2318.05,17081
2024-05-13 11:15:00,2319.7,2327.45,2306.55,2309.7,6518
2024-05-13 12:15:00,2307.55,2328.0,2307.15,2324.85,4312
2024-05-13 13:15:00,2323.4,2327.0,2311.0,2319.8,6217
2024-05-13 14:15:00,2319.8,2323.5,2309.15,2309.9,8615
2024-05-13 15:15:00,2309.95,2333.95,2305.0,2325.0,6325
2024-05-14 09:15:00,2320.0,2361.9,2308.6,2312.6,10094
2024-05-14 10:15:00,2314.05,2320.0,2281.0,2299.95,19964
2024-05-14 11:15:00,2299.95,2312.05,2284.7,2293.85,10561
2024-05-14 12:15:00,2293.45,2305.85,2289.3,2303.4,8549
2024-05-14 13:15:00,2304.35,2317.8,2290.0,2310.0,7937
2024-05-14 14:15:00,2309.85,2321.0,2300.0,2313.9,8967
2024-05-14 15:15:00,2312.45,2325.0,2310.0,2323.9,5069
2024-05-15 09:15:00,2330.05,2402.7,2330.05,2383.0,18431
2024-05-15 10:15:00,2383.0,2410.0,2352.15,2382.0,42179
2024-05-15 11:15:00,2382.0,2383.3,2368.0,2372.0,3280
2024-05-15 12:15:00,2373.0,2397.9,2370.0,2394.65,8216
2024-05-15 13:15:00,2394.65,2439.5,2394.65,2419.0,26660
2024-05-15 14:15:00,2419.0,2427.0,2394.25,2419.65,27136
2024-05-15 15:15:00,2422.5,2425.0,2404.35,2406.0,5626
2024-05-16 09:15:00,2423.0,2489.45,2422.65,2482.65,20695
2024-05-16 10:15:00,2482.8,2517.0,2470.05,2487.25,27633
2024-05-16 11:15:00,2485.0,2497.95,2473.4,2495.0,7310
2024-05-16 12:15:00,2495.0,2499.9,2490.0,2499.9,4304
2024-05-16 13:15:00,2498.25,2499.85,2468.0,2488.9,5979
2024-05-16 14:15:00,2487.5,2510.9,2476.05,2482.25,11651
2024-05-16 15:15:00,2483.85,2485.95,2445.1,2470.0,5963
2024-05-17 09:15:00,2481.0,2497.0,2456.15,2479.2,6646
2024-05-17 10:15:00,2478.95,2485.95,2466.1,2476.55,2122
2024-05-17 11:15:00,2476.4,2484.35,2465.7,2479.9,1955
2024-05-17 12:15:00,2479.9,2481.2,2463.0,2470.85,1833
2024-05-17 13:15:00,2468.55,2484.0,2464.55,2480.4,2411
2024-05-17 14:15:00,2480.05,2489.0,2465.0,2482.0,7103
2024-05-17 15:15:00,2482.0,2489.0,2466.0,2480.0,2461
2024-05-18 09:15:00,2480.05,2549.0,2480.05,2512.5,5677
2024-05-18 11:15:00,2512.5,2542.5,2512.5,2525.65,2048
2024-05-18 12:15:00,2525.05,2528.0,2520.0,2527.8,540
2024-05-21 09:15:00,2530.1,2535.05,2485.1,2509.0,11983
2024-05-21 10:15:00,2508.9,2508.9,2480.05,2493.05,4484
2024-05-21 11:15:00,2490.75,2495.95,2476.0,2476.0,3585
2024-05-21 12:15:00,2476.0,2483.05,2470.0,2475.5,4092
2024-05-21 13:15:00,2475.4,2487.5,2469.0,2475.4,3373
2024-05-21 14:15:00,2473.45,2505.0,2473.45,2484.75,5798
2024-05-21 15:15:00,2483.3,2490.45,2470.3,2486.9,3946
2024-05-22 09:15:00,2491.0,2508.0,2460.0,2491.3,7972
2024-05-22 10:15:00,2493.9,2498.0,2471.9,2495.05,3334
2024-05-22 11:15:00,2495.1,2498.0,2484.0,2486.95,2109
2024-05-22 12:15:00,2487.4,2494.2,2470.0,2489.6,2091
2024-05-22 13:15:00,2490.05,2497.95,2483.85,2484.8,3486
2024-05-22 14:15:00,2486.2,2494.35,2478.1,2485.7,4708
2024-05-22 15:15:00,2488.4,2488.4,2477.7,2477.7,2455
2024-05-23 09:15:00,2489.15,2533.45,2489.0,2512.9,12985
2024-05-23 10:15:00,2511.25,2514.75,2499.05,2503.5,7869
2024-05-23 11:15:00,2503.25,2506.0,2488.0,2495.0,3205
2024-05-23 12:15:00,2497.0,2498.0,2491.05,2493.9,1992
2024-05-23 13:15:00,2493.85,2494.65,2486.55,2491.85,2436
2024-05-23 14:15:00,2491.8,2494.25,2473.95,2483.3,5087
2024-05-23 15:15:00,2483.3,2485.5,2461.1,2471.0,3312
2024-05-24 09:15:00,2489.95,2515.0,2473.55,2485.65,7471
2024-05-24 10:15:00,2485.65,2501.95,2476.6,2495.1,2202
2024-05-24 11:15:00,2495.1,2500.0,2486.1,2495.45,1600
2024-05-24 12:15:00,2494.2,2499.8,2491.45,2497.65,825
2024-05-24 13:15:00,2497.65,2509.35,2482.1,2491.8,2455
2024-05-24 14:15:00,2490.55,2502.75,2473.0,2477.7,3377
2024-05-24 15:15:00,2478.3,2478.55,2462.0,2463.0,1268
2024-05-27 09:15:00,2475.0,2495.25,2469.55,2489.9,4792
2024-05-27 10:15:00,2489.6,2494.0,2480.0,2483.6,1929
2024-05-27 11:15:00,2484.0,2520.0,2481.1,2493.2,5275
2024-05-27 12:15:00,2493.25,2518.85,2488.55,2512.15,4783
2024-05-27 13:15:00,2512.15,2529.45,2506.55,2515.05,5658
2024-05-27 14:15:00,2516.4,2519.5,2496.95,2501.9,3833
2024-05-27 15:15:00,2503.95,2504.4,2492.0,2492.0,1833
2024-05-28 09:15:00,2509.95,2519.0,2470.8,2480.9,4800
2024-05-28 10:15:00,2480.9,2493.4,2478.6,2485.7,2143
2024-05-28 11:15:00,2484.15,2510.0,2477.95,2500.1,4124
2024-05-28 12:15:00,2500.0,2510.0,2495.65,2500.0,3285
2024-05-28 13:15:00,2500.0,2507.75,2498.35,2500.35,1719
2024-05-28 14:15:00,2500.0,2512.95,2497.0,2505.0,5204
2024-05-28 15:15:00,2501.7,2508.0,2492.05,2507.7,1514
2024-05-29 09:15:00,2500.7,2507.7,2479.55,2499.0,4550
2024-05-29 10:15:00,2500.9,2520.45,2496.2,2505.1,3383
2024-05-29 11:15:00,2505.0,2505.55,2497.0,2500.0,1191
2024-05-29 12:15:00,2500.95,2507.0,2494.6,2503.25,1548
2024-05-29 13:15:00,2504.9,2510.0,2494.0,2500.1,1551
2024-05-29 14:15:00,2500.2,2503.5,2487.8,2490.05,5231
2024-05-29 15:15:00,2489.1,2510.0,2473.0,2482.0,2198
2024-05-30 09:15:00,2488.2,2496.8,2455.15,2459.1,4566
2024-05-30 10:15:00,2458.7,2478.55,2453.0,2461.15,2270
2024-05-30 11:15:00,2461.15,2469.6,2455.95,2463.95,1288
2024-05-30 12:15:00,2465.55,2465.55,2450.0,2460.0,2387
2024-05-30 13:15:00,2460.8,2460.85,2442.0,2442.8,3267
2024-05-30 14:15:00,2444.6,2445.3,2401.0,2406.45,8374
2024-05-30 15:15:00,2407.0,2420.0,2407.0,2408.75,1809
2024-05-31 09:15:00,2408.15,2415.55,2375.2,2379.85,5363
2024-05-31 10:15:00,2379.0,2385.2,2351.0,2375.95,6493
2024-05-31 11:15:00,2375.95,2378.3,2353.5,2365.0,10428
2024-05-31 12:15:00,2364.6,2375.0,2363.45,2374.45,3116
2024-05-31 13:15:00,2374.45,2445.0,2368.35,2442.1,10035
2024-05-31 14:15:00,2442.1,2442.1,2367.0,2375.3,10238
2024-05-31 15:15:00,2375.3,2413.85,2375.3,2400.0,3826
2024-06-03 09:15:00,2498.95,2498.95,2400.0,2404.4,9524
2024-06-03 10:15:00,2407.1,2410.0,2384.0,2394.2,4091
2024-06-03 11:15:00,2395.0,2395.0,2376.25,2382.95,4236
2024-06-03 12:15:00,2380.2,2386.75,2367.2,2375.35,5019
2024-06-03 13:15:00,2375.35,2381.95,2355.05,2369.7,7239
2024-06-03 14:15:00,2366.3,2380.0,2360.6,2372.4,7209
2024-06-03 15:15:00,2372.4,2372.95,2364.0,2372.0,5209
2024-06-04 09:15:00,2365.0,2368.0,2262.1,2331.75,12271
2024-06-04 10:15:00,2331.95,2339.35,2252.05,2261.05,10759
2024-06-04 11:15:00,2261.05,2287.6,2207.2,2207.2,7380
2024-06-04 12:15:00,2210.0,2287.9,2137.55,2282.2,9396
2024-06-04 13:15:00,2282.25,2299.45,2260.65,2275.25,5886
2024-06-04 14:15:00,2278.75,2278.75,2217.2,2248.95,3585
2024-06-04 15:15:00,2248.95,2299.0,2225.2,2290.0,2862
2024-06-05 09:15:00,2288.0,2294.6,2230.05,2285.0,6582
2024-06-05 10:15:00,2285.0,2309.5,2266.6,2280.0,16969
2024-06-05 11:15:00,2280.0,2289.2,2259.95,2272.35,13825
2024-06-05 12:15:00,2272.2,2426.9,2269.95,2411.1,35079
2024-06-05 13:15:00,2411.15,2430.35,2352.0,2408.9,19618
2024-06-05 14:15:00,2408.9,2479.15,2394.15,2442.75,28095
2024-06-05 15:15:00,2441.0,2445.0,2419.0,2419.0,2966
2024-06-06 09:15:00,2446.9,2524.45,2442.1,2504.05,15984
2024-06-06 10:15:00,2504.05,2513.05,2490.0,2510.0,6247
2024-06-06 11:15:00,2509.45,2535.0,2498.05,2529.4,12714
2024-06-06 12:15:00,2525.65,2559.9,2520.5,2550.15,11104
2024-06-06 13:15:00,2551.5,2576.9,2550.0,2560.3,16069
2024-06-06 14:15:00,2560.7,2575.1,2548.0,2575.0,12661
2024-06-06 15:15:00,2575.3,2597.45,2571.95,2580.1,8959
2024-06-07 09:15:00,2770.9,2987.9,2770.0,2846.5,810737
2024-06-07 10:15:00,2847.4,2849.85,2790.05,2821.0,295688
2024-06-07 11:15:00,2821.0,2833.95,2793.1,2815.0,93708
2024-06-07 12:15:00,2813.1,2836.4,2795.0,2820.1,97836
2024-06-07 13:15:00,2820.15,2823.0,2800.0,2805.5,65508
2024-06-07 14:15:00,2805.5,2806.15,2770.05,2782.7,158406
2024-06-07 15:15:00,2782.55,2798.0,2777.0,2786.0,58530
2024-06-10 09:15:00,2843.95,2843.95,2754.0,2784.45,70063
2024-06-10 10:15:00,2784.15,2792.8,2776.9,2787.65,15259
2024-06-10 11:15:00,2790.65,2814.0,2790.0,2795.0,14475
2024-06-10 12:15:00,2795.1,2802.05,2779.05,2784.25,7616
2024-06-10 13:15:00,2787.75,2795.0,2779.75,2792.2,7062
2024-06-10 14:15:00,2793.5,2793.5,2776.65,2786.0,16397
2024-06-10 15:15:00,2786.35,2793.3,2785.0,2793.3,15740
2024-06-11 09:15:00,2800.0,2805.0,2732.1,2757.6,28887
2024-06-11 10:15:00,2760.8,2770.65,2755.05,2761.15,7405
2024-06-11 11:15:00,2761.0,2788.25,2759.9,2777.0,10260
2024-06-11 12:15:00,2774.1,2776.8,2764.3,2774.5,4478
2024-06-11 13:15:00,2774.55,2786.8,2770.0,2781.0,5290
2024-06-11 14:15:00,2781.0,2781.0,2752.25,2753.0,9277
2024-06-11 15:15:00,2754.75,2755.0,2740.7,2754.0,5871
2024-06-12 09:15:00,2770.0,2800.0,2745.0,2780.0,19932
2024-06-12 10:15:00,2782.4,2783.95,2763.15,2765.0,4500
2024-06-12 11:15:00,2765.0,2773.9,2761.0,2767.55,4032
2024-06-12 12:15:00,2767.55,2775.0,2763.65,2771.1,1776
2024-06-12 13:15:00,2771.1,2774.55,2764.35,2772.85,4083
2024-06-12 14:15:00,2767.75,2779.05,2764.55,2772.75,6121
2024-06-12 15:15:00,2770.1,2770.1,2743.25,2754.0,7489
2024-06-13 09:15:00,2760.05,2777.8,2753.9,2762.25,18058
2024-06-13 10:15:00,2763.05,2779.15,2759.0,2778.0,8923
2024-06-13 11:15:00,2778.0,2778.0,2762.3,2764.95,2792
2024-06-13 12:15:00,2763.5,2767.8,2762.05,2767.8,1654
2024-06-13 13:15:00,2767.95,2768.0,2757.0,2758.9,6123
2024-06-13 14:15:00,2757.05,2763.65,2752.0,2757.95,7509
2024-06-13 15:15:00,2756.25,2758.0,2742.45,2756.8,5465
2024-06-14 09:15:00,2761.7,2770.05,2716.4,2729.8,20303
2024-06-14 10:15:00,2726.0,2735.95,2725.5,2734.35,3627
2024-06-14 11:15:00,2732.05,2734.95,2728.4,2734.85,2387
2024-06-14 12:15:00,2734.85,2736.0,2721.65,2734.3,4600
2024-06-14 13:15:00,2734.3,2734.4,2710.0,2720.1,5243
2024-06-14 14:15:00,2722.95,2730.0,2716.0,2718.0,6712
2024-06-14 15:15:00,2719.9,2719.9,2705.0,2707.0,6686
2024-06-18 09:15:00,2713.0,2735.0,2698.5,2699.0,10137
2024-06-18 10:15:00,2699.0,2710.0,2680.85,2685.25,9489
2024-06-18 11:15:00,2688.5,2695.0,2679.1,2692.9,3926
2024-06-18 12:15:00,2692.9,2700.0,2685.45,2688.8,2146
2024-06-18 13:15:00,2685.7,2719.9,2683.0,2713.1,6462
2024-06-18 14:15:00,2715.0,2716.1,2682.0,2685.3,5854
2024-06-18 15:15:00,2685.6,2691.8,2670.0,2675.0,4684
2024-06-19 09:15:00,2693.0,2710.4,2670.0,2682.75,12367
2024-06-19 10:15:00,2681.05,2690.0,2671.65,2688.7,2944
2024-06-19 11:15:00,2688.95,2765.0,2685.0,2759.0,33551
2024-06-19 12:15:00,2761.75,2761.75,2746.0,2754.35,12169
2024-06-19 13:15:00,2754.35,2765.0,2750.0,2759.0,14407
2024-06-19 14:15:00,2759.0,2761.25,2718.8,2739.9,18020
2024-06-19 15:15:00,2740.0,2740.0,2706.7,2724.0,5382
2024-06-20 09:15:00,2740.0,2746.5,2704.35,2720.5,8614
2024-06-20 10:15:00,2721.75,2737.9,2717.1,2723.95,3316
2024-06-20 11:15:00,2725.0,2738.0,2701.35,2716.05,5051
2024-06-20 12:15:00,2718.8,2723.8,2700.0,2718.5,4743
2024-06-20 13:15:00,2715.75,2721.85,2699.5,2707.95,4962
2024-06-20 14:15:00,2708.1,2714.5,2680.0,2681.2,7317
2024-06-20 15:15:00,2681.2,2688.9,2674.0,2685.0,6194
2024-06-21 09:15:00,2725.0,2859.95,2725.0,2809.95,192645
2024-06-21 10:15:00,2809.9,2828.6,2804.35,2806.05,40461
2024-06-21 11:15:00,2806.05,2809.75,2785.0,2787.55,27223
2024-06-21 12:15:00,2786.95,2796.0,2770.0,2774.9,24045
2024-06-21 13:15:00,2774.9,2794.95,2760.0,2785.7,20631
2024-06-21 14:15:00,2783.6,2809.15,2728.85,2738.35,73568
2024-06-21 15:15:00,2735.95,2745.75,2726.95,2737.1,44745
2024-06-24 09:15:00,2749.0,2762.2,2702.0,2719.95,23255
2024-06-24 10:15:00,2721.7,2746.65,2720.9,2733.85,34492
2024-06-24 11:15:00,2733.85,2735.85,2707.0,2729.0,6402
2024-06-24 12:15:00,2728.9,2729.9,2713.15,2723.5,2776
2024-06-24 13:15:00,2724.9,2728.7,2715.0,2721.95,2367
2024-06-24 14:15:00,2719.85,2724.95,2707.45,2708.3,3375
2024-06-24 15:15:00,2708.05,2713.9,2702.95,2713.9,3309
2024-06-25 09:15:00,2720.65,2737.0,2690.55,2693.1,11793
2024-06-25 10:15:00,2692.95,2713.8,2691.0,2701.05,4818
2024-06-25 11:15:00,2703.85,2703.95,2690.65,2698.95,4152
2024-06-25 12:15:00,2699.0,2714.95,2693.0,2706.4,4845
2024-06-25 13:15:00,2707.1,2709.95,2690.5,2705.0,3987
2024-06-25 14:15:00,2704.0,2704.0,2682.45,2689.9,7221
2024-06-25 15:15:00,2689.9,2692.55,2681.3,2687.0,3748
2024-06-26 09:15:00,2686.9,2698.25,2675.15,2676.1,7565
2024-06-26 10:15:00,2678.1,2714.5,2676.1,2692.1,7056
2024-06-26 11:15:00,2692.45,2721.0,2690.05,2708.0,4670
2024-06-26 12:15:00,2708.0,2709.2,2690.55,2693.0,2292
2024-06-26 13:15:00,2691.55,2699.35,2691.55,2696.3,1318
2024-06-26 14:15:00,2696.1,2696.1,2680.0,2682.9,4737
2024-06-26 15:15:00,2682.9,2688.0,2680.9,2688.0,3209
2024-06-27 09:15:00,2699.65,2713.0,2688.0,2705.55,13260
2024-06-27 10:15:00,2705.55,2709.9,2698.05,2707.85,5385
2024-06-27 11:15:00,2708.75,2754.95,2702.4,2749.9,22284
2024-06-27 12:15:00,2751.0,2751.0,2722.0,2726.8,9677
2024-06-27 13:15:00,2727.55,2740.0,2722.1,2725.0,7207
2024-06-27 14:15:00,2725.45,2726.0,2700.1,2712.15,15217
2024-06-27 15:15:00,2712.7,2726.0,2700.1,2701.0,5265
2024-06-28 09:15:00,2709.05,2723.95,2698.0,2705.05,8896
2024-06-28 10:15:00,2705.9,2709.3,2689.0,2709.3,3938
2024-06-28 11:15:00,2709.3,2735.0,2706.05,2731.05,3563
2024-06-28 12:15:00,2732.25,2739.0,2711.55,2731.15,6997
2024-06-28 13:15:00,2732.0,2738.9,2710.35,2715.7,13413
2024-06-28 14:15:00,2717.25,2734.8,2705.0,2708.0,9638
2024-06-28 15:15:00,2708.0,2762.0,2701.05,2718.0,17400
2024-07-01 09:15:00,2726.1,2753.45,2714.05,2748.0,9209
2024-07-01 10:15:00,2747.05,2820.0,2745.0,2791.5,38315
2024-07-01 11:15:00,2791.55,2815.0,2788.0,2801.1,19688
2024-07-01 12:15:00,2804.9,2842.0,2798.5,2828.0,45593
2024-07-01 13:15:00,2826.95,2839.95,2815.3,2826.05,12840
2024-07-01 14:15:00,2828.05,2839.0,2789.95,2806.1,29192
2024-07-01 15:15:00,2809.2,2816.0,2788.7,2805.25,11175
2024-07-02 09:15:00,2827.95,2834.7,2790.05,2803.0,19351
2024-07-02 10:15:00,2803.0,2825.0,2792.75,2804.3,9460
2024-07-02 11:15:00,2805.0,2815.0,2794.0,2802.3,3597
2024-07-02 12:15:00,2803.1,2806.0,2762.0,2772.0,7324
2024-07-02 13:15:00,2772.0,2792.6,2768.9,2779.15,3254
2024-07-02 14:15:00,2776.4,2780.65,2755.0,2757.15,6476
2024-07-02 15:15:00,2755.0,2762.9,2739.4,2760.0,6188
2024-07-03 09:15:00,2784.95,2784.95,2742.05,2747.2,11769
2024-07-03 10:15:00,2747.2,2749.95,2738.0,2747.0,5745
2024-07-03 11:15:00,2745.05,2770.0,2744.8,2758.25,4203
2024-07-03 12:15:00,2758.05,2772.0,2754.05,2768.9,4097
2024-07-03 13:15:00,2768.9,2773.9,2753.85,2760.1,3177
2024-07-03 14:15:00,2763.0,2763.0,2747.0,2750.0,3672
2024-07-03 15:15:00,2751.0,2752.6,2740.0,2748.35,3746
2024-07-04 09:15:00,2787.95,2839.0,2764.55,2818.75,28909
2024-07-04 10:15:00,2818.9,2849.0,2811.0,2837.6,45853
2024-07-04 11:15:00,2835.05,2872.0,2832.0,2871.9,141006
2024-07-04 12:15:00,2869.95,2879.0,2851.05,2870.85,66610
2024-07-04 13:15:00,2875.0,2890.0,2870.0,2882.9,75729
2024-07-04 14:15:00,2881.9,2886.0,2877.55,2881.6,36176
2024-07-04 15:15:00,2881.6,2884.0,2861.1,2864.0,26300
2024-07-05 09:15:00,2879.0,2880.0,2835.05,2839.0,27085
2024-07-05 10:15:00,2839.0,2857.35,2836.0,2840.0,20290
2024-07-05 11:15:00,2838.0,2853.9,2836.0,2840.0,12016
2024-07-05 12:15:00,2840.0,2850.0,2838.0,2838.05,16352
2024-07-05 13:15:00,2839.75,2840.0,2826.35,2830.0,15245
2024-07-05 14:15:00,2835.3,2849.95,2830.0,2836.9,25066
2024-07-05 15:15:00,2836.95,2850.0,2831.45,2835.0,10219
2024-07-08 09:15:00,2840.05,2858.95,2786.0,2802.1,17978
2024-07-08 10:15:00,2805.0,2807.3,2775.0,2786.4,10496
2024-07-08 11:15:00,2786.4,2813.6,2785.0,2793.05,11893
2024-07-08 12:15:00,2793.05,2819.85,2790.8,2815.4,3913
2024-07-08 13:15:00,2816.4,2889.8,2808.5,2864.0,37367
2024-07-08 14:15:00,2863.6,2875.0,2850.0,2854.95,15488
2024-07-08 15:15:00,2855.0,2860.0,2850.0,2855.0,5284
2024-07-09 09:15:00,2860.0,2880.0,2821.0,2866.6,13877
2024-07-09 10:15:00,2868.95,2869.0,2841.15,2858.0,9484
2024-07-09 11:15:00,2858.0,2859.9,2831.0,2843.0,4576
2024-07-09 12:15:00,2840.65,2862.0,2838.3,2847.85,4892
2024-07-09 13:15:00,2844.85,2857.5,2821.0,2830.95,9436
2024-07-09 14:15:00,2829.3,2861.05,2811.2,2830.2,8959
2024-07-09 15:15:00,2830.1,2834.95,2820.2,2827.0,3188
2024-07-10 09:15:00,2829.2,2845.5,2778.55,2789.65,12836
2024-07-10 10:15:00,2788.4,2798.8,2742.85,2772.45,18101
2024-07-10 11:15:00,2772.6,2788.05,2768.0,2769.0,3214
2024-07-10 12:15:00,2769.5,2787.4,2761.15,2778.9,2746
2024-07-10 13:15:00,2779.6,2779.8,2751.0,2752.0,4228
2024-07-10 14:15:00,2753.15,2793.05,2753.1,2793.05,7191
2024-07-10 15:15:00,2794.75,2815.4,2789.85,2796.55,8609
2024-07-11 09:15:00,2814.0,2878.35,2802.9,2848.2,23911
2024-07-11 10:15:00,2846.95,2885.0,2830.05,2870.0,33480
2024-07-11 11:15:00,2870.0,2900.0,2844.9,2853.6,69059
2024-07-11 12:15:00,2852.85,2868.0,2835.25,2845.65,14003
2024-07-11 13:15:00,2846.55,2863.25,2832.05,2848.0,7584
2024-07-11 14:15:00,2848.0,2910.0,2840.0,2857.9,48211
2024-07-11 15:15:00,2856.6,2858.15,2840.2,2858.0,7461
2024-07-12 09:15:00,2924.0,2949.95,2892.1,2911.95,120188
2024-07-12 10:15:00,2909.95,2955.0,2905.0,2950.95,58298
2024-07-12 11:15:00,2953.55,2969.0,2905.05,2937.55,73486
2024-07-12 12:15:00,2935.0,2950.0,2910.05,2910.15,20005
2024-07-12 13:15:00,2913.3,2950.0,2908.45,2943.35,25162
2024-07-12 14:15:00,2945.7,2961.9,2940.0,2942.25,53955
2024-07-12 15:15:00,2942.15,2944.4,2940.0,2940.0,20957
2024-07-15 09:15:00,2960.05,2991.0,2909.4,2922.3,38907
2024-07-15 10:15:00,2922.3,2928.95,2902.6,2907.0,10494
2024-07-15 11:15:00,2907.0,2912.9,2874.0,2884.0,11705
2024-07-15 12:15:00,2884.4,2889.95,2866.05,2874.45,7534
2024-07-15 13:15:00,2873.0,2884.8,2867.0,2875.0,9102
2024-07-15 14:15:00,2874.45,2879.7,2852.0,2863.45,13801
2024-07-15 15:15:00,2864.4,2866.6,2850.0,2854.0,8168
2024-07-16 09:15:00,2876.15,2880.0,2845.6,2860.0,13110
2024-07-16 10:15:00,2861.0,2888.0,2856.1,2857.9,8459
2024-07-16 11:15:00,2857.9,2859.65,2835.05,2842.0,8318
2024-07-16 12:15:00,2842.0,2845.55,2815.55,2837.5,7947
2024-07-16 13:15:00,2837.5,2837.5,2816.0,2820.0,5376
2024-07-16 14:15:00,2820.0,2825.95,2808.05,2817.0,11929
2024-07-16 15:15:00,2817.5,2838.0,2812.8,2816.0,5301
2024-07-18 09:15:00,2840.0,2872.45,2765.0,2813.45,26201
2024-07-18 10:15:00,2813.45,2875.0,2725.0,2800.3,37127
2024-07-18 11:15:00,2799.25,2835.9,2794.85,2831.3,8578
2024-07-18 12:15:00,2831.3,2851.95,2815.55,2833.0,14876
2024-07-18 13:15:00,2833.0,2837.0,2692.0,2836.0,296059
2024-07-18 14:15:00,2836.0,2847.4,2795.2,2804.9,49135
2024-07-18 15:15:00,2804.9,2824.0,2795.75,2820.0,14616
2024-07-19 09:15:00,2807.35,2820.0,2728.0,2733.4,27896
2024-07-19 10:15:00,2734.75,2735.0,2692.0,2709.6,18425
2024-07-19 11:15:00,2709.6,2716.95,2688.0,2713.25,9005
2024-07-19 12:15:00,2712.25,2715.4,2690.0,2700.0,8568
2024-07-19 13:15:00,2702.0,2705.0,2672.4,2676.3,8183
2024-07-19 14:15:00,2679.55,2681.0,2621.95,2636.0,20669
2024-07-19 15:15:00,2632.45,2649.55,2620.0,2630.0,11942
2024-07-22 09:15:00,2636.8,2656.4,2599.95,2656.4,16435
2024-07-22 10:15:00,2654.55,2680.45,2619.0,2666.55,18159
2024-07-22 11:15:00,2666.55,2676.0,2640.05,2644.8,6064
2024-07-22 12:15:00,2646.3,2655.45,2628.0,2643.45,4832
2024-07-22 13:15:00,2642.0,2648.65,2623.5,2629.0,3055
2024-07-22 14:15:00,2629.25,2648.0,2622.0,2644.1,5897
2024-07-22 15:15:00,2644.1,2649.85,2626.8,2640.0,3812
2024-07-23 09:15:00,2636.8,2696.0,2635.05,2649.0,39624
2024-07-23 10:15:00,2650.05,2669.0,2650.05,2664.15,5024
2024-07-23 11:15:00,2664.35,2667.6,2648.2,2664.55,4982
2024-07-23 12:15:00,2664.8,2665.0,2560.55,2651.1,21717
2024-07-23 13:15:00,2650.45,2670.0,2632.5,2667.6,9025
2024-07-23 14:15:00,2668.15,2670.0,2659.3,2665.55,8933
2024-07-23 15:15:00,2663.95,2669.95,2659.05,2664.0,3295
2024-07-24 09:15:00,2620.0,2705.4,2619.95,2682.5,13952
2024-07-24 10:15:00,2682.9,2696.55,2675.0,2687.5,4685
2024-07-24 11:15:00,2687.45,2688.4,2675.75,2680.2,3975
2024-07-24 12:15:00,2676.4,2684.75,2655.0,2680.0,8123
2024-07-24 13:15:00,2682.0,2737.95,2678.9,2721.05,16467
2024-07-24 14:15:00,2721.05,2725.0,2698.0,2700.85,6702
2024-07-24 15:15:00,2704.9,2729.8,2701.0,2720.0,2824
2024-07-25 09:15:00,2686.05,2689.55,2660.0,2662.85,17992
2024-07-25 10:15:00,2662.7,2712.0,2661.65,2709.35,7289
2024-07-25 11:15:00,2708.5,2710.95,2685.0,2691.05,3203
2024-07-25 12:15:00,2690.5,2698.25,2682.05,2693.6,2058
2024-07-25 13:15:00,2693.55,2708.2,2691.7,2702.7,2256
2024-07-25 14:15:00,2702.7,2705.95,2686.3,2687.05,9006
2024-07-25 15:15:00,2687.05,2710.0,2671.2,2708.0,3093
2024-07-26 09:15:00,2694.55,2810.55,2692.25,2803.0,35422
2024-07-26 10:15:00,2806.55,2810.0,2771.05,2780.2,21794
2024-07-26 11:15:00,2781.55,2815.2,2779.95,2799.05,29791
2024-07-26 12:15:00,2799.05,2800.0,2777.5,2786.85,5078
2024-07-26 13:15:00,2786.8,2807.0,2740.65,2793.35,16882
2024-07-26 14:15:00,2791.85,2798.0,2780.0,2783.7,9730
2024-07-26 15:15:00,2783.7,2790.7,2756.6,2757.0,8191
2024-07-29 09:15:00,2782.0,2825.5,2750.0,2750.0,14515
2024-07-29 10:15:00,2750.0,2775.9,2736.95,2738.15,13486
2024-07-29 11:15:00,2737.85,2771.55,2737.85,2764.85,7606
2024-07-29 12:15:00,2764.8,2774.95,2754.9,2768.05,2230
2024-07-29 13:15:00,2768.4,2771.2,2756.0,2756.0,3255
2024-07-29 14:15:00,2758.75,2784.0,2730.1,2763.4,14142
2024-07-29 15:15:00,2763.25,2777.1,2742.0,2744.8,2678
2024-07-30 09:15:00,2769.0,2779.45,2750.0,2757.0,5567
2024-07-30 10:15:00,2761.85,2762.05,2747.95,2750.6,3927
2024-07-30 11:15:00,2750.05,2755.0,2750.0,2754.3,1429
2024-07-30 12:15:00,2754.15,2764.0,2751.6,2753.85,2077
2024-07-30 13:15:00,2753.85,2778.05,2751.95,2770.8,4428
2024-07-30 14:15:00,2767.25,2809.75,2760.65,2808.0,11290
2024-07-30 15:15:00,2808.4,2812.0,2792.3,2810.5,5680
2024-07-31 09:15:00,2810.5,2810.5,2780.0,2788.6,6994
2024-07-31 10:15:00,2791.95,2824.85,2789.35,2823.6,7319
2024-07-31 11:15:00,2820.45,2828.95,2815.4,2825.0,8737
2024-07-31 12:15:00,2826.0,2828.0,2805.0,2822.45,5314
2024-07-31 13:15:00,2822.45,2839.0,2821.25,2828.95,12694
2024-07-31 14:15:00,2827.45,2837.5,2824.95,2825.85,12168
2024-07-31 15:15:00,2825.85,2836.95,2825.85,2835.0,3571
2024-08-01 09:15:00,2832.05,2846.4,2819.25,2843.6,12194
2024-08-01 10:15:00,2841.65,2848.85,2835.0,2839.0,10376
2024-08-01 11:15:00,2841.3,2862.0,2835.0,2852.9,10209
2024-08-01 12:15:00,2852.9,2869.8,2851.6,2858.0,9120
2024-08-01 13:15:00,2858.0,2866.05,2855.9,2858.0,9418
2024-08-01 14:15:00,2858.0,2885.0,2845.0,2878.85,19531
2024-08-01 15:15:00,2880.0,2884.95,2875.0,2880.1,6167
2024-08-02 09:15:00,2823.55,2869.8,2806.55,2866.8,24406
2024-08-02 10:15:00,2866.8,2880.0,2860.0,2877.0,7564
2024-08-02 11:15:00,2877.0,2877.0,2871.2,2875.0,5312
2024-08-02 12:15:00,2875.0,2878.0,2845.6,2875.0,42110
2024-08-02 13:15:00,2875.0,2878.85,2869.95,2875.0,4743
2024-08-02 14:15:00,2875.0,2876.95,2870.0,2875.0,22707
2024-08-02 15:15:00,2875.0,2875.7,2860.0,2862.95,8445
2024-08-05 09:15:00,2760.05,2835.0,2730.1,2833.8,25872
2024-08-05 10:15:00,2831.45,2844.0,2780.55,2804.05,26383
2024-08-05 11:15:00,2802.95,2833.25,2799.4,2830.3,20847
2024-08-05 12:15:00,2831.15,2845.15,2830.55,2840.25,13630
2024-08-05 13:15:00,2840.25,2865.0,2837.6,2861.0,7935
2024-08-05 14:15:00,2863.0,2865.0,2830.0,2852.7,13986
2024-08-05 15:15:00,2852.7,2864.0,2850.0,2860.0,7880
2024-08-06 09:15:00,2839.05,2917.65,2822.05,2894.4,33271
2024-08-06 10:15:00,2890.9,2900.0,2872.0,2890.0,29799
2024-08-06 11:15:00,2890.0,2892.5,2885.05,2890.0,6122
2024-08-06 12:15:00,2890.0,2890.65,2872.05,2881.8,8781
2024-08-06 13:15:00,2881.6,2888.55,2878.3,2884.6,9213
2024-08-06 14:15:00,2884.95,2893.95,2880.55,2887.9,24289
2024-08-06 15:15:00,2888.25,2889.35,2882.25,2888.25,16087
2024-08-07 09:15:00,2892.0,2917.9,2852.3,2864.2,10164
2024-08-07 10:15:00,2865.05,2874.0,2860.0,2860.3,5880
2024-08-07 11:15:00,2860.05,2863.2,2840.25,2852.4,6256
2024-08-07 12:15:00,2851.45,2865.4,2851.45,2860.1,5538
2024-08-07 13:15:00,2860.05,2870.0,2842.5,2860.0,7569
2024-08-07 14:15:00,2860.0,2869.4,2848.55,2855.5,5627
2024-08-07 15:15:00,2855.5,2855.8,2835.5,2840.3,2657
2024-08-08 09:15:00,2844.65,2857.7,2813.55,2835.0,10606
2024-08-08 10:15:00,2835.0,2873.8,2833.05,2848.75,11155
2024-08-08 11:15:00,2848.75,2863.8,2844.05,2846.65,1678
2024-08-08 12:15:00,2846.85,2850.0,2807.4,2818.4,3900
2024-08-08 13:15:00,2817.9,2830.45,2811.0,2816.85,2091
2024-08-08 14:15:00,2816.8,2832.9,2802.85,2807.45,3405
2024-08-08 15:15:00,2806.95,2815.7,2803.3,2807.0,1610
2024-08-09 09:15:00,2825.35,2862.0,2825.1,2825.35,5642
2024-08-09 10:15:00,2828.2,2828.2,2816.25,2819.45,2146
2024-08-09 11:15:00,2819.95,2822.0,2790.05,2797.75,9984
2024-08-09 12:15:00,2797.7,2803.8,2767.15,2777.0,6290
2024-08-09 13:15:00,2777.0,2784.95,2769.05,2777.4,4301
2024-08-09 14:15:00,2780.1,2782.0,2724.9,2725.6,19339
2024-08-09 15:15:00,2727.85,2750.0,2722.0,2730.0,6424
2024-08-12 09:15:00,2730.0,2755.05,2659.05,2729.9,35892
2024-08-12 10:15:00,2729.55,2745.0,2724.45,2727.1,4464
2024-08-12 11:15:00,2727.4,2737.0,2713.6,2725.6,5743
2024-08-12 12:15:00,2722.5,2797.0,2722.5,2790.35,16086
2024-08-12 13:15:00,2790.0,2864.0,2783.0,2864.0,25390
2024-08-12 14:15:00,2862.0,2886.95,2810.0,2833.35,41146
2024-08-12 15:15:00,2833.35,2837.85,2797.0,2800.0,6647
2024-08-13 09:15:00,2802.6,2805.6,2779.35,2790.0,7528
2024-08-13 10:15:00,2790.0,2791.75,2762.75,2766.3,3020
2024-08-13 11:15:00,2766.2,2768.1,2751.8,2760.1,3012
2024-08-13 12:15:00,2762.75,2765.25,2741.0,2743.5,5252
2024-08-13 13:15:00,2741.05,2748.65,2735.65,2742.75,1602
2024-08-13 14:15:00,2743.05,2749.7,2730.0,2739.0,4833
2024-08-13 15:15:00,2737.05,2750.0,2730.0,2743.0,2107
2024-08-14 09:15:00,2748.8,2752.65,2685.0,2701.6,8881
2024-08-14 10:15:00,2701.55,2724.85,2697.65,2715.0,3531
2024-08-14 11:15:00,2714.7,2716.15,2688.75,2700.0,3350
2024-08-14 12:15:00,2700.0,2710.0,2676.0,2676.2,6521
2024-08-14 13:15:00,2679.75,2686.5,2655.05,2677.95,11554
2024-08-14 14:15:00,2678.35,2680.45,2658.85,2679.9,9407
2024-08-14 15:15:00,2679.9,2683.5,2672.0,2683.5,2749
2024-08-16 09:15:00,2719.9,2814.4,2704.05,2751.45,39400
2024-08-16 10:15:00,2754.15,2775.0,2741.0,2755.5,8610
2024-08-16 11:15:00,2754.2,2758.8,2737.75,2742.8,6678
2024-08-16 12:15:00,2742.85,2750.0,2741.0,2746.75,3303
2024-08-16 13:15:00,2746.8,2775.0,2737.05,2770.65,9027
2024-08-16 14:15:00,2766.75,2778.6,2748.55,2748.65,11467
2024-08-16 15:15:00,2748.75,2753.05,2738.1,2747.9,3387
2024-08-19 09:15:00,2767.9,2809.9,2749.25,2784.2,18488
2024-08-19 10:15:00,2786.1,2830.0,2774.7,2812.6,11368
2024-08-19 11:15:00,2812.6,2818.75,2779.1,2799.9,6649
2024-08-19 12:15:00,2796.3,2799.65,2780.0,2794.1,2679
2024-08-19 13:15:00,2797.8,2800.0,2769.95,2773.35,7937
2024-08-19 14:15:00,2777.25,2795.05,2754.4,2778.5,7723
2024-08-19 15:15:00,2782.1,2782.45,2753.0,2769.85,2475
2024-08-20 09:15:00,2787.8,2878.0,2778.85,2866.75,32474
2024-08-20 10:15:00,2864.75,2907.3,2849.05,2902.95,111145
2024-08-20 11:15:00,2902.95,2902.95,2879.0,2882.95,28799
2024-08-20 12:15:00,2882.95,2883.0,2864.9,2872.7,12644
2024-08-20 13:15:00,2872.65,2887.0,2866.55,2887.0,11249
2024-08-20 14:15:00,2887.0,2889.95,2861.95,2866.8,17634
2024-08-20 15:15:00,2866.5,2873.95,2860.0,2868.0,6802
2024-08-21 09:15:00,2905.0,3014.75,2905.0,2965.6,185239
2024-08-21 10:15:00,2965.65,3007.85,2965.6,2992.05,71814
2024-08-21 11:15:00,2991.0,3014.0,2989.8,3005.7,129961
2024-08-21 12:15:00,3007.0,3010.0,2992.75,2999.9,45615
2024-08-21 13:15:00,2999.9,3004.0,2985.05,2993.05,15433
2024-08-21 14:15:00,2994.0,3007.0,2989.0,2999.95,22793
2024-08-21 15:15:00,3000.0,3010.0,2998.25,3000.05,21456
2024-08-22 09:15:00,3020.0,3050.0,2965.35,2980.05,79382
2024-08-22 10:15:00,2980.15,3005.2,2972.05,2999.7,23652
2024-08-22 11:15:00,2999.7,3009.75,2990.0,3003.95,31036
2024-08-22 12:15:00,3000.8,3005.0,2981.0,2982.4,13190
2024-08-22 13:15:00,2981.75,2983.65,2953.95,2974.7,12622
2024-08-22 14:15:00,2974.6,2978.95,2961.6,2961.6,12179
2024-08-22 15:15:00,2961.65,2979.0,2930.0,2969.0,11597
2024-08-23 09:15:00,2975.0,2986.45,2958.35,2978.6,16919
2024-08-23 10:15:00,2981.25,3030.0,2981.25,3014.8,79549
2024-08-23 11:15:00,3014.8,3043.85,3007.55,3013.0,47218
2024-08-23 12:15:00,3011.9,3014.8,2985.0,2989.25,12094
2024-08-23 13:15:00,2989.25,2989.25,2958.0,2964.0,10453
2024-08-23 14:15:00,2964.0,3013.0,2963.2,2995.0,44404
2024-08-23 15:15:00,2995.95,3003.9,2990.0,3000.0,17558
2024-08-26 09:15:00,3014.2,3048.95,2983.05,3000.05,27550
2024-08-26 10:15:00,3002.15,3002.65,2979.55,2991.9,7213
2024-08-26 11:15:00,2992.25,3017.95,2980.0,2994.15,7618
2024-08-26 12:15:00,2994.9,3010.0,2981.15,3009.85,4613
2024-08-26 13:15:00,3007.5,3011.0,3001.0,3005.25,8160
2024-08-26 14:15:00,3005.0,3045.0,2995.0,3030.4,30036
2024-08-26 15:15:00,3032.0,3042.0,3025.0,3030.0,14853
2024-08-27 09:15:00,3049.05,3049.9,3001.3,3007.0,33477
2024-08-27 10:15:00,3007.0,3021.0,3002.0,3008.75,5086
2024-08-27 11:15:00,3008.7,3008.7,2986.9,2995.05,7101
2024-08-27 12:15:00,2995.05,3010.85,2986.8,2998.65,6328
2024-08-27 13:15:00,3002.05,3023.9,2993.05,2996.25,9163
2024-08-27 14:15:00,2997.45,3012.0,2986.5,2995.45,10922
2024-08-27 15:15:00,2994.65,3002.0,2990.55,2995.0,4485
2024-08-28 09:15:00,3000.5,3044.95,2968.0,3018.5,24798
2024-08-28 10:15:00,3019.5,3082.1,3002.3,3020.0,91687
2024-08-28 11:15:00,3022.0,3075.0,3016.55,3029.0,60074
2024-08-28 12:15:00,3028.0,3035.0,3018.1,3022.25,9341
2024-08-28 13:15:00,3025.35,3026.85,2990.0,2999.2,25367
2024-08-28 14:15:00,2998.9,3002.55,2970.0,2973.8,17832
2024-08-28 15:15:00,2973.8,2973.95,2960.0,2965.9,10318
2024-08-29 09:15:00,2968.75,2989.95,2932.55,2955.0,18557
2024-08-29 10:15:00,2954.0,2987.2,2940.0,2949.9,12382
2024-08-29 11:15:00,2949.85,2950.9,2935.0,2935.55,5704
2024-08-29 12:15:00,2936.2,2941.95,2925.05,2928.5,6616
2024-08-29 13:15:00,2928.45,2930.0,2908.65,2913.05,9979
2024-08-29 14:15:00,2913.1,2938.2,2906.0,2928.0,7699
2024-08-29 15:15:00,2928.0,2970.05,2923.75,2959.0,5698
2024-08-30 09:15:00,2965.0,2999.0,2950.0,2994.9,16127
2024-08-30 10:15:00,2993.0,3018.9,2981.0,2983.7,9437
2024-08-30 11:15:00,2986.0,3008.25,2975.0,2987.95,10997
2024-08-30 12:15:00,2987.9,3002.65,2983.95,2994.8,3483
2024-08-30 13:15:00,2997.55,2999.95,2952.25,2955.0,7764
2024-08-30 14:15:00,2953.85,2954.0,2931.0,2935.25,11082
2024-08-30 15:15:00,2934.85,2953.15,2934.3,2947.0,6246
2024-09-02 09:15:00,2948.15,2962.55,2900.0,2900.45,18480
2024-09-02 10:15:00,2900.5,2902.4,2881.1,2897.55,10954
2024-09-02 11:15:00,2898.7,2950.0,2885.05,2938.0,16073
2024-09-02 12:15:00,2937.95,2937.95,2901.0,2916.0,6115
2024-09-02 13:15:00,2913.0,2913.0,2885.5,2890.45,6247
2024-09-02 14:15:00,2890.0,2895.0,2880.05,2888.75,12836
2024-09-02 15:15:00,2888.2,2890.0,2880.05,2889.95,6758
2024-09-03 09:15:00,2896.0,2907.0,2879.6,2902.2,13432
2024-09-03 10:15:00,2905.0,2905.0,2885.0,2898.5,3009
2024-09-03 11:15:00,2896.95,2911.4,2894.75,2900.0,6059
2024-09-03 12:15:00,2900.0,2910.0,2890.15,2907.9,3725
2024-09-03 13:15:00,2907.95,2921.0,2890.05,2896.6,7372
2024-09-03 14:15:00,2898.2,2935.0,2890.0,2909.15,9375
2024-09-03 15:15:00,2906.15,2909.95,2901.05,2906.0,2779
2024-09-04 09:15:00,2864.0,2932.7,2830.0,2927.85,14040
2024-09-04 10:15:00,2924.85,2929.65,2900.0,2912.95,8039
2024-09-04 11:15:00,2912.95,2932.0,2912.95,2921.35,4786
2024-09-04 12:15:00,2921.2,2928.4,2913.1,2926.5,3338
2024-09-04 13:15:00,2926.0,2974.8,2916.45,2950.9,19092
2024-09-04 14:15:00,2948.25,2964.0,2752.0,2843.0,1189591
2024-09-04 15:15:00,2843.0,2884.7,2841.1,2869.95,335217
2024-09-05 09:15:00,2860.0,2874.3,2776.9,2794.6,232401
2024-09-05 10:15:00,2797.4,2800.25,2771.1,2795.6,30086
2024-09-05 11:15:00,2795.6,2804.95,2781.3,2786.05,16971
2024-09-05 12:15:00,2786.0,2800.0,2780.0,2793.85,18710
2024-09-05 13:15:00,2793.85,2799.8,2769.6,2770.0,22870
2024-09-05 14:15:00,2770.0,2774.9,2742.6,2760.0,73861
2024-09-05 15:15:00,2760.05,2760.05,2742.0,2758.35,28864
2024-09-06 09:15:00,2766.0,2808.0,2721.0,2728.0,130248
2024-09-06 10:15:00,2730.7,2778.65,2720.2,2761.75,35570
2024-09-06 11:15:00,2761.75,2770.05,2755.0,2767.3,15410
2024-09-06 12:15:00,2769.8,2771.0,2750.0,2765.0,24486
2024-09-06 13:15:00,2764.65,2765.85,2740.0,2746.8,17103
2024-09-06 14:15:00,2746.8,2750.8,2714.0,2715.85,38515
2024-09-06 15:15:00,2715.85,2748.0,2713.95,2728.5,15551
2024-09-09 09:15:00,2747.6,2747.6,2687.6,2705.0,30817
2024-09-09 10:15:00,2705.0,2725.0,2693.3,2710.1,12331
2024-09-09 11:15:00,2710.75,2717.1,2702.05,2711.0,5653
2024-09-09 12:15:00,2712.0,2715.6,2678.0,2680.4,9395
2024-09-09 13:15:00,2682.15,2687.4,2674.3,2681.5,11569
2024-09-09 14:15:00,2681.1,2695.0,2678.0,2694.05,20544
2024-09-09 15:15:00,2694.95,2695.0,2682.0,2682.0,4464
2024-09-10 09:15:00,2692.75,2751.9,2692.75,2736.55,40150
2024-09-10 10:15:00,2735.05,2743.0,2714.9,2729.0,7420
2024-09-10 11:15:00,2728.6,2730.0,2720.0,2722.15,5452
2024-09-10 12:15:00,2722.15,2747.6,2721.05,2744.0,10301
2024-09-10 13:15:00,2744.0,2751.0,2730.7,2740.8,16533
2024-09-10 14:15:00,2740.8,2751.0,2738.4,2750.7,18808
2024-09-10 15:15:00,2750.7,2751.0,2741.15,2748.0,8334
2024-09-11 09:15:00,2756.7,2768.0,2727.0,2736.3,19933
2024-09-11 10:15:00,2736.35,2752.0,2718.0,2740.0,15642
2024-09-11 11:15:00,2740.0,2747.0,2736.5,2741.25,5705
2024-09-11 12:15:00,2741.35,2741.95,2727.85,2731.45,5429
2024-09-11 13:15:00,2731.45,2733.1,2698.0,2700.05,15089
2024-09-11 14:15:00,2701.95,2702.9,2643.15,2668.15,27638
2024-09-11 15:15:00,2666.1,2679.0,2656.05,2679.0,10887
2024-09-12 09:15:00,2685.95,2727.6,2685.95,2705.2,23220
2024-09-12 10:15:00,2704.4,2720.55,2702.0,2710.0,7542
2024-09-12 11:15:00,2710.0,2710.0,2691.1,2696.9,5087
2024-09-12 12:15:00,2697.15,2714.0,2695.0,2713.0,16075
2024-09-12 13:15:00,2713.0,2714.0,2691.5,2693.1,7217
2024-09-12 14:15:00,2695.0,2724.0,2691.15,2715.65,10511
2024-09-12 15:15:00,2715.65,2718.55,2706.2,2711.65,4278
2024-09-13 09:15:00,2743.3,2743.3,2709.8,2713.05,12428
2024-09-13 10:15:00,2711.5,2748.0,2707.55,2744.8,10659
2024-09-13 11:15:00,2744.8,2748.0,2735.0,2748.0,8947
2024-09-13 12:15:00,2745.5,2751.2,2740.5,2745.0,7540
2024-09-13 13:15:00,2745.0,2745.0,2723.9,2731.15,5756
2024-09-13 14:15:00,2731.15,2740.65,2711.0,2714.1,11811
2024-09-13 15:15:00,2715.0,2715.0,2709.0,2715.0,7163
2024-09-16 09:15:00,2720.0,2741.0,2719.75,2731.95,17163
2024-09-16 10:15:00,2730.0,2730.0,2704.0,2709.75,5992
2024-09-16 11:15:00,2710.95,2727.05,2706.0,2706.0,4581
2024-09-16 12:15:00,2708.1,2722.0,2706.0,2715.05,2835
2024-09-16 13:15:00,2715.05,2729.95,2711.0,2723.9,5486
2024-09-16 14:15:00,2723.9,2728.0,2706.1,2714.65,11720
2024-09-16 15:15:00,2714.7,2720.0,2695.0,2703.0,9367
2024-09-17 09:15:00,2709.0,2710.0,2680.0,2691.15,11406
2024-09-17 10:15:00,2691.2,2715.0,2678.5,2715.0,24251
2024-09-17 11:15:00,2715.0,2789.7,2714.15,2789.7,94801
2024-09-17 12:15:00,2789.7,2789.7,2770.0,2777.45,105812
2024-09-17 13:15:00,2778.0,2780.95,2731.05,2738.8,33251
2024-09-17 14:15:00,2737.65,2747.65,2719.0,2738.0,28000
2024-09-17 15:15:00,2738.0,2742.7,2725.05,2732.1,10198
2024-09-18 09:15:00,2733.45,2733.45,2705.05,2710.45,23907
2024-09-18 10:15:00,2710.4,2738.85,2703.05,2733.35,18399
2024-09-18 11:15:00,2733.3,2748.95,2729.0,2740.25,14413
2024-09-18 12:15:00,2740.25,2744.3,2702.55,2704.2,13795
2024-09-18 13:15:00,2704.25,2711.4,2685.05,2687.55,10121
2024-09-18 14:15:00,2689.55,2691.95,2672.0,2684.85,15513
2024-09-18 15:15:00,2685.85,2694.0,2674.65,2686.0,5137
2024-09-19 09:15:00,2710.05,2734.95,2685.0,2692.9,26927
2024-09-19 10:15:00,2690.25,2690.25,2659.05,2668.25,15787
2024-09-19 11:15:00,2668.25,2668.25,2602.55,2637.3,30765
2024-09-19 12:15:00,2639.65,2655.0,2633.8,2635.95,4126
2024-09-19 13:15:00,2635.95,2642.9,2614.95,2620.0,8054
2024-09-19 14:15:00,2619.5,2654.8,2616.0,2649.95,10758
2024-09-19 15:15:00,2652.85,2659.9,2642.5,2650.05,5427
2024-09-20 09:15:00,2668.95,2670.0,2635.55,2648.0,17019
2024-09-20 10:15:00,2649.45,2673.9,2645.05,2659.6,7741
2024-09-20 11:15:00,2662.2,2680.0,2659.7,2670.0,9334
2024-09-20 12:15:00,2670.0,2674.45,2662.4,2673.65,3675
2024-09-20 13:15:00,2671.75,2673.2,2641.0,2658.45,6727
2024-09-20 14:15:00,2657.2,2679.8,2650.85,2656.85,11360
2024-09-20 15:15:00,2655.95,2672.95,2645.05,2664.0,5914
2024-09-23 09:15:00,2672.4,2680.9,2641.0,2651.75,10585
2024-09-23 10:15:00,2653.95,2672.25,2650.05,2665.65,6944
2024-09-23 11:15:00,2665.35,2679.95,2650.05,2660.0,5914
2024-09-23 12:15:00,2659.2,2659.95,2650.05,2654.15,4788
2024-09-23 13:15:00,2654.0,2656.0,2610.1,2625.75,23588
2024-09-23 14:15:00,2623.0,2638.85,2610.0,2636.1,29474
2024-09-23 15:15:00,2636.1,2640.0,2635.05,2635.05,7086
2024-09-24 09:15:00,2645.0,2646.0,2616.05,2625.9,9853
2024-09-24 10:15:00,2626.65,2653.95,2621.0,2646.05,6727
2024-09-24 11:15:00,2645.25,2647.95,2636.7,2645.15,3922
2024-09-24 12:15:00,2645.15,2648.25,2632.35,2640.0,8758
2024-09-24 13:15:00,2640.05,2646.6,2638.95,2645.0,1824
2024-09-24 14:15:00,2645.0,2688.0,2641.0,2659.85,18693
2024-09-24 15:15:00,2658.2,2680.0,2655.0,2668.9,3631
2024-09-25 09:15:00,2662.0,2668.6,2638.9,2641.3,11721
2024-09-25 10:15:00,2640.0,2648.05,2629.9,2636.0,5258
2024-09-25 11:15:00,2637.45,2648.45,2633.0,2641.7,4893
2024-09-25 12:15:00,2639.15,2639.15,2630.0,2636.4,2570
2024-09-25 13:15:00,2636.7,2647.95,2633.0,2642.95,2327
2024-09-25 14:15:00,2645.1,2655.65,2631.1,2652.6,5984
2024-09-25 15:15:00,2653.85,2657.4,2635.0,2639.0,3902
2024-09-26 09:15:00,2645.55,2664.85,2634.0,2652.3,11336
2024-09-26 10:15:00,2652.0,2659.45,2634.0,2638.3,9239
2024-09-26 11:15:00,2641.85,2670.0,2640.0,2654.25,11811
2024-09-26 12:15:00,2655.2,2660.05,2643.95,2657.8,4465
2024-09-26 13:15:00,2657.6,2660.95,2645.0,2653.1,4119
2024-09-26 14:15:00,2649.7,2660.75,2642.0,2642.0,8006
2024-09-26 15:15:00,2641.05,2643.75,2630.0,2632.0,3843
2024-09-27 09:15:00,2664.65,2699.7,2664.65,2674.05,51955
2024-09-27 10:15:00,2674.3,2674.9,2645.05,2653.95,7091
2024-09-27 11:15:00,2653.95,2657.95,2625.0,2643.0,14349
2024-09-27 12:15:00,2643.0,2644.95,2625.9,2630.15,9197
2024-09-27 13:15:00,2630.15,2644.95,2621.0,2622.2,9070
2024-09-27 14:15:00,2623.2,2643.85,2622.3,2640.0,13080
2024-09-27 15:15:00,2640.05,2670.0,2625.95,2660.0,12916
2024-09-30 09:15:00,2641.45,2646.75,2585.0,2608.0,23135
2024-09-30 10:15:00,2607.9,2624.0,2600.8,2620.8,7640
2024-09-30 11:15:00,2620.0,2625.0,2609.0,2615.0,4014
2024-09-30 12:15:00,2615.0,2616.9,2550.55,2575.7,37536
2024-09-30 13:15:00,2573.1,2576.95,2565.5,2566.65,7994
2024-09-30 14:15:00,2566.2,2599.7,2566.0,2578.2,20123
2024-09-30 15:15:00,2577.65,2629.0,2572.8,2600.0,39126
2024-10-01 09:15:00,2635.0,2635.0,2610.0,2617.95,31635
2024-10-01 10:15:00,2617.0,2639.55,2610.05,2637.7,15648
2024-10-01 11:15:00,2637.7,2643.9,2622.2,2627.7,10577
2024-10-01 12:15:00,2627.35,2633.75,2599.4,2607.1,22444
2024-10-01 13:15:00,2606.4,2634.0,2603.0,2634.0,14716
2024-10-01 14:15:00,2634.0,2649.8,2621.7,2648.0,43505
2024-10-01 15:15:00,2648.0,2658.95,2642.4,2654.9,11819
2024-10-03 09:15:00,2625.0,2681.8,2588.0,2678.85,25891
2024-10-03 10:15:00,2677.9,2681.0,2653.7,2658.6,15190
2024-10-03 11:15:00,2658.3,2661.95,2650.0,2652.25,8387
2024-10-03 12:15:00,2652.25,2664.35,2647.15,2652.5,5567
2024-10-03 13:15:00,2653.85,2665.0,2644.55,2665.0,11398
2024-10-03 14:15:00,2665.0,2665.0,2649.7,2650.0,4728
2024-10-03 15:15:00,2650.0,2651.25,2621.15,2640.0,4775
2024-10-04 09:15:00,2639.85,2698.0,2619.05,2688.0,38670
2024-10-04 10:15:00,2687.05,2688.95,2665.1,2673.2,10770
2024-10-04 11:15:00,2672.6,2685.9,2668.0,2673.4,13811
2024-10-04 12:15:00,2673.55,2684.85,2654.0,2660.35,5119
2024-10-04 13:15:00,2660.0,2667.95,2651.5,2661.8,4792
2024-10-04 14:15:00,2661.95,2681.0,2639.05,2680.0,10608
2024-10-04 15:15:00,2680.0,2684.75,2626.7,2647.35,9890
2024-10-07 09:15:00,2651.1,2655.8,2583.95,2594.9,12817
2024-10-07 10:15:00,2595.15,2634.15,2594.9,2625.0,22915
2024-10-07 11:15:00,2623.75,2645.9,2622.4,2634.7,14379
2024-10-07 12:15:00,2635.6,2653.1,2627.9,2642.0,18676
2024-10-07 13:15:00,2641.95,2653.0,2629.05,2631.2,15600
2024-10-07 14:15:00,2630.2,2645.15,2615.8,2630.0,35033
2024-10-07 15:15:00,2630.0,2640.0,2630.0,2640.0,3157
2024-10-08 09:15:00,2610.05,2633.95,2596.65,2624.3,7718
2024-10-08 10:15:00,2624.3,2656.3,2620.05,2653.5,7651
2024-10-08 11:15:00,2653.8,2661.65,2636.4,2643.95,8973
2024-10-08 12:15:00,2641.3,2656.05,2635.9,2650.0,4611
2024-10-08 13:15:00,2650.0,2666.0,2646.1,2654.6,5734
2024-10-08 14:15:00,2652.05,2663.0,2637.05,2647.95,8923
2024-10-08 15:15:00,2645.15,2649.7,2634.75,2649.7,3991
2024-10-09 09:15:00,2649.7,2674.1,2649.7,2665.15,9166
2024-10-09 10:15:00,2665.3,2683.8,2655.3,2683.8,8243
2024-10-09 11:15:00,2683.8,2693.85,2676.25,2685.95,7749
2024-10-09 12:15:00,2686.0,2693.0,2684.0,2691.0,5596
2024-10-09 13:15:00,2691.0,2735.0,2685.0,2701.95,28610
2024-10-09 14:15:00,2701.9,2713.0,2684.9,2704.85,7894
2024-10-09 15:15:00,2701.3,2715.05,2692.1,2710.0,8785
2024-10-10 09:15:00,2720.05,2750.0,2720.05,2735.6,20348
2024-10-10 10:15:00,2733.25,2735.7,2713.0,2728.7,11087
2024-10-10 11:15:00,2728.8,2742.95,2725.0,2741.95,9639
2024-10-10 12:15:00,2741.55,2741.8,2727.0,2729.7,21915
2024-10-10 13:15:00,2731.8,2733.75,2697.0,2708.25,9734
2024-10-10 14:15:00,2710.65,2716.95,2694.0,2699.0,8648
2024-10-10 15:15:00,2700.0,2718.65,2695.0,2717.0,3870
2024-10-11 09:15:00,2701.1,2737.0,2697.0,2733.6,14260
2024-10-11 10:15:00,2733.6,2748.85,2727.0,2733.8,8513
2024-10-11 11:15:00,2733.8,2758.0,2727.0,2756.35,16242
2024-10-11 12:15:00,2756.35,2759.0,2723.9,2754.0,11932
2024-10-11 13:15:00,2754.0,2754.0,2710.0,2717.85,13321
2024-10-11 14:15:00,2717.85,2723.3,2706.05,2714.1,6085
2024-10-11 15:15:00,2715.0,2720.95,2699.0,2699.0,5504
2024-10-14 09:15:00,2711.45,2819.0,2711.15,2742.1,126301
2024-10-14 10:15:00,2744.9,2749.0,2726.65,2740.95,17426
2024-10-14 11:15:00,2744.2,2759.7,2733.5,2753.85,17387
2024-10-14 12:15:00,2753.85,2780.0,2750.5,2775.0,31497
2024-10-14 13:15:00,2777.0,2810.0,2777.0,2789.0,60657
2024-10-14 14:15:00,2790.65,2790.65,2761.05,2769.75,18641
2024-10-14 15:15:00,2769.85,2776.0,2765.95,2776.0,11359
2024-10-15 09:15:00,2797.45,2839.7,2755.0,2837.85,164980
2024-10-15 10:15:00,2835.75,2891.0,2801.0,2882.75,395561
2024-10-15 11:15:00,2884.85,2899.7,2880.0,2895.8,103205
2024-10-15 12:15:00,2895.8,2900.0,2872.5,2877.45,68280
2024-10-15 13:15:00,2875.0,2909.9,2874.1,2908.7,54921
2024-10-15 14:15:00,2908.7,2909.9,2880.15,2906.05,80620
2024-10-15 15:15:00,2907.0,2924.0,2895.0,2924.0,56429
2024-10-16 09:15:00,2905.0,2973.8,2893.35,2952.65,129872
2024-10-16 10:15:00,2955.0,2972.0,2950.0,2955.5,45515
2024-10-16 11:15:00,2956.65,2999.0,2948.0,2984.65,82834
2024-10-16 12:15:00,2987.6,2989.1,2915.55,2933.65,51092
2024-10-16 13:15:00,2933.7,2952.0,2916.0,2941.1,32884
2024-10-16 14:15:00,2940.85,2948.0,2927.3,2937.95,33491
2024-10-16 15:15:00,2937.45,2952.0,2926.4,2946.0,20212
2024-10-17 09:15:00,2970.05,2989.8,2946.6,2957.55,65004
2024-10-17 10:15:00,2960.0,2987.9,2944.05,2946.45,39460
2024-10-17 11:15:00,2946.4,2983.4,2931.65,2980.55,35020
2024-10-17 12:15:00,2980.55,3030.0,2973.1,3009.6,139459
2024-10-17 13:15:00,3009.15,3018.8,2982.05,3000.25,90113
2024-10-17 14:15:00,3000.3,3017.95,2973.55,2984.65,69019
2024-10-17 15:15:00,2984.65,2994.55,2976.85,2985.0,22470
2024-10-18 09:15:00,2985.0,3040.0,2957.1,3015.65,129010
2024-10-18 10:15:00,3014.65,3048.8,3011.0,3024.5,97775
2024-10-18 11:15:00,3027.75,3046.0,3009.6,3040.55,38012
2024-10-18 12:15:00,3040.8,3055.0,3024.85,3033.15,59451
2024-10-18 13:15:00,3034.65,3044.05,2912.6,3006.45,126275
2024-10-18 14:15:00,3004.1,3022.7,2990.45,2995.0,49105
2024-10-18 15:15:00,2995.0,3050.0,2983.15,3049.0,69865
2024-10-21 09:15:00,3041.0,3057.5,2870.5,2885.95,252396
2024-10-21 10:15:00,2886.0,2917.9,2882.7,2904.85,51373
2024-10-21 11:15:00,2904.85,2915.0,2896.75,2905.95,29245
2024-10-21 12:15:00,2908.8,2910.05,2854.95,2865.0,46392
2024-10-21 13:15:00,2865.0,2883.05,2856.0,2858.05,22948
2024-10-21 14:15:00,2858.0,2860.0,2828.85,2833.0,39634
2024-10-21 15:15:00,2833.05,2882.4,2821.1,2879.0,48011
2024-10-22 09:15:00,2879.0,2894.8,2816.1,2828.25,47310
2024-10-22 10:15:00,2828.35,2828.35,2762.5,2810.15,69837
2024-10-22 11:15:00,2810.3,2814.55,2756.65,2789.25,25458
2024-10-22 12:15:00,2788.3,2796.95,2763.4,2776.15,20245
2024-10-22 13:15:00,2776.15,2776.15,2751.0,2761.8,20979
2024-10-22 14:15:00,2762.65,2764.75,2713.05,2720.4,41260
2024-10-22 15:15:00,2720.9,2747.4,2713.25,2737.0,21389
2024-10-23 09:15:00,2733.05,2869.45,2731.95,2826.0,93117
2024-10-23 10:15:00,2826.0,2840.65,2805.05,2833.6,37087
2024-10-23 11:15:00,2833.6,2860.0,2824.35,2831.8,30148
2024-10-23 12:15:00,2830.85,2845.2,2821.6,2834.0,8473
2024-10-23 13:15:00,2833.45,2852.0,2829.65,2839.6,16639
2024-10-23 14:15:00,2840.4,2843.55,2814.0,2822.7,37300
2024-10-23 15:15:00,2820.3,2826.5,2806.55,2813.0,10355
2024-10-24 09:15:00,2830.05,2842.75,2798.3,2834.0,30723
2024-10-24 10:15:00,2834.8,2840.0,2800.0,2834.0,18077
2024-10-24 11:15:00,2834.05,2840.4,2813.05,2818.15,17877
2024-10-24 12:15:00,2815.0,2832.3,2799.95,2803.45,8061
2024-10-24 13:15:00,2805.0,2816.0,2777.1,2783.9,11142
2024-10-24 14:15:00,2783.9,2799.4,2768.6,2770.95,14740
2024-10-24 15:15:00,2771.3,2771.3,2758.55,2766.0,10689
2024-10-25 09:15:00,2774.95,2783.1,2675.0,2680.25,26165
2024-10-25 10:15:00,2683.4,2692.6,2646.2,2655.0,20407
2024-10-25 11:15:00,2655.0,2691.9,2635.5,2684.0,39111
2024-10-25 12:15:00,2682.05,2699.0,2667.45,2669.9,9531
2024-10-25 13:15:00,2669.85,2686.45,2649.05,2657.1,15580
2024-10-25 14:15:00,2657.35,2659.8,2630.1,2638.95,16253
2024-10-25 15:15:00,2638.95,2653.85,2632.05,2638.0,9084
2024-10-28 09:15:00,2681.45,2686.95,2622.65,2648.7,18835
2024-10-28 10:15:00,2646.1,2718.45,2646.1,2714.0,14551
2024-10-28 11:15:00,2716.25,2728.45,2710.15,2724.0,7097
2024-10-28 12:15:00,2724.0,2731.0,2714.2,2725.0,7795
2024-10-28 13:15:00,2724.8,2748.35,2709.0,2730.05,15941
2024-10-28 14:15:00,2732.6,2748.0,2722.4,2736.35,10567
2024-10-28 15:15:00,2736.3,2747.9,2691.55,2717.0,12268
2024-10-29 09:15:00,2778.0,2782.95,2740.05,2772.0,27670
2024-10-29 10:15:00,2772.0,2795.95,2750.05,2789.45,25531
2024-10-29 11:15:00,2789.15,2815.0,2780.95,2783.0,25014
2024-10-29 12:15:00,2781.75,2806.1,2763.75,2806.1,18315
2024-10-29 13:15:00,2804.5,2828.0,2802.1,2821.8,15253
2024-10-29 14:15:00,2821.8,2839.8,2812.05,2819.95,24752
2024-10-29 15:15:00,2819.95,2838.95,2806.1,2815.25,10241
2024-10-30 09:15:00,2844.95,2849.35,2795.1,2817.85,24344
2024-10-30 10:15:00,2817.25,2830.0,2799.05,2827.8,19610
2024-10-30 11:15:00,2828.7,2836.0,2822.55,2829.0,10363
2024-10-30 12:15:00,2827.3,2854.2,2826.0,2850.5,7896
2024-10-30 13:15:00,2848.05,2850.2,2818.0,2820.95,8883
2024-10-30 14:15:00,2820.95,2839.25,2815.8,2832.4,11395
2024-10-30 15:15:00,2830.1,2834.0,2820.0,2820.0,4819
2024-10-31 09:15:00,2835.95,2893.05,2802.1,2867.45,22526
2024-10-31 10:15:00,2869.75,2870.8,2842.0,2857.45,15465
2024-10-31 11:15:00,2857.35,2872.95,2835.0,2865.0,13852
2024-10-31 12:15:00,2865.3,2881.75,2857.1,2871.9,7106
2024-10-31 13:15:00,2872.45,2881.3,2872.0,2879.5,7442
2024-10-31 14:15:00,2878.6,2894.8,2867.95,2894.7,24248
2024-10-31 15:15:00,2894.75,2894.8,2872.45,2878.0,12986
2024-11-01 18:00:00,2919.95,2920.0,2880.0,2889.8,16841
2024-11-04 09:15:00,2891.95,2894.8,2860.0,2877.4,20638
2024-11-04 10:15:00,2877.0,2890.5,2860.0,2867.05,11621
2024-11-04 11:15:00,2867.1,2893.6,2862.8,2889.85,4429
2024-11-04 12:15:00,2889.85,2892.75,2882.65,2890.0,6602
2024-11-04 13:15:00,2890.0,2890.0,2870.3,2881.95,4401
2024-11-04 14:15:00,2880.15,2888.3,2876.05,2883.95,3720
2024-11-04 15:15:00,2883.85,2889.9,2878.0,2889.75,6845
2024-11-05 09:15:00,2878.25,2908.0,2838.05,2882.4,19438
2024-11-05 10:15:00,2879.0,2894.8,2877.9,2892.35,9227
2024-11-05 11:15:00,2892.4,2894.8,2856.7,2875.7,8572
2024-11-05 12:15:00,2875.75,2893.0,2873.25,2888.5,6203
2024-11-05 13:15:00,2888.2,2889.8,2875.65,2888.25,10319
2024-11-05 14:15:00,2885.25,2889.0,2868.0,2875.95,7463
2024-11-05 15:15:00,2878.1,2887.15,2874.0,2887.15,3540
2024-11-06 09:15:00,2887.2,2918.7,2871.75,2913.9,23611
2024-11-06 10:15:00,2915.0,2972.0,2915.0,2965.55,40135
2024-11-06 11:15:00,2965.6,2974.0,2944.45,2953.85,20921
2024-11-06 12:15:00,2955.85,2961.5,2952.05,2959.9,7636
2024-11-06 13:15:00,2957.85,2960.05,2924.35,2953.1,12601
2024-11-06 14:15:00,2951.7,2959.0,2936.7,2953.6,11307
2024-11-06 15:15:00,2955.7,2963.95,2938.0,2959.5,10285
2024-11-07 09:15:00,2982.55,3050.0,2959.7,2987.0,81490
2024-11-07 10:15:00,2987.0,3002.45,2965.65,3000.0,25681
2024-11-07 11:15:00,2998.45,2998.45,2966.0,2970.55,6548
2024-11-07 12:15:00,2970.1,2980.0,2965.0,2967.4,2674
2024-11-07 13:15:00,2967.4,2976.3,2963.0,2966.45,3092
2024-11-07 14:15:00,2968.95,2969.0,2940.0,2962.45,15444
2024-11-07 15:15:00,2962.55,2964.25,2939.45,2945.0,9734
2024-11-08 09:15:00,2964.95,2989.0,2927.0,2964.05,47884
2024-11-08 10:15:00,2963.65,2973.0,2942.05,2963.8,14995
2024-11-08 11:15:00,2963.75,2967.85,2952.0,2956.7,5912
2024-11-08 12:15:00,2957.75,2968.8,2954.0,2959.1,5442
2024-11-08 13:15:00,2957.05,2959.1,2940.0,2952.65,8931
2024-11-08 14:15:00,2949.6,2956.85,2915.95,2922.6,15111
2024-11-08 15:15:00,2922.6,2931.95,2902.3,2915.0,6349
2024-11-11 09:15:00,2899.5,2927.0,2870.1,2910.5,31023
2024-11-11 10:15:00,2910.55,2936.1,2889.15,2932.5,13360
2024-11-11 11:15:00,2930.45,2961.95,2929.5,2959.8,16986
2024-11-11 12:15:00,2958.1,2987.25,2949.05,2970.0,31724
2024-11-11 13:15:00,2970.05,2972.3,2954.7,2955.5,16393
2024-11-11 14:15:00,2955.25,2972.0,2952.0,2953.35,10468
2024-11-11 15:15:00,2954.8,2959.0,2940.0,2945.0,5840
2024-11-12 09:15:00,2971.65,3023.85,2955.2,3003.85,40429
2024-11-12 10:15:00,3003.85,3180.0,3003.85,3163.0,445700
2024-11-12 11:15:00,3162.65,3189.9,3121.0,3129.3,333758
2024-11-12 12:15:00,3129.15,3131.85,3065.55,3073.85,147217
2024-11-12 13:15:00,3071.1,3089.95,3041.2,3058.9,64652
2024-11-12 14:15:00,3058.55,3070.0,3020.1,3029.75,74116
2024-11-12 15:15:00,3029.85,3035.1,3006.1,3021.0,39555
2024-11-13 09:15:00,3031.0,3100.0,2967.25,3030.95,142227
2024-11-13 10:15:00,3030.8,3046.95,2985.0,3028.45,55420
2024-11-13 11:15:00,3028.2,3043.25,3012.1,3033.25,15444
2024-11-13 12:15:00,3033.2,3053.2,3025.1,3041.45,19261
2024-11-13 13:15:00,3041.45,3070.0,3033.85,3054.5,30689
2024-11-13 14:15:00,3054.25,3057.25,2980.15,3002.1,42320
2024-11-13 15:15:00,3002.1,3029.9,2995.0,3029.9,18785
2024-11-14 09:15:00,3039.65,3134.05,3022.5,3028.5,98141
2024-11-14 10:15:00,3027.6,3052.95,3011.6,3040.2,43516
2024-11-14 11:15:00,3040.15,3055.2,3034.0,3050.0,22280
2024-11-14 12:15:00,3050.0,3053.3,3024.05,3031.15,24904
2024-11-14 13:15:00,3030.0,3034.9,3015.0,3020.85,24640
2024-11-14 14:15:00,3020.85,3023.45,2983.7,2988.05,38629
2024-11-14 15:15:00,2989.85,3057.95,2976.55,3009.0,59383
2024-11-18 09:15:00,3031.8,3042.4,2935.5,3033.35,60165
2024-11-18 10:15:00,3031.35,3039.1,2990.45,3029.4,26755
2024-11-18 11:15:00,3029.9,3091.0,3026.9,3087.55,36093
2024-11-18 12:15:00,3087.55,3092.85,3065.55,3079.4,25411
2024-11-18 13:15:00,3082.0,3166.55,3076.35,3151.75,70392
2024-11-18 14:15:00,3152.7,3165.0,3102.0,3127.6,79936
2024-11-18 15:15:00,3127.6,3155.0,3120.0,3137.0,34362
2024-11-19 09:15:00,3175.0,3224.0,3110.0,3210.0,203489
2024-11-19 10:15:00,3210.0,3261.2,3174.1,3234.05,166151
2024-11-19 11:15:00,3234.45,3248.0,3210.1,3213.35,81748
2024-11-19 12:15:00,3213.65,3214.95,3150.75,3183.0,63898
2024-11-19 13:15:00,3183.85,3198.95,3176.1,3182.5,32779
2024-11-19 14:15:00,3181.6,3193.6,3152.0,3152.0,40614
2024-11-19 15:15:00,3153.05,3160.1,3130.0,3130.0,36095
2024-11-21 09:15:00,3150.0,3208.75,3134.25,3158.6,70875
2024-11-21 10:15:00,3156.1,3182.0,3130.6,3173.6,30114
2024-11-21 11:15:00,3173.95,3210.8,3167.75,3182.05,45477
2024-11-21 12:15:00,3182.25,3190.0,3171.0,3184.15,10593
2024-11-21 13:15:00,3184.15,3219.5,3183.15,3208.75,24521
2024-11-21 14:15:00,3208.75,3213.8,3187.5,3191.95,24271
2024-11-21 15:15:00,3191.95,3200.0,3177.65,3195.0,14184
2024-11-22 09:15:00,3201.5,3265.0,3201.5,3227.5,93315
2024-11-22 10:15:00,3225.35,3241.9,3219.45,3226.5,19924
2024-11-22 11:15:00,3227.05,3230.0,3215.5,3216.1,11095
2024-11-22 12:15:00,3217.1,3272.95,3212.55,3263.95,69713
2024-11-22 13:15:00,3262.1,3282.9,3215.0,3221.3,51311
2024-11-22 14:15:00,3223.5,3230.9,3209.1,3222.4,42338
2024-11-22 15:15:00,3221.3,3249.85,3212.0,3230.0,25870
2024-11-25 09:15:00,3291.1,3305.0,3260.05,3296.3,73940
2024-11-25 10:15:00,3297.95,3302.2,3280.0,3284.0,29300
2024-11-25 11:15:00,3285.85,3288.0,3260.0,3268.2,19112
2024-11-25 12:15:00,3268.65,3283.85,3251.15,3258.0,23553
2024-11-25 13:15:00,3258.0,3260.0,3242.5,3256.0,8417
2024-11-25 14:15:00,3256.55,3260.0,3246.05,3249.85,15759
2024-11-25 15:15:00,3249.95,3264.15,3245.0,3248.0,11809
2024-11-26 09:15:00,3280.0,3322.2,3255.05,3269.95,73394
2024-11-26 10:15:00,3271.6,3271.7,3215.4,3238.8,23740
2024-11-26 11:15:00,3237.7,3245.0,3233.6,3241.55,8166
2024-11-26 12:15:00,3241.55,3250.05,3225.0,3241.55,12945
2024-11-26 13:15:00,3241.55,3244.5,3224.0,3240.7,22449
2024-11-26 14:15:00,3241.4,3241.55,3218.05,3237.95,24240
2024-11-26 15:15:00,3237.9,3237.95,3206.15,3218.0,22704
2024-11-27 09:15:00,3244.9,3328.0,3230.45,3297.5,72201
2024-11-27 10:15:00,3298.0,3303.55,3280.35,3288.0,25146
2024-11-27 11:15:00,3288.0,3288.0,3272.5,3278.0,14255
2024-11-27 12:15:00,3278.0,3279.25,3255.0,3267.5,10828
2024-11-27 13:15:00,3267.5,3271.3,3256.05,3259.95,11925
2024-11-27 14:15:00,3259.0,3263.95,3248.55,3254.6,26412
2024-11-27 15:15:00,3256.85,3270.0,3248.85,3258.0,9959
2024-11-28 09:15:00,3282.0,3287.8,3231.05,3262.9,21870
2024-11-28 10:15:00,3260.8,3263.75,3206.3,3223.2,13682
2024-11-28 11:15:00,3223.6,3229.0,3186.15,3211.55,24387
2024-11-28 12:15:00,3208.35,3211.2,3172.3,3175.65,11851
2024-11-28 13:15:00,3175.4,3197.4,3171.1,3186.85,7450
2024-11-28 14:15:00,3183.2,3193.2,3151.0,3166.9,19960
2024-11-28 15:15:00,3169.1,3185.85,3153.75,3184.0,11094
2024-11-29 09:15:00,3190.0,3223.4,3159.55,3167.2,29164
2024-11-29 10:15:00,3167.25,3188.65,3156.4,3169.1,9579
2024-11-29 11:15:00,3170.0,3175.0,3161.0,3172.0,10921
2024-11-29 12:15:00,3172.0,3174.15,3165.05,3172.0,4442
2024-11-29 13:15:00,3172.0,3175.0,3165.1,3171.9,5444
2024-11-29 14:15:00,3171.95,3174.55,3159.2,3170.45,15038
2024-11-29 15:15:00,3172.75,3178.5,3169.45,3172.95,14563
2024-12-02 09:15:00,3182.6,3219.9,3170.0,3194.1,31409
2024-12-02 10:15:00,3194.7,3202.45,3185.0,3198.4,9931
2024-12-02 11:15:00,3198.4,3200.0,3186.7,3190.75,7619
2024-12-02 12:15:00,3191.75,3234.85,3188.65,3233.0,15815
2024-12-02 13:15:00,3232.0,3239.95,3200.15,3210.0,12775
2024-12-02 14:15:00,3210.0,3216.9,3193.5,3200.0,20883
2024-12-02 15:15:00,3199.85,3210.0,3187.05,3200.0,9144
2024-12-03 09:15:00,3235.0,3323.0,3229.4,3287.75,64777
2024-12-03 10:15:00,3288.95,3290.95,3262.15,3272.4,15110
2024-12-03 11:15:00,3272.4,3275.0,3240.15,3245.0,17089
2024-12-03 12:15:00,3245.0,3253.75,3226.05,3250.0,10807
2024-12-03 13:15:00,3247.35,3251.25,3242.0,3248.6,5318
2024-12-03 14:15:00,3249.05,3260.95,3241.55,3248.6,11127
2024-12-03 15:15:00,3248.6,3249.8,3235.05,3241.0,8307
2024-12-04 09:15:00,3260.75,3367.0,3257.35,3353.15,87214
2024-12-04 10:15:00,3353.15,3375.0,3252.7,3266.0,117185
2024-12-04 11:15:00,3266.0,3281.85,3240.05,3260.0,29954
2024-12-04 12:15:00,3259.0,3276.45,3249.6,3268.4,17561
2024-12-04 13:15:00,3270.0,3288.0,3265.0,3268.65,19684
2024-12-04 14:15:00,3268.65,3278.45,3250.0,3259.0,35345
2024-12-04 15:15:00,3259.0,3260.95,3234.4,3234.4,21997
2024-12-05 09:15:00,3242.95,3315.0,3229.3,3231.45,36500
2024-12-05 10:15:00,3230.95,3231.1,3204.4,3214.05,22269
2024-12-05 11:15:00,3214.05,3216.35,3201.3,3205.0,11231
2024-12-05 12:15:00,3205.0,3207.35,3200.0,3204.5,19493
2024-12-05 13:15:00,3204.5,3204.5,3185.0,3195.15,17650
2024-12-05 14:15:00,3195.65,3198.9,3156.05,3194.55,26139
2024-12-05 15:15:00,3193.5,3199.9,3176.5,3190.35,8737
2024-12-06 09:15:00,3206.2,3233.25,3194.0,3206.7,36742
2024-12-06 10:15:00,3208.0,3218.1,3200.05,3201.15,9979
2024-12-06 11:15:00,3201.9,3209.0,3195.0,3200.9,5980
2024-12-06 12:15:00,3200.9,3210.3,3196.1,3209.15,5613
2024-12-06 13:15:00,3209.15,3211.25,3180.6,3187.05,12800
2024-12-06 14:15:00,3189.6,3210.0,3185.15,3209.95,23506
2024-12-06 15:15:00,3209.95,3214.5,3185.2,3204.95,10164
2024-12-09 09:15:00,3205.05,3243.7,3204.05,3214.75,24425
2024-12-09 10:15:00,3214.35,3230.0,3196.6,3219.75,10160
2024-12-09 11:15:00,3219.85,3235.4,3215.25,3233.0,6580
2024-12-09 12:15:00,3233.1,3235.9,3206.0,3219.95,7936
2024-12-09 13:15:00,3220.0,3236.2,3212.1,3212.7,16399
2024-12-09 14:15:00,3214.8,3235.0,3208.1,3225.0,15166
2024-12-09 15:15:00,3225.0,3227.95,3207.7,3207.7,11238
2024-12-10 09:15:00,3222.55,3339.45,3222.5,3326.35,87121
2024-12-10 10:15:00,3326.4,3332.35,3303.0,3320.0,57031
2024-12-10 11:15:00,3320.0,3332.35,3302.2,3316.1,17745
2024-12-10 12:15:00,3317.95,3320.95,3282.0,3288.7,19607
2024-12-10 13:15:00,3288.35,3292.8,3265.5,3269.0,14985
2024-12-10 14:15:00,3269.95,3284.1,3260.45,3280.0,29209
2024-12-10 15:15:00,3280.0,3297.95,3259.0,3259.0,30892
2024-12-11 09:15:00,3270.85,3288.25,3210.25,3214.0,25803
2024-12-11 10:15:00,3213.2,3258.9,3213.05,3241.35,14135
2024-12-11 11:15:00,3248.4,3253.0,3227.0,3227.0,3729
2024-12-11 12:15:00,3228.0,3248.0,3215.0,3243.0,4964
2024-12-11 13:15:00,3243.0,3248.0,3221.05,3226.2,7950
2024-12-11 14:15:00,3226.2,3249.9,3205.0,3243.8,18267
2024-12-11 15:15:00,3243.8,3249.0,3222.0,3238.0,7114
2024-12-12 09:15:00,3246.85,3315.05,3246.25,3294.25,37360
2024-12-12 10:15:00,3294.35,3329.9,3272.1,3294.95,31947
2024-12-12 11:15:00,3291.9,3300.0,3285.0,3289.5,8235
2024-12-12 12:15:00,3289.5,3308.95,3289.35,3303.05,13261
2024-12-12 13:15:00,3303.4,3315.95,3260.05,3264.9,19025
2024-12-12 14:15:00,3265.4,3283.9,3254.7,3263.5,48063
2024-12-12 15:15:00,3261.35,3303.0,3252.05,3300.0,11051
2024-12-13 09:15:00,3269.0,3282.0,3208.15,3210.25,32685
2024-12-13 10:15:00,3210.25,3210.25,3175.7,3199.0,25794
2024-12-13 11:15:00,3198.85,3235.0,3194.2,3222.9,11132
2024-12-13 12:15:00,3222.4,3264.0,3216.65,3249.7,10873
2024-12-13 13:15:00,3247.8,3258.9,3230.4,3247.2,7213
2024-12-13 14:15:00,3247.2,3256.0,3245.6,3247.0,5143
2024-12-13 15:15:00,3247.0,3251.0,3223.35,3251.0,8290
2024-12-16 09:15:00,3242.0,3330.5,3222.05,3225.6,60431
2024-12-16 10:15:00,3225.6,3254.85,3215.1,3239.0,10083
2024-12-16 11:15:00,3236.5,3258.0,3233.3,3253.85,4933
2024-12-16 12:15:00,3253.95,3289.95,3250.9,3289.6,9611
2024-12-16 13:15:00,3287.0,3299.0,3263.9,3266.0,12416
2024-12-16 14:15:00,3266.0,3266.55,3241.25,3248.45,14214
2024-12-16 15:15:00,3248.45,3251.5,3230.0,3247.0,15814
2024-12-17 09:15:00,3262.8,3349.95,3242.8,3324.8,64594
2024-12-17 10:15:00,3325.4,3340.0,3291.0,3297.0,29269
2024-12-17 11:15:00,3299.95,3304.0,3233.85,3249.6,30546
2024-12-17 12:15:00,3249.6,3251.55,3235.2,3240.0,13226
2024-12-17 13:15:00,3240.0,3253.2,3235.05,3235.1,24411
2024-12-17 14:15:00,3237.45,3250.0,3231.5,3232.05,16740
2024-12-17 15:15:00,3233.5,3236.1,3216.05,3230.0,10634
2024-12-18 09:15:00,3230.0,3268.0,3226.5,3241.7,27579
2024-12-18 10:15:00,3241.7,3253.35,3210.0,3211.35,12207
2024-12-18 11:15:00,3213.05,3214.1,3187.6,3192.65,12964
2024-12-18 12:15:00,3191.75,3196.9,3178.0,3190.45,6761
2024-12-18 13:15:00,3192.9,3197.9,3187.0,3194.35,4418
2024-12-18 14:15:00,3194.35,3199.85,3184.85,3188.85,11110
2024-12-18 15:15:00,3188.75,3218.35,3184.4,3210.0,7704
2024-12-19 09:15:00,3148.0,3210.0,3082.35,3166.0,33606
2024-12-19 10:15:00,3166.35,3196.0,3155.55,3183.65,5786
2024-12-19 11:15:00,3183.5,3189.15,3175.8,3184.55,2472
2024-12-19 12:15:00,3184.55,3212.05,3177.25,3192.0,5926
2024-12-19 13:15:00,3192.0,3216.4,3185.0,3209.0,5792
2024-12-19 14:15:00,3207.25,3241.1,3205.0,3233.35,14442
2024-12-19 15:15:00,3230.65,3245.0,3216.8,3245.0,7568
2024-12-20 09:15:00,3254.0,3293.35,3185.25,3196.0,39466
2024-12-20 10:15:00,3196.0,3219.4,3174.0,3183.1,14108
2024-12-20 11:15:00,3185.5,3185.5,3163.2,3165.05,11086
2024-12-20 12:15:00,3166.9,3185.05,3092.1,3096.0,31316
2024-12-20 13:15:00,3093.35,3124.05,3040.55,3054.3,59990
2024-12-20 14:15:00,3057.0,3074.0,3032.45,3036.4,44936
2024-12-20 15:15:00,3035.3,3062.95,3020.05,3053.0,20813
2024-12-23 09:15:00,3053.0,3060.1,2959.05,2972.6,44558
2024-12-23 10:15:00,2972.8,3004.4,2955.05,2986.3,18895
2024-12-23 11:15:00,2986.25,3016.2,2970.15,3000.55,13989
2024-12-23 12:15:00,3000.55,3013.75,2990.0,3004.85,12399
2024-12-23 13:15:00,3004.85,3013.75,2990.45,3002.25,6644
2024-12-23 14:15:00,3002.25,3018.75,2976.4,3002.8,10091
2024-12-23 15:15:00,3002.75,3006.0,2966.75,3006.0,9281
2024-12-24 09:15:00,2989.95,3017.25,2970.55,2999.9,14039
2024-12-24 10:15:00,3001.6,3008.6,2978.0,2978.0,3850
2024-12-24 11:15:00,2977.85,2996.45,2966.45,2987.1,6116
2024-12-24 12:15:00,2987.85,2992.75,2972.4,2976.8,3054
2024-12-24 13:15:00,2976.8,2991.45,2971.0,2975.0,2804
2024-12-24 14:15:00,2974.1,2979.75,2958.8,2966.35,6646
2024-12-24 15:15:00,2966.25,2977.8,2952.0,2964.8,5478
2024-12-26 09:15:00,2964.2,2982.5,2883.25,2894.8,31158
2024-12-26 10:15:00,2894.85,2903.95,2890.05,2893.95,7642
2024-12-26 11:15:00,2892.0,2893.8,2866.0,2872.5,12109
2024-12-26 12:15:00,2872.5,2875.0,2855.0,2858.25,6173
2024-12-26 13:15:00,2858.6,2888.05,2855.55,2881.6,12305
2024-12-26 14:15:00,2881.4,2885.0,2870.4,2874.0,8023
2024-12-26 15:15:00,2874.0,2885.5,2864.35,2871.0,6205
2024-12-27 09:15:00,2881.75,2905.9,2861.0,2869.75,13329
2024-12-27 10:15:00,2869.4,2877.0,2863.55,2875.0,5274
2024-12-27 11:15:00,2875.0,2906.95,2865.0,2891.2,8193
2024-12-27 12:15:00,2891.1,2935.7,2884.45,2927.0,11689
2024-12-27 13:15:00,2927.0,2954.65,2922.55,2941.55,18589
2024-12-27 14:15:00,2943.45,2949.9,2933.45,2937.5,9530
2024-12-27 15:15:00,2937.5,2938.9,2913.95,2930.2,4335
2024-12-30 09:15:00,2941.0,2972.1,2911.05,2947.85,28659
2024-12-30 10:15:00,2949.95,2950.0,2925.0,2936.25,10163
2024-12-30 11:15:00,2935.85,2959.0,2930.0,2948.85,11747
2024-12-30 12:15:00,2948.8,2990.05,2945.0,2978.8,18448
2024-12-30 13:15:00,2977.0,2978.2,2937.05,2943.25,14730
2024-12-30 14:15:00,2944.7,2979.0,2933.25,2976.35,19371
2024-12-30 15:15:00,2976.35,2977.0,2951.1,2960.0,7829
2024-12-31 09:15:00,2969.05,2969.05,2905.2,2905.2,17084
2024-12-31 10:15:00,2908.05,2975.45,2905.55,2965.25,10923
2024-12-31 11:15:00,2965.35,2981.3,2946.3,2960.3,8018
2024-12-31 12:15:00,2960.0,2982.0,2958.05,2981.45,4679
2024-12-31 13:15:00,2981.45,2995.0,2973.7,2990.0,8361
2024-12-31 14:15:00,2990.15,2992.2,2970.05,2981.4,7257
2024-12-31 15:15:00,2978.85,2988.85,2973.05,2980.0,3970
2025-01-01 09:15:00,2992.8,3033.0,2982.3,3026.3,14317
2025-01-01 10:15:00,3023.65,3038.65,3018.9,3033.45,6727
2025-01-01 11:15:00,3034.0,3036.85,3020.0,3029.45,2547
2025-01-01 12:15:00,3029.3,3039.0,3028.2,3037.0,3324
2025-01-01 13:15:00,3037.5,3039.0,3000.0,3000.05,7779
2025-01-01 14:15:00,3002.6,3024.95,3000.0,3015.0,13693
2025-01-01 15:15:00,3015.75,3038.95,3001.2,3022.1,14666
2025-01-02 09:15:00,3031.8,3083.85,3029.75,3061.8,17276
2025-01-02 10:15:00,3059.95,3078.45,3038.6,3072.4,21023
2025-01-02 11:15:00,3072.4,3078.0,3065.0,3072.4,6536
2025-01-02 12:15:00,3072.4,3100.0,3068.3,3090.0,15473
2025-01-02 13:15:00,3089.95,3105.0,3080.0,3101.1,13134
2025-01-02 14:15:00,3100.4,3104.0,3081.6,3089.4,11668
2025-01-02 15:15:00,3089.5,3091.0,3067.0,3070.0,4294
2025-01-03 09:15:00,3110.05,3135.0,3090.05,3110.95,15553
2025-01-03 10:15:00,3111.4,3120.8,3075.1,3107.45,13263
2025-01-03 11:15:00,3110.05,3115.45,3084.7,3089.8,6156
2025-01-03 12:15:00,3090.0,3099.7,3063.95,3073.15,6498
2025-01-03 13:15:00,3073.15,3079.5,3060.05,3066.75,4983
2025-01-03 14:15:00,3066.75,3079.7,3060.4,3067.7,6135
2025-01-03 15:15:00,3068.0,3075.0,3048.25,3075.0,4980
2025-01-06 09:15:00,3079.95,3131.0,3063.9,3100.0,30951
2025-01-06 10:15:00,3100.0,3104.35,2995.1,3004.45,20156
2025-01-06 11:15:00,3005.95,3038.95,2983.05,3001.7,18305
2025-01-06 12:15:00,3001.55,3029.5,2990.05,3004.0,11415
2025-01-06 13:15:00,3004.05,3013.5,2975.0,2998.4,9652
2025-01-06 14:15:00,2998.4,3016.35,2972.75,2987.6,18036
2025-01-06 15:15:00,2987.95,3000.0,2971.1,3000.0,5929
2025-01-07 09:15:00,2990.0,3085.0,2990.0,3061.0,27946
2025-01-07 10:15:00,3060.35,3065.0,3045.05,3057.05,15074
2025-01-07 11:15:00,3057.05,3061.0,3020.4,3049.95,7601
2025-01-07 12:15:00,3049.95,3075.0,3048.65,3070.85,3880
2025-01-07 13:15:00,3072.4,3074.8,3051.95,3073.65,6954
2025-01-07 14:15:00,3074.05,3074.8,3060.05,3067.1,4751
2025-01-07 15:15:00,3067.15,3073.9,3062.85,3065.05,2474
2025-01-08 09:15:00,3068.15,3083.8,3005.0,3027.8,15448
2025-01-08 10:15:00,3029.9,3035.95,2990.4,3011.5,9063
2025-01-08 11:15:00,3010.65,3029.6,3000.0,3001.3,4009
2025-01-08 12:15:00,3001.4,3014.95,2990.0,2996.65,4539
2025-01-08 13:15:00,2996.65,3025.0,2995.1,3020.55,4406
2025-01-08 14:15:00,3021.05,3034.0,3008.15,3022.85,8193
2025-01-08 15:15:00,3023.05,3026.0,3010.0,3018.0,3213
2025-01-09 09:15:00,3025.05,3039.25,2978.15,2992.8,9816
2025-01-09 10:15:00,2992.8,3014.55,2983.8,2988.95,5139
2025-01-09 11:15:00,2989.0,3000.0,2978.4,2993.15,7824
2025-01-09 12:15:00,2996.1,3000.95,2983.0,2987.35,5184
2025-01-09 13:15:00,2986.85,2998.75,2980.0,2984.65,4281
2025-01-09 14:15:00,2981.35,2984.75,2962.0,2964.95,6427
2025-01-09 15:15:00,2964.95,2979.0,2944.0,2979.0,3875
2025-01-10 09:15:00,2960.05,2996.9,2878.65,2908.2,24403
2025-01-10 10:15:00,2910.15,2937.5,2888.5,2935.0,18685
2025-01-10 11:15:00,2936.0,2966.75,2925.0,2954.9,10197
2025-01-10 12:15:00,2954.9,2963.8,2932.05,2943.5,4127
2025-01-10 13:15:00,2943.5,3020.0,2934.05,2951.95,30153
2025-01-10 14:15:00,2951.75,2965.45,2937.0,2937.4,8325
2025-01-10 15:15:00,2937.4,2957.9,2930.0,2945.0,5889
2025-01-13 09:15:00,2865.0,2947.15,2860.0,2904.6,17763
2025-01-13 10:15:00,2904.45,2908.8,2864.4,2867.3,12566
2025-01-13 11:15:00,2868.8,2882.6,2809.55,2867.35,19679
2025-01-13 12:15:00,2866.85,2876.85,2842.0,2848.95,8837
2025-01-13 13:15:00,2849.0,2861.4,2816.5,2822.55,11987
2025-01-13 14:15:00,2822.25,2828.0,2790.1,2797.1,19049
2025-01-13 15:15:00,2795.1,2905.0,2759.0,2815.0,14127
2025-01-14 09:15:00,2822.0,2838.95,2753.6,2793.7,15337
2025-01-14 10:15:00,2790.45,2820.0,2776.55,2820.0,6005
2025-01-14 11:15:00,2818.1,2818.1,2790.05,2795.35,6100
2025-01-14 12:15:00,2797.3,2798.4,2762.8,2771.65,5588
2025-01-14 13:15:00,2771.9,2795.75,2765.0,2789.95,4412
2025-01-14 14:15:00,2788.9,2798.75,2780.1,2787.3,8684
2025-01-14 15:15:00,2787.2,2790.0,2765.95,2780.05,4297
2025-01-15 09:15:00,2797.3,2807.25,2755.3,2771.85,10357
2025-01-15 10:15:00,2773.7,2797.0,2748.0,2750.75,12189
2025-01-15 11:15:00,2750.05,2770.0,2749.55,2759.55,3622
2025-01-15 12:15:00,2762.9,2769.75,2755.8,2762.4,2686
2025-01-15 13:15:00,2760.55,2762.25,2741.1,2747.95,4595
2025-01-15 14:15:00,2747.85,2748.0,2705.0,2733.8,16770
2025-01-15 15:15:00,2732.0,2740.0,2717.5,2739.0,7296
2025-01-16 09:15:00,2767.45,2804.4,2767.45,2793.85,16443
2025-01-16 10:15:00,2793.8,2833.15,2793.8,2817.85,13924
2025-01-16 11:15:00,2820.3,2839.0,2796.1,2801.5,12176
2025-01-16 12:15:00,2801.5,2815.0,2794.65,2807.3,8710
2025-01-16 13:15:00,2807.35,2810.9,2795.15,2805.3,7434
2025-01-16 14:15:00,2805.75,2825.0,2670.0,2746.4,308282
2025-01-16 15:15:00,2749.0,2784.0,2738.1,2760.0,47829
2025-01-17 09:15:00,2754.85,2799.0,2644.45,2664.0,89763
2025-01-17 10:15:00,2663.7,2709.0,2655.0,2706.2,21387
2025-01-17 11:15:00,2706.4,2754.15,2693.15,2734.95,16238
2025-01-17 12:15:00,2734.7,2754.0,2721.15,2750.55,13404
2025-01-17 13:15:00,2750.5,2753.0,2735.0,2738.6,7864
2025-01-17 14:15:00,2738.6,2754.4,2738.0,2750.0,12133
2025-01-17 15:15:00,2750.05,2755.95,2738.0,2752.0,10534
2025-01-20 09:15:00,2712.05,2729.8,2674.55,2676.6,26114
2025-01-20 10:15:00,2676.6,2703.0,2675.35,2701.15,9423
2025-01-20 11:15:00,2700.0,2705.8,2694.05,2694.9,3813
2025-01-20 12:15:00,2695.05,2720.45,2690.75,2705.0,10902
2025-01-20 13:15:00,2704.95,2715.0,2701.85,2706.3,4606
2025-01-20 14:15:00,2706.4,2708.7,2685.0,2703.0,12713
2025-01-20 15:15:00,2701.8,2713.4,2695.1,2698.1,6387
2025-01-21 09:15:00,2707.7,2743.4,2684.0,2685.8,14173
2025-01-21 10:15:00,2684.65,2685.95,2664.75,2667.95,9794
2025-01-21 11:15:00,2668.0,2693.8,2657.0,2671.0,8904
2025-01-21 12:15:00,2671.0,2675.3,2660.05,2664.65,4752
2025-01-21 13:15:00,2665.75,2666.9,2637.0,2650.1,9243
2025-01-21 14:15:00,2651.9,2653.9,2620.0,2625.0,10872
2025-01-21 15:15:00,2625.0,2639.0,2611.6,2632.0,6781
2025-01-22 09:15:00,2629.3,2640.95,2564.95,2579.95,35353
2025-01-22 10:15:00,2580.55,2599.45,2571.2,2592.4,12130
2025-01-22 11:15:00,2592.55,2594.9,2552.0,2559.0,12171
2025-01-22 12:15:00,2557.0,2564.5,2551.1,2556.85,5534
2025-01-22 13:15:00,2556.4,2595.0,2539.6,2592.95,10166
2025-01-22 14:15:00,2592.0,2621.45,2590.0,2614.0,14293
2025-01-22 15:15:00,2614.0,2615.0,2601.0,2601.0,4817
2025-01-23 09:15:00,2581.35,2684.55,2572.25,2678.1,45838
2025-01-23 10:15:00,2674.05,2692.4,2658.0,2689.65,12396
2025-01-23 11:15:00,2689.25,2722.95,2670.0,2720.0,14452
2025-01-23 12:15:00,2720.0,2722.0,2696.65,2707.0,9330
2025-01-23 13:15:00,2709.85,2713.95,2688.05,2710.6,7405
2025-01-23 14:15:00,2711.75,2714.95,2686.35,2705.05,10861
2025-01-23 15:15:00,2705.0,2721.95,2698.05,2714.9,11891
2025-01-24 09:15:00,2704.95,2707.45,2636.3,2636.6,13957
2025-01-24 10:15:00,2636.35,2654.75,2636.0,2650.4,5296
2025-01-24 11:15:00,2650.7,2679.9,2646.15,2665.45,5778
2025-01-24 12:15:00,2665.85,2667.0,2632.55,2642.4,4854
2025-01-24 13:15:00,2641.0,2645.0,2626.0,2626.05,3846
2025-01-24 14:15:00,2626.2,2629.25,2591.55,2595.6,10224
2025-01-24 15:15:00,2595.55,2596.9,2577.05,2587.8,5221
2025-01-27 09:15:00,2545.15,2549.25,2489.8,2492.6,29793
2025-01-27 10:15:00,2491.6,2515.55,2474.45,2504.75,13824
2025-01-27 11:15:00,2504.75,2507.6,2435.0,2442.7,20721
2025-01-27 12:15:00,2442.9,2452.85,2414.9,2436.35,24784
2025-01-27 13:15:00,2434.55,2436.35,2384.8,2387.95,31762
2025-01-27 14:15:00,2388.55,2402.95,2355.05,2385.15,53737
2025-01-27 15:15:00,2385.1,2419.0,2361.85,2415.0,27483
2025-01-28 09:15:00,2380.0,2438.15,2327.05,2336.1,20248
2025-01-28 10:15:00,2336.25,2352.85,2301.1,2350.6,18841
2025-01-28 11:15:00,2352.0,2406.0,2344.6,2397.75,14075
2025-01-28 12:15:00,2394.85,2419.4,2381.5,2412.9,9905
2025-01-28 13:15:00,2411.05,2441.8,2395.45,2428.85,11347
2025-01-28 14:15:00,2428.85,2464.45,2425.9,2456.3,37181
2025-01-28 15:15:00,2456.0,2459.9,2451.6,2455.0,8213
2025-01-29 09:15:00,2459.85,2515.4,2436.05,2495.0,23961
2025-01-29 10:15:00,2496.85,2509.0,2480.0,2505.35,7323
2025-01-29 11:15:00,2506.2,2508.0,2478.15,2489.0,7139
2025-01-29 12:15:00,2489.0,2494.0,2481.0,2486.85,1992
2025-01-29 13:15:00,2486.75,2495.6,2482.25,2492.15,4687
2025-01-29 14:15:00,2492.5,2507.9,2485.55,2503.0,7040
2025-01-29 15:15:00,2503.0,2510.0,2471.95,2495.0,7101
2025-01-30 09:15:00,2504.85,2528.0,2484.15,2516.05,7220
2025-01-30 10:15:00,2518.95,2524.95,2496.45,2505.95,4170
2025-01-30 11:15:00,2505.95,2514.15,2496.9,2505.6,3541
2025-01-30 12:15:00,2508.4,2535.95,2504.9,2521.1,5367
2025-01-30 13:15:00,2521.6,2533.0,2503.85,2515.5,9385
2025-01-30 14:15:00,2516.95,2528.0,2510.3,2510.3,7572
2025-01-30 15:15:00,2510.15,2515.0,2494.25,2512.15,3035
2025-01-31 09:15:00,2517.0,2554.5,2504.05,2537.8,9923
2025-01-31 10:15:00,2537.9,2562.6,2528.4,2559.95,6134
2025-01-31 11:15:00,2560.0,2566.35,2540.35,2554.95,5850
2025-01-31 12:15:00,2554.95,2620.0,2547.0,2601.7,18517
2025-01-31 13:15:00,2601.65,2671.35,2578.0,2589.9,33859
2025-01-31 14:15:00,2589.9,2595.95,2578.5,2593.7,6096
2025-01-31 15:15:00,2595.0,2599.0,2580.0,2580.0,4419
2025-02-01 09:15:00,2610.0,2616.8,2575.0,2583.7,7155
2025-02-01 10:15:00,2583.85,2599.05,2572.0,2585.4,6623
2025-02-01 11:15:00,2585.7,2599.75,2535.0,2582.95,7207
2025-02-01 12:15:00,2583.4,2593.0,2558.45,2568.0,3457
2025-02-01 13:15:00,2567.95,2609.0,2562.0,2601.7,4742
2025-02-01 14:15:00,2604.3,2607.95,2556.3,2590.75,6007
2025-02-01 15:15:00,2591.25,2591.25,2551.5,2566.0,2808
2025-02-03 09:15:00,2550.05,2584.15,2511.1,2518.0,14971
2025-02-03 10:15:00,2517.0,2526.5,2501.3,2517.25,8386
2025-02-03 11:15:00,2517.7,2529.1,2508.45,2511.75,2136
2025-02-03 12:15:00,2510.05,2522.7,2485.55,2522.7,9137
2025-02-03 13:15:00,2522.0,2560.0,2517.5,2557.35,18816
2025-02-03 14:15:00,2557.35,2565.0,2538.85,2556.75,8555
2025-02-03 15:15:00,2554.05,2572.0,2542.7,2572.0,4117
2025-02-04 09:15:00,2550.75,2649.95,2550.75,2645.55,17879
2025-02-04 10:15:00,2645.0,2657.0,2625.5,2655.2,21563
2025-02-04 11:15:00,2656.15,2669.85,2653.25,2662.0,15324
2025-02-04 12:15:00,2663.75,2669.0,2658.75,2666.2,7814
2025-02-04 13:15:00,2666.15,2675.0,2660.0,2667.8,11364
2025-02-04 14:15:00,2666.35,2679.0,2660.45,2674.5,16000
2025-02-04 15:15:00,2674.3,2694.55,2673.1,2673.1,10969
2025-02-05 09:15:00,2689.95,2749.9,2687.3,2709.15,49098
2025-02-05 10:15:00,2708.9,2745.0,2700.5,2744.0,7580
2025-02-05 11:15:00,2741.35,2750.0,2709.9,2748.2,23713
2025-02-05 12:15:00,2748.2,2766.6,2728.55,2760.6,38443
2025-02-05 13:15:00,2760.65,2763.15,2732.8,2753.05,33890
2025-02-05 14:15:00,2753.3,2768.0,2720.05,2723.25,36017
2025-02-05 15:15:00,2723.3,2750.0,2717.0,2750.0,16032
2025-02-06 09:15:00,2745.0,2782.0,2730.0,2782.0,43335
2025-02-06 10:15:00,2783.9,2795.0,2774.4,2779.4,22016
2025-02-06 11:15:00,2779.4,2783.8,2765.0,2768.4,8476
2025-02-06 12:15:00,2765.15,2779.1,2756.75,2766.85,11106
2025-02-06 13:15:00,2766.8,2770.0,2756.6,2761.95,11472
2025-02-06 14:15:00,2762.15,2776.8,2761.2,2769.7,21002
2025-02-06 15:15:00,2769.05,2790.0,2766.2,2777.0,8550
2025-02-07 09:15:00,2773.95,2785.4,2731.2,2755.6,10262
2025-02-07 10:15:00,2754.15,2762.2,2742.15,2756.75,3866
2025-02-07 11:15:00,2755.3,2760.2,2746.25,2751.3,1877
2025-02-07 12:15:00,2749.1,2753.8,2733.1,2734.0,4260
2025-02-07 13:15:00,2734.0,2752.65,2730.4,2742.7,8717
2025-02-07 14:15:00,2742.1,2754.65,2726.15,2745.5,14493
2025-02-07 15:15:00,2743.6,2750.05,2736.15,2743.5,3717
2025-02-10 09:15:00,2749.95,2757.25,2690.45,2692.85,9180
2025-02-10 10:15:00,2690.75,2705.2,2690.0,2705.2,4198
2025-02-10 11:15:00,2707.15,2721.95,2654.5,2655.05,18129
2025-02-10 12:15:00,2655.1,2675.9,2635.0,2662.45,7537
2025-02-10 13:15:00,2662.45,2702.2,2646.05,2700.0,11394
2025-02-10 14:15:00,2697.6,2709.9,2682.0,2701.75,20477
2025-02-10 15:15:00,2701.6,2715.55,2683.65,2685.0,6134
2025-02-11 09:15:00,2682.4,2684.85,2643.15,2643.15,10221
2025-02-11 10:15:00,2643.0,2662.85,2616.3,2635.0,5628
2025-02-11 11:15:00,2634.95,2638.85,2615.0,2618.8,3405
2025-02-11 12:15:00,2615.35,2617.75,2581.0,2581.0,3258
2025-02-11 13:15:00,2582.3,2603.9,2581.0,2589.25,3554
2025-02-11 14:15:00,2589.75,2600.0,2575.55,2593.0,4187
2025-02-11 15:15:00,2593.0,2593.25,2545.15,2570.0,8196
2025-02-12 09:15:00,2566.1,2575.0,2502.5,2510.0,11016
2025-02-12 10:15:00,2507.3,2568.9,2491.5,2559.9,6748
2025-02-12 11:15:00,2559.0,2602.95,2548.5,2583.5,9467
2025-02-12 12:15:00,2586.15,2609.95,2559.45,2597.05,5330
2025-02-12 13:15:00,2597.0,2598.75,2572.0,2575.0,5604
2025-02-12 14:15:00,2574.85,2600.0,2563.55,2590.1,9500
2025-02-12 15:15:00,2593.75,2602.65,2579.95,2597.35,5904
2025-02-13 09:15:00,2620.05,2674.85,2607.65,2640.05,15247
2025-02-13 10:15:00,2640.1,2647.0,2623.6,2635.15,5131
2025-02-13 11:15:00,2635.8,2659.75,2630.9,2632.3,7569
2025-02-13 12:15:00,2633.05,2664.65,2628.3,2638.25,3788
2025-02-13 13:15:00,2637.65,2640.0,2608.05,2614.75,4632
2025-02-13 14:15:00,2616.2,2646.9,2602.2,2603.95,13389
2025-02-13 15:15:00,2603.95,2612.0,2600.0,2605.0,2885
2025-02-14 09:15:00,2610.0,2619.3,2505.05,2513.85,14644
2025-02-14 10:15:00,2513.0,2518.45,2463.4,2477.25,9871
2025-02-14 11:15:00,2474.9,2486.05,2450.0,2452.5,6932
2025-02-14 12:15:00,2453.1,2460.05,2412.05,2419.55,11205
2025-02-14 13:15:00,2421.35,2432.95,2375.05,2383.9,14151
2025-02-14 14:15:00,2380.9,2479.0,2378.75,2426.0,48470
2025-02-14 15:15:00,2427.05,2432.55,2401.0,2415.0,8985
2025-02-17 09:15:00,2305.05,2392.3,2286.75,2311.05,69345
2025-02-17 10:15:00,2308.75,2364.85,2270.15,2300.85,68587
2025-02-17 11:15:00,2301.0,2324.0,2259.15,2312.45,42625
2025-02-17 12:15:00,2311.7,2338.95,2285.0,2322.0,27483
2025-02-17 13:15:00,2321.55,2365.0,2306.45,2360.0,27594
2025-02-17 14:15:00,2359.95,2375.0,2321.8,2340.35,31600
2025-02-17 15:15:00,2340.65,2342.6,2325.05,2340.0,10527
2025-02-18 09:15:00,2319.95,2376.95,2291.3,2307.95,19341
2025-02-18 10:15:00,2307.0,2309.7,2278.0,2303.4,8849
2025-02-18 11:15:00,2302.5,2359.0,2292.05,2339.45,19156
2025-02-18 12:15:00,2338.1,2374.45,2331.85,2363.3,9264
2025-02-18 13:15:00,2365.0,2380.85,2350.3,2370.4,7424
2025-02-18 14:15:00,2370.4,2435.0,2365.0,2409.1,27814
2025-02-18 15:15:00,2406.8,2413.5,2380.75,2399.7,6154
2025-02-19 09:15:00,2378.8,2462.0,2376.65,2450.0,16573
2025-02-19 10:15:00,2450.9,2464.45,2435.35,2449.05,8808
2025-02-19 11:15:00,2451.2,2468.5,2445.95,2463.0,6273
2025-02-19 12:15:00,2464.95,2469.35,2451.05,2458.05,6546
2025-02-19 13:15:00,2458.3,2470.0,2450.0,2468.6,7331
2025-02-19 14:15:00,2469.9,2474.0,2445.55,2468.0,10516
2025-02-19 15:15:00,2468.0,2472.0,2445.55,2460.4,5796
2025-02-20 09:15:00,2446.45,2509.85,2437.55,2481.85,31129
2025-02-20 10:15:00,2480.55,2495.05,2475.6,2491.05,5505
2025-02-20 11:15:00,2492.7,2500.0,2484.3,2490.95,5486
2025-02-20 12:15:00,2488.85,2516.95,2486.45,2496.65,8808
2025-02-20 13:15:00,2495.2,2504.35,2484.8,2498.15,4553
2025-02-20 14:15:00,2496.0,2516.0,2490.7,2507.2,11185
2025-02-20 15:15:00,2507.8,2525.0,2502.05,2525.0,9597
2025-02-21 09:15:00,2499.0,2565.95,2498.0,2499.1,17693
2025-02-21 10:15:00,2498.0,2507.3,2475.7,2481.3,10515
2025-02-21 11:15:00,2482.15,2507.5,2475.4,2482.45,3559
2025-02-21 12:15:00,2483.8,2494.1,2470.15,2472.4,4275
2025-02-21 13:15:00,2472.7,2472.8,2431.0,2437.15,8544
2025-02-21 14:15:00,2437.15,2456.0,2423.4,2450.1,12021
2025-02-21 15:15:00,2450.05,2450.65,2431.15,2431.15,3957
2025-02-24 09:15:00,2415.0,2424.25,2331.0,2339.55,17891
2025-02-24 10:15:00,2339.55,2349.3,2318.45,2336.4,12876
2025-02-24 11:15:00,2335.2,2367.8,2331.3,2346.8,12123
2025-02-24 12:15:00,2344.85,2350.85,2332.5,2339.65,8638
2025-02-24 13:15:00,2337.25,2344.0,2322.0,2338.5,8048
2025-02-24 14:15:00,2338.0,2352.6,2337.0,2350.3,11330
2025-02-24 15:15:00,2350.65,2362.15,2320.0,2358.9,15867
2025-02-25 09:15:00,2348.35,2399.0,2345.0,2348.15,19022
2025-02-25 10:15:00,2348.0,2358.65,2293.1,2349.05,28049
2025-02-25 11:15:00,2347.4,2373.5,2340.0,2358.2,13847
2025-02-25 12:15:00,2358.2,2385.0,2358.2,2370.05,6335
2025-02-25 13:15:00,2370.0,2385.95,2359.55,2370.15,12943
2025-02-25 14:15:00,2368.75,2375.85,2355.5,2357.45,12410
2025-02-25 15:15:00,2357.0,2358.5,2340.0,2343.95,3549
2025-02-27 09:15:00,2387.1,2465.0,2342.5,2345.15,89214
2025-02-27 10:15:00,2342.75,2363.9,2330.1,2351.0,30129
2025-02-27 11:15:00,2352.3,2353.45,2328.0,2329.5,13508
2025-02-27 12:15:00,2329.5,2337.25,2311.0,2314.2,10222
2025-02-27 13:15:00,2314.2,2338.9,2300.0,2338.9,16752
2025-02-27 14:15:00,2338.9,2380.0,2330.0,2375.0,41597
2025-02-27 15:15:00,2373.65,2378.0,2366.0,2370.0,11688
2025-02-28 09:15:00,2370.3,2370.3,2253.35,2262.3,41739
2025-02-28 10:15:00,2262.35,2285.0,2242.0,2242.7,17995
2025-02-28 11:15:00,2242.05,2251.45,2215.55,2221.35,18031
2025-02-28 12:15:00,2219.75,2228.6,2196.4,2204.75,21981
2025-02-28 13:15:00,2204.7,2212.35,2178.1,2192.95,16525
2025-02-28 14:15:00,2192.95,2235.0,2165.0,2222.0,82113
2025-02-28 15:15:00,2223.6,2233.95,2212.0,2231.0,21067
2025-03-03 09:15:00,2215.35,2231.4,2135.0,2136.0,26096
2025-03-03 10:15:00,2137.95,2158.0,2115.1,2121.85,19364
2025-03-03 11:15:00,2121.2,2121.55,2090.6,2104.2,25130
2025-03-03 12:15:00,2102.35,2148.4,2097.5,2144.85,23424
2025-03-03 13:15:00,2144.85,2154.4,2124.15,2146.85,10400
2025-03-03 14:15:00,2146.95,2159.35,2137.7,2148.85,8871
2025-03-03 15:15:00,2147.6,2182.05,2139.05,2150.0,4969
2025-03-04 09:15:00,2101.0,2216.65,2061.05,2208.05,58160
2025-03-04 10:15:00,2210.0,2234.65,2197.65,2232.0,15432
2025-03-04 11:15:00,2231.85,2247.2,2227.4,2231.8,10325
2025-03-04 12:15:00,2231.8,2242.0,2219.45,2229.8,19291
2025-03-04 13:15:00,2229.8,2257.0,2224.8,2243.2,17333
2025-03-04 14:15:00,2243.25,2257.0,2232.8,2235.0,19230
2025-03-04 15:15:00,2235.0,2239.9,2231.0,2239.05,8260
2025-03-05 09:15:00,2236.35,2365.45,2212.75,2333.25,48867
2025-03-05 10:15:00,2331.85,2356.85,2308.9,2319.15,20138
2025-03-05 11:15:00,2318.75,2347.0,2306.85,2329.7,18084
2025-03-05 12:15:00,2329.7,2336.4,2323.35,2327.4,4225
2025-03-05 13:15:00,2330.8,2339.15,2314.25,2324.3,7008
2025-03-05 14:15:00,2324.65,2329.0,2315.0,2321.9,8085
2025-03-05 15:15:00,2323.4,2326.0,2305.65,2313.7,4351
2025-03-06 09:15:00,2332.55,2380.0,2309.2,2332.55,18250
2025-03-06 10:15:00,2332.6,2355.2,2315.9,2327.5,16918
2025-03-06 11:15:00,2330.5,2340.0,2306.0,2316.2,12577
2025-03-06 12:15:00,2316.55,2359.9,2313.6,2356.4,13318
2025-03-06 13:15:00,2356.2,2390.1,2352.75,2374.0,157751
2025-03-06 14:15:00,2375.8,2414.9,2372.1,2394.55,24968
2025-03-06 15:15:00,2394.45,2399.95,2361.5,2389.15,14866
2025-03-07 09:15:00,2388.0,2459.0,2388.0,2433.05,57235
2025-03-07 10:15:00,2432.65,2444.55,2392.2,2395.05,14680
2025-03-07 11:15:00,2396.5,2397.95,2370.85,2376.35,8954
2025-03-07 12:15:00,2374.85,2383.95,2355.5,2359.8,9576
2025-03-07 13:15:00,2359.8,2374.7,2357.45,2370.0,18686
2025-03-07 14:15:00,2370.0,2415.5,2368.55,2411.0,40949
2025-03-07 15:15:00,2412.0,2414.75,2403.85,2410.85,8283
2025-03-10 09:15:00,2415.0,2480.0,2415.0,2425.9,51710
2025-03-10 10:15:00,2425.0,2446.8,2377.0,2381.85,32394
2025-03-10 11:15:00,2379.4,2385.85,2325.85,2328.65,12735
2025-03-10 12:15:00,2328.6,2369.5,2315.75,2351.55,12023
2025-03-10 13:15:00,2353.3,2374.5,2348.65,2370.0,28808
2025-03-10 14:15:00,2370.0,2414.95,2364.1,2404.25,30182
2025-03-10 15:15:00,2404.25,2416.0,2378.5,2416.0,20470
2025-03-11 09:15:00,2390.0,2390.0,2301.3,2343.05,28128
2025-03-11 10:15:00,2340.65,2386.7,2321.0,2367.6,11903
2025-03-11 11:15:00,2366.05,2368.6,2343.75,2366.25,16189
2025-03-11 12:15:00,2367.8,2432.65,2360.2,2403.65,48257
2025-03-11 13:15:00,2401.35,2426.5,2396.7,2401.45,17840
2025-03-11 14:15:00,2401.2,2414.35,2353.35,2376.6,32452
2025-03-11 15:15:00,2377.05,2405.0,2349.05,2400.0,26111
2025-03-12 09:15:00,2375.0,2397.6,2323.2,2328.05,15520
2025-03-12 10:15:00,2326.55,2358.0,2314.55,2352.85,9635
2025-03-12 11:15:00,2352.8,2357.95,2323.0,2346.75,16716
2025-03-12 12:15:00,2346.85,2353.6,2335.25,2340.0,6873
2025-03-12 13:15:00,2340.9,2353.1,2327.4,2335.6,9891
2025-03-12 14:15:00,2335.7,2335.7,2312.0,2312.0,8105
2025-03-12 15:15:00,2312.05,2341.45,2298.1,2341.05,13835
2025-03-13 09:15:00,2331.85,2347.85,2280.0,2285.55,23487
2025-03-13 10:15:00,2285.55,2293.55,2255.95,2263.5,22977
2025-03-13 11:15:00,2262.3,2263.7,2236.9,2251.25,16577
2025-03-13 12:15:00,2251.05,2261.8,2243.4,2249.4,10277
2025-03-13 13:15:00,2249.85,2260.0,2245.0,2254.6,27373
2025-03-13 14:15:00,2254.6,2255.9,2221.0,2250.0,27111
2025-03-13 15:15:00,2250.1,2260.0,2242.2,2255.0,13932
2025-03-17 09:15:00,2270.05,2281.0,2227.5,2231.35,16916
2025-03-17 10:15:00,2230.35,2249.95,2205.15,2210.0,27241
2025-03-17 11:15:00,2210.5,2214.5,2193.0,2197.55,7685
2025-03-17 12:15:00,2197.55,2197.65,2155.15,2157.95,20246
2025-03-17 13:15:00,2158.8,2176.2,2152.15,2158.6,38096
2025-03-17 14:15:00,2156.35,2158.7,2120.4,2122.45,41629
2025-03-17 15:15:00,2123.3,2128.45,2088.0,2104.15,47015
2025-03-18 09:15:00,2122.95,2318.45,2116.25,2314.4,476258
2025-03-18 10:15:00,2314.4,2418.05,2308.05,2401.0,1241085
2025-03-18 11:15:00,2402.85,2429.95,2380.0,2413.75,744330
2025-03-18 12:15:00,2413.0,2512.2,2391.85,2502.75,854324
2025-03-18 13:15:00,2505.0,2511.0,2481.0,2491.85,439148
2025-03-18 14:15:00,2491.85,2520.0,2403.3,2449.0,691951
2025-03-18 15:15:00,2449.0,2488.4,2380.7,2381.9,170970
2025-03-19 09:15:00,2355.3,2370.0,2282.1,2312.65,479541
2025-03-19 10:15:00,2312.6,2335.65,2301.15,2331.9,119760
2025-03-19 11:15:00,2332.4,2363.35,2322.35,2339.85,144701
2025-03-19 12:15:00,2339.85,2354.65,2328.0,2339.75,64921
2025-03-19 13:15:00,2339.4,2347.45,2312.05,2322.15,55063
2025-03-19 14:15:00,2323.85,2340.0,2317.0,2323.25,75780
2025-03-19 15:15:00,2322.95,2327.65,2306.0,2308.0,46263
2025-03-20 09:15:00,2325.1,2398.0,2310.05,2335.0,165437
2025-03-20 10:15:00,2336.35,2353.7,2330.0,2344.7,34816
2025-03-20 11:15:00,2345.75,2350.0,2326.05,2336.45,48400
2025-03-20 12:15:00,2336.65,2351.9,2333.1,2341.45,17492
2025-03-20 13:15:00,2340.45,2354.7,2332.1,2340.0,19461
2025-03-20 14:15:00,2340.0,2349.25,2330.35,2340.05,26072
2025-03-20 15:15:00,2340.05,2342.1,2335.0,2335.0,33572
2025-03-21 09:15:00,2334.9,2368.25,2300.95,2343.1,55176
2025-03-21 10:15:00,2343.6,2354.7,2331.6,2341.3,26562
2025-03-21 11:15:00,2340.3,2349.95,2330.35,2345.1,14991
2025-03-21 12:15:00,2345.1,2351.85,2338.0,2340.0,9875
2025-03-21 13:15:00,2340.0,2353.55,2325.05,2351.0,22800
2025-03-21 14:15:00,2350.95,2364.5,2326.5,2332.0,32443
2025-03-21 15:15:00,2332.05,2332.35,2315.0,2329.0,17687
2025-03-24 09:15:00,2335.05,2365.75,2300.0,2320.05,35562
2025-03-24 10:15:00,2317.9,2325.15,2313.5,2316.15,10905
2025-03-24 11:15:00,2317.0,2318.65,2303.5,2305.4,10212
2025-03-24 12:15:00,2304.05,2324.15,2302.0,2321.95,11684
2025-03-24 13:15:00,2321.2,2321.85,2269.15,2308.05,69256
2025-03-24 14:15:00,2308.05,2311.5,2278.1,2280.15,49025
2025-03-24 15:15:00,2280.15,2299.9,2271.0,2282.0,22451
2025-03-25 09:15:00,2300.3,2330.0,2289.95,2292.7,55364
2025-03-25 10:15:00,2291.5,2300.55,2276.55,2285.35,16750
2025-03-25 11:15:00,2287.85,2309.0,2280.55,2300.2,16592
2025-03-25 12:15:00,2301.15,2306.45,2296.05,2302.05,4933
2025-03-25 13:15:00,2303.65,2314.9,2296.1,2309.2,11211
2025-03-25 14:15:00,2311.4,2314.9,2283.05,2285.9,24558
2025-03-25 15:15:00,2286.65,2290.1,2258.15,2269.0,22854
2025-03-26 09:15:00,2289.05,2295.8,2242.6,2258.45,37203
2025-03-26 10:15:00,2258.55,2262.95,2243.05,2243.4,16350
2025-03-26 11:15:00,2245.5,2297.85,2241.5,2293.2,24839
2025-03-26 12:15:00,2293.2,2297.0,2270.0,2274.25,16996
2025-03-26 13:15:00,2275.5,2276.6,2260.0,2267.4,10974
2025-03-26 14:15:00,2267.4,2267.4,2242.3,2244.15,14663
2025-03-26 15:15:00,2243.95,2248.2,2236.7,2243.85,8728
2025-03-27 09:15:00,2225.0,2246.95,2209.55,2221.1,28259
2025-03-27 10:15:00,2220.25,2226.8,2212.15,2216.2,14487
2025-03-27 11:15:00,2216.15,2220.25,2205.0,2211.0,13590
2025-03-27 12:15:00,2211.05,2219.0,2181.5,2181.5,27058
2025-03-27 13:15:00,2182.0,2189.15,2162.85,2164.6,29557
2025-03-27 14:15:00,2164.6,2175.7,2158.45,2164.0,28145
2025-03-27 15:15:00,2163.1,2169.5,2155.0,2167.0,19655
2025-03-28 09:15:00,2189.8,2199.0,2160.45,2174.0,32124
2025-03-28 10:15:00,2174.0,2184.1,2170.0,2172.0,11449
2025-03-28 11:15:00,2172.0,2173.25,2151.0,2153.05,11651
2025-03-28 12:15:00,2151.85,2157.0,2139.6,2149.5,22650
2025-03-28 13:15:00,2148.9,2152.8,2140.0,2147.1,9829
2025-03-28 14:15:00,2147.05,2188.0,2144.4,2185.7,31564
2025-03-28 15:15:00,2185.45,2197.8,2162.0,2170.0,18656
2025-04-01 09:15:00,2180.0,2191.5,2150.85,2182.15,21530
2025-04-01 10:15:00,2184.35,2200.0,2165.7,2166.95,13424
2025-04-01 11:15:00,2166.95,2172.8,2158.05,2164.45,3731
2025-04-01 12:15:00,2166.3,2187.1,2166.3,2185.05,6083
2025-04-01 13:15:00,2186.05,2186.7,2164.55,2167.3,8245
2025-04-01 14:15:00,2168.15,2168.15,2111.0,2115.9,30519
2025-04-01 15:15:00,2117.85,2133.7,2113.0,2132.0,9355
2025-04-02 09:15:00,2140.0,2143.4,2102.1,2114.15,18901
2025-04-02 10:15:00,2113.15,2137.85,2113.0,2131.25,8923
2025-04-02 11:15:00,2131.3,2178.85,2126.05,2167.7,18165
2025-04-02 12:15:00,2167.45,2179.7,2160.35,2177.0,15524
2025-04-02 13:15:00,2177.0,2187.9,2160.35,2163.5,9023
2025-04-02 14:15:00,2163.5,2188.8,2162.05,2181.3,12292
2025-04-02 15:15:00,2181.3,2196.45,2180.0,2191.9,7989
2025-04-03 09:15:00,2160.0,2166.1,2111.1,2130.6,37839
2025-04-03 10:15:00,2130.55,2156.1,2123.15,2138.85,9535
2025-04-03 11:15:00,2140.0,2163.0,2135.35,2159.05,12101
2025-04-03 12:15:00,2160.0,2173.2,2157.65,2167.6,9734
2025-04-03 13:15:00,2166.9,2194.0,2164.65,2181.55,12176
2025-04-03 14:15:00,2182.0,2189.8,2177.5,2181.05,9473
2025-04-03 15:15:00,2181.0,2185.0,2165.0,2172.0,7237
2025-04-04 09:15:00,2166.5,2168.35,2107.0,2110.9,25314
2025-04-04 10:15:00,2109.3,2114.95,2089.0,2100.35,18676
2025-04-04 11:15:00,2102.55,2139.95,2092.4,2131.4,19005
2025-04-04 12:15:00,2131.4,2135.0,2124.2,2133.4,6689
2025-04-04 13:15:00,2133.65,2135.0,2111.1,2111.1,7193
2025-04-04 14:15:00,2111.1,2114.0,2093.25,2094.9,15421
2025-04-04 15:15:00,2093.45,2100.0,2088.0,2097.6,7641
2025-04-07 09:15:00,1950.0,1976.5,1887.0,1915.0,49182
2025-04-07 10:15:00,1915.0,1940.0,1906.5,1936.85,17084
2025-04-07 11:15:00,1937.5,1970.0,1920.35,1932.0,127322
2025-04-07 12:15:00,1932.85,1955.0,1930.0,1940.4,27792
2025-04-07 13:15:00,1940.45,1955.0,1940.3,1947.6,9437
2025-04-07 14:15:00,1947.65,1961.95,1930.0,1940.0,42494
2025-04-07 15:15:00,1939.0,2049.0,1931.3,2049.0,47855
2025-04-08 09:15:00,2050.0,2050.0,1993.6,1998.35,43000
2025-04-08 10:15:00,2000.0,2005.0,1984.45,1995.0,18238
2025-04-08 11:15:00,1994.85,2004.25,1992.6,2000.0,11046
2025-04-08 12:15:00,2001.05,2005.8,1995.95,1999.75,14859
2025-04-08 13:15:00,1999.75,2001.95,1962.85,1977.15,21622
2025-04-08 14:15:00,1977.15,1982.1,1945.0,1967.55,40665
2025-04-08 15:15:00,1967.5,2003.95,1967.5,1986.5,13197
2025-04-09 09:15:00,1974.0,1985.35,1952.05,1979.8,21892
2025-04-09 10:15:00,1979.8,2006.0,1978.5,1996.85,21683
2025-04-09 11:15:00,1996.05,2052.4,1996.05,2051.0,29525
2025-04-09 12:15:00,2050.5,2197.95,2050.2,2185.0,623704
2025-04-09 13:15:00,2185.0,2247.7,2169.5,2237.55,1380917
2025-04-09 14:15:00,2236.3,2278.0,2082.2,2120.05,2606145
2025-04-09 15:15:00,2121.8,2168.8,2034.05,2053.8,439428
2025-04-11 09:15:00,2127.0,2266.7,2103.05,2152.15,1505012
2025-04-11 10:15:00,2152.0,2157.65,2116.15,2157.15,296052
2025-04-11 11:15:00,2156.0,2196.0,2141.2,2171.3,431743
2025-04-11 12:15:00,2171.35,2222.9,2158.2,2202.9,383304
2025-04-11 13:15:00,2202.85,2216.0,2170.0,2181.9,323277
2025-04-11 14:15:00,2183.0,2208.7,2160.5,2183.9,284002
2025-04-11 15:15:00,2185.05,2225.0,2183.0,2210.0,131699
2025-04-15 09:15:00,2219.9,2299.0,2205.0,2297.2,196439
2025-04-15 10:15:00,2298.1,2322.0,2284.9,2306.0,102943
2025-04-15 11:15:00,2306.0,2322.5,2300.6,2321.2,56730
2025-04-15 12:15:00,2321.6,2322.0,2300.3,2308.5,33046
2025-04-15 13:15:00,2309.8,2315.9,2300.1,2308.8,37374
2025-04-15 14:15:00,2308.9,2340.0,2303.4,2337.0,78721
2025-04-15 15:15:00,2337.7,2363.3,2325.0,2327.0,71956
2025-04-16 09:15:00,2320.0,2356.8,2305.1,2315.0,93813
2025-04-16 10:15:00,2314.8,2332.2,2301.5,2331.3,39266
2025-04-16 11:15:00,2329.4,2345.0,2325.3,2333.9,34360
2025-04-16 12:15:00,2333.9,2342.0,2318.0,2330.3,20605
2025-04-16 13:15:00,2330.2,2335.0,2318.6,2331.0,17415
2025-04-16 14:15:00,2331.8,2351.5,2323.2,2332.0,47697
2025-04-16 15:15:00,2333.8,2338.5,2318.0,2328.1,20268
2025-04-17 09:15:00,2305.3,2345.0,2296.3,2323.3,72881
2025-04-17 10:15:00,2323.5,2364.0,2323.5,2351.0,32560
2025-04-17 11:15:00,2352.7,2360.5,2347.3,2358.4,20464
2025-04-17 12:15:00,2358.0,2365.7,2351.1,2360.8,21133
2025-04-17 13:15:00,2361.0,2364.5,2350.7,2351.7,18877
2025-04-17 14:15:00,2351.6,2351.8,2317.8,2336.3,48117
2025-04-17 15:15:00,2336.4,2339.3,2317.0,2324.1,18417
2025-04-21 09:15:00,2319.4,2359.8,2292.1,2308.5,103166
2025-04-21 10:15:00,2308.0,2326.5,2307.3,2313.1,28384
2025-04-21 11:15:00,2313.1,2338.7,2310.1,2333.1,18958
2025-04-21 12:15:00,2332.3,2337.1,2321.6,2323.8,26765
2025-04-21 13:15:00,2323.4,2325.3,2302.9,2306.9,16313
2025-04-21 14:15:00,2307.0,2326.9,2307.0,2316.5,21772
2025-04-21 15:15:00,2316.5,2317.7,2304.0,2310.0,16681
2025-04-22 09:15:00,2312.3,2317.9,2285.6,2294.1,45224
2025-04-22 10:15:00,2293.8,2302.8,2290.1,2295.5,6687
2025-04-22 11:15:00,2295.5,2301.0,2283.7,2287.1,11814
2025-04-22 12:15:00,2287.1,2291.7,2275.0,2277.0,14986
2025-04-22 13:15:00,2277.0,2281.2,2276.1,2279.8,8035
2025-04-22 14:15:00,2279.8,2293.4,2232.6,2247.9,41720
2025-04-22 15:15:00,2247.8,2253.0,2232.2,2239.9,21280
2025-04-23 09:15:00,2273.0,2305.6,2235.0,2236.2,78355
2025-04-23 10:15:00,2236.0,2264.7,2222.0,2257.0,31435
2025-04-23 11:15:00,2258.2,2280.0,2251.8,2258.1,33235
2025-04-23 12:15:00,2259.7,2269.9,2240.0,2246.1,19492
2025-04-23 13:15:00,2245.8,2253.4,2229.7,2241.7,24343
2025-04-23 14:15:00,2241.7,2243.5,2212.7,2216.4,46978
2025-04-23 15:15:00,2216.4,2219.8,2204.0,2218.0,38200
2025-04-24 09:15:00,2234.4,2253.7,2220.0,2232.1,57169
2025-04-24 10:15:00,2232.2,2247.0,2226.4,2235.3,20088
2025-04-24 11:15:00,2235.3,2243.8,2225.3,2235.0,14064
2025-04-24 12:15:00,2235.2,2237.3,2225.7,2228.7,9742
2025-04-24 13:15:00,2229.5,2230.2,2200.4,2202.1,22656
2025-04-24 14:15:00,2202.4,2213.1,2190.9,2193.1,25381
2025-04-24 15:15:00,2193.1,2210.0,2190.7,2206.0,12242
2025-04-25 09:15:00,2210.0,2225.0,2127.9,2145.7,55648
2025-04-25 10:15:00,2147.2,2151.0,2102.5,2109.1,39932
2025-04-25 11:15:00,2109.1,2115.9,2093.8,2112.9,25897
2025-04-25 12:15:00,2112.5,2158.8,2109.4,2154.6,53144
2025-04-25 13:15:00,2155.2,2168.3,2154.4,2160.0,23048
2025-04-25 14:15:00,2160.1,2192.7,2158.0,2168.9,26926
2025-04-25 15:15:00,2170.0,2183.0,2152.7,2162.0,17189
2025-04-28 09:15:00,2161.9,2176.6,2120.1,2144.4,52563
2025-04-28 10:15:00,2145.0,2161.7,2125.1,2150.5,25863
2025-04-28 11:15:00,2150.7,2154.0,2140.0,2140.6,9108
2025-04-28 12:15:00,2140.5,2145.0,2127.7,2136.9,25134
2025-04-28 13:15:00,2137.8,2142.8,2136.0,2136.3,8792
2025-04-28 14:15:00,2136.3,2143.9,2113.1,2133.4,33318
2025-04-28 15:15:00,2133.4,2140.0,2133.0,2133.0,9041
2025-04-29 09:15:00,2157.9,2168.6,2115.4,2120.1,34896
2025-04-29 10:15:00,2120.0,2131.0,2112.0,2125.0,14771
2025-04-29 11:15:00,2125.6,2132.4,2118.1,2120.1,7788
2025-04-29 12:15:00,2119.0,2125.0,2114.0,2118.1,7850
2025-04-29 13:15:00,2118.1,2145.0,2107.7,2129.0,34534
2025-04-29 14:15:00,2129.0,2142.8,2125.1,2130.5,14121
2025-04-29 15:15:00,2131.5,2140.0,2130.0,2130.0,7967
2025-04-30 09:15:00,2143.0,2144.0,2105.0,2138.3,31756
2025-04-30 10:15:00,2139.9,2159.0,2113.9,2117.2,30475
2025-04-30 11:15:00,2117.2,2126.9,2105.1,2119.1,15985
2025-04-30 12:15:00,2119.1,2121.8,2108.0,2111.6,10779
2025-04-30 13:15:00,2111.6,2115.1,2095.3,2097.2,14630
2025-04-30 14:15:00,2095.7,2099.3,2078.1,2087.4,31162
2025-04-30 15:15:00,2087.4,2098.9,2080.9,2096.0,25976
2025-05-02 09:15:00,2090.0,2135.0,2074.3,2116.9,37979
2025-05-02 10:15:00,2116.9,2120.7,2106.1,2113.4,15379
2025-05-02 11:15:00,2113.4,2114.4,2085.4,2091.6,8924
2025-05-02 12:15:00,2092.3,2100.0,2075.2,2082.0,11051
2025-05-02 13:15:00,2082.2,2090.0,2077.0,2080.9,11724
2025-05-02 14:15:00,2080.1,2087.0,2070.0,2078.0,15022
2025-05-02 15:15:00,2078.9,2083.2,2070.0,2070.0,9395
2025-05-05 09:15:00,2080.0,2099.0,2066.8,2092.1,32501
2025-05-05 10:15:00,2092.8,2098.9,2088.1,2091.4,7305
2025-05-05 11:15:00,2091.5,2093.1,2081.0,2085.8,10867
2025-05-05 12:15:00,2086.8,2087.9,2075.5,2078.6,10929
2025-05-05 13:15:00,2079.4,2083.3,2077.0,2082.0,4173
2025-05-05 14:15:00,2083.0,2097.1,2073.5,2086.3,12758
2025-05-05 15:15:00,2086.2,2095.6,2072.1,2087.4,16920
2025-05-06 09:15:00,2096.5,2127.2,2075.2,2095.4,36466
2025-05-06 10:15:00,2095.4,2108.7,2088.0,2094.9,20908
2025-05-06 11:15:00,2094.9,2097.1,2077.6,2084.5,9679
2025-05-06 12:15:00,2084.9,2091.7,2078.0,2088.0,6996
2025-05-06 13:15:00,2087.5,2092.0,2067.5,2070.6,8999
2025-05-06 14:15:00,2070.7,2071.4,2037.8,2042.7,38787
2025-05-06 15:15:00,2042.7,2048.1,2030.0,2038.9,9631
2025-05-07 09:15:00,2029.4,2060.4,2025.1,2050.0,36419
2025-05-07 10:15:00,2049.9,2071.0,2036.1,2070.9,12191
2025-05-07 11:15:00,2070.9,2091.0,2069.0,2080.7,14606
2025-05-07 12:15:00,2082.9,2085.8,2068.1,2073.7,9944
2025-05-07 13:15:00,2073.5,2076.8,2046.4,2057.9,17701
2025-05-07 14:15:00,2057.9,2099.0,2041.5,2093.8,28521
2025-05-07 15:15:00,2094.2,2110.0,2092.9,2100.0,28563
2025-05-08 09:15:00,2098.4,2174.9,2091.0,2172.8,93473
2025-05-08 10:15:00,2171.3,2215.7,2160.0,2205.1,109318
2025-05-08 11:15:00,2203.7,2223.0,2202.3,2211.9,52006
2025-05-08 12:15:00,2211.3,2214.5,2180.0,2188.9,44537
2025-05-08 13:15:00,2189.0,2189.5,2159.4,2165.9,48172
2025-05-08 14:15:00,2166.1,2179.8,2132.6,2133.6,52339
2025-05-08 15:15:00,2135.2,2148.7,2125.0,2133.0,17032
2025-05-09 09:15:00,2105.0,2138.2,2088.0,2113.9,36483
2025-05-09 10:15:00,2113.5,2132.7,2095.8,2126.0,14106
2025-05-09 11:15:00,2125.2,2142.3,2125.2,2137.0,14057
2025-05-09 12:15:00,2138.4,2140.3,2131.1,2133.2,6152
2025-05-09 13:15:00,2133.2,2138.9,2129.3,2138.0,7037
2025-05-09 14:15:00,2138.0,2148.4,2124.7,2135.7,15670
2025-05-09 15:15:00,2137.0,2141.3,2120.0,2129.9,8636
2025-05-12 09:15:00,2175.0,2249.7,2175.0,2237.0,63620
2025-05-12 10:15:00,2237.0,2241.9,2211.0,2228.4,24982
2025-05-12 11:15:00,2228.7,2242.6,2226.3,2237.1,9635
2025-05-12 12:15:00,2238.0,2274.0,2234.7,2266.1,27652
2025-05-12 13:15:00,2266.1,2283.3,2254.5,2262.9,26845
2025-05-12 14:15:00,2263.4,2265.8,2243.6,2260.0,23289
2025-05-12 15:15:00,2260.0,2275.4,2252.0,2256.5,17348
2025-05-13 09:15:00,2258.9,2287.4,2247.0,2283.1,27813
2025-05-13 10:15:00,2283.0,2291.0,2272.0,2288.0,12967
2025-05-13 11:15:00,2288.0,2289.8,2265.8,2270.1,6578
2025-05-13 12:15:00,2270.1,2277.5,2263.6,2272.0,7100
2025-05-13 13:15:00,2271.9,2272.0,2249.3,2256.1,5951
2025-05-13 14:15:00,2256.0,2260.0,2239.6,2246.8,17056
2025-05-13 15:15:00,2246.6,2266.0,2246.3,2260.0,9981
2025-05-14 09:15:00,2273.8,2337.5,2264.5,2321.3,91913
2025-05-14 10:15:00,2320.0,2345.9,2313.5,2344.9,46955
2025-05-14 11:15:00,2344.9,2353.9,2322.6,2331.3,36965
2025-05-14 12:15:00,2331.0,2337.0,2311.0,2326.1,16450
2025-05-14 13:15:00,2326.1,2329.3,2309.2,2319.4,13570
2025-05-14 14:15:00,2319.8,2325.0,2308.7,2317.7,15949
2025-05-14 15:15:00,2317.7,2334.6,2302.0,2317.9,12221
2025-05-15 09:15:00,2335.5,2351.0,2326.0,2340.0,27133
2025-05-15 10:15:00,2340.5,2345.0,2323.9,2332.0,11966
2025-05-15 11:15:00,2332.0,2338.0,2324.0,2327.9,4270
2025-05-15 12:15:00,2326.9,2334.7,2319.6,2334.7,11182
2025-05-15 13:15:00,2334.7,2348.0,2326.5,2338.6,13618
2025-05-15 14:15:00,2336.6,2340.0,2325.0,2325.8,16126
2025-05-15 15:15:00,2327.6,2332.8,2325.0,2331.7,6388
2025-05-16 09:15:00,2348.2,2359.0,2336.1,2346.7,22974
2025-05-16 10:15:00,2346.7,2352.0,2340.8,2348.1,9013
2025-05-16 11:15:00,2350.5,2352.0,2337.1,2345.8,7297
2025-05-16 12:15:00,2345.9,2349.0,2340.0,2347.2,6512
2025-05-16 13:15:00,2348.1,2351.9,2346.7,2347.6,9421
2025-05-16 14:15:00,2347.6,2351.9,2342.9,2343.1,7950
2025-05-16 15:15:00,2343.1,2347.1,2332.6,2335.0,5002
2025-05-19 09:15:00,2343.5,2354.8,2310.2,2326.4,24526
2025-05-19 10:15:00,2327.4,2354.0,2326.6,2341.9,16951
2025-05-19 11:15:00,2343.9,2345.0,2334.5,2340.3,5147
2025-05-19 12:15:00,2340.3,2354.7,2336.1,2336.1,8829
2025-05-19 13:15:00,2336.1,2341.8,2323.7,2325.2,4408
2025-05-19 14:15:00,2325.2,2336.9,2321.6,2322.0,7521
2025-05-19 15:15:00,2323.4,2329.8,2314.9,2315.0,6972
2025-05-20 09:15:00,2322.8,2397.3,2322.7,2363.0,96978
2025-05-20 10:15:00,2364.8,2369.6,2352.7,2361.9,16318
2025-05-20 11:15:00,2361.8,2385.0,2344.1,2381.3,21027
2025-05-20 12:15:00,2381.3,2388.0,2351.3,2355.0,17038
2025-05-20 13:15:00,2357.9,2375.1,2336.4,2348.6,29237
2025-05-20 14:15:00,2346.3,2356.0,2325.0,2329.6,26476
2025-05-20 15:15:00,2329.6,2334.4,2320.0,2327.0,11190
2025-05-21 09:15:00,2324.9,2358.9,2318.5,2353.9,28253
2025-05-21 10:15:00,2352.0,2359.0,2331.2,2341.1,10185
2025-05-21 11:15:00,2342.3,2345.0,2296.0,2300.8,11999
2025-05-21 12:15:00,2300.9,2314.2,2294.5,2311.1,8405
2025-05-21 13:15:00,2312.0,2319.8,2303.2,2307.3,6625
2025-05-21 14:15:00,2307.2,2325.0,2300.5,2321.9,8823
2025-05-21 15:15:00,2321.9,2323.0,2305.0,2314.4,5761
2025-05-22 09:15:00,2307.1,2327.1,2300.0,2316.0,14377
2025-05-22 10:15:00,2316.0,2323.9,2304.0,2305.6,6213
2025-05-22 11:15:00,2305.6,2316.0,2304.0,2311.7,1906
2025-05-22 12:15:00,2311.7,2322.0,2311.0,2317.0,5482
2025-05-22 13:15:00,2315.8,2325.0,2313.6,2319.7,3741
2025-05-22 14:15:00,2317.4,2323.0,2303.3,2322.0,7509
2025-05-22 15:15:00,2321.9,2323.7,2314.0,2318.0,4636
2025-05-23 09:15:00,2320.1,2382.0,2308.5,2367.5,23235
2025-05-23 10:15:00,2367.7,2371.0,2350.8,2352.9,10415
2025-05-23 11:15:00,2353.0,2353.8,2339.1,2340.0,5571
2025-05-23 12:15:00,2340.0,2347.1,2336.9,2346.3,3462
2025-05-23 13:15:00,2346.3,2346.3,2333.5,2337.1,2904
2025-05-23 14:15:00,2337.8,2343.0,2331.0,2334.9,4266
2025-05-23 15:15:00,2334.4,2340.0,2327.1,2333.0,6400
2025-05-26 09:15:00,2335.0,2356.4,2325.1,2344.6,11608
2025-05-26 10:15:00,2344.9,2345.0,2331.7,2331.7,5267
2025-05-26 11:15:00,2331.7,2347.3,2328.6,2346.4,5753
2025-05-26 12:15:00,2346.6,2355.0,2332.2,2344.0,9397
2025-05-26 13:15:00,2344.0,2344.0,2336.0,2336.5,4616
2025-05-26 14:15:00,2336.5,2336.5,2320.1,2324.5,10098
2025-05-26 15:15:00,2324.9,2324.9,2312.5,2321.8,6282
2025-05-27 09:15:00,2330.6,2348.7,2310.0,2325.8,9406
2025-05-27 10:15:00,2326.4,2338.0,2318.3,2326.2,4790
2025-05-27 11:15:00,2326.1,2328.2,2321.8,2322.1,2847
2025-05-27 12:15:00,2323.9,2325.0,2311.6,2312.7,5413
2025-05-27 13:15:00,2312.7,2315.0,2299.0,2301.6,9755
2025-05-27 14:15:00,2302.9,2304.0,2293.4,2301.5,9652
2025-05-27 15:15:00,2301.9,2305.7,2295.6,2298.0,7360
2025-05-28 09:15:00,2303.0,2311.5,2293.0,2303.6,17305
2025-05-28 10:15:00,2303.6,2314.0,2281.6,2287.3,7996
2025-05-28 11:15:00,2288.6,2305.8,2288.6,2304.9,7832
2025-05-28 12:15:00,2304.8,2311.8,2299.0,2305.0,3671
2025-05-28 13:15:00,2305.0,2306.4,2286.3,2290.4,4652
2025-05-28 14:15:00,2289.6,2291.6,2224.8,2262.8,93469
2025-05-28 15:15:00,2262.8,2280.0,2258.4,2275.8,13388
2025-05-29 09:15:00,2275.8,2356.0,2275.1,2343.3,107958
2025-05-29 10:15:00,2343.2,2379.0,2306.2,2322.8,111831
2025-05-29 11:15:00,2320.0,2323.9,2309.7,2313.2,16312
2025-05-29 12:15:00,2314.8,2328.0,2300.1,2316.0,16413
2025-05-29 13:15:00,2317.9,2324.9,2311.1,2312.0,5341
2025-05-29 14:15:00,2311.9,2328.8,2295.0,2310.5,24648
2025-05-29 15:15:00,2310.3,2317.4,2295.0,2310.0,16056
2025-05-30 09:15:00,2317.0,2320.0,2296.4,2313.6,18720
2025-05-30 10:15:00,2312.7,2313.8,2298.0,2309.4,7346
2025-05-30 11:15:00,2310.0,2318.0,2308.3,2317.0,3511
2025-05-30 12:15:00,2317.0,2325.0,2312.4,2321.0,5264
2025-05-30 13:15:00,2322.0,2329.7,2319.0,2324.0,4712
2025-05-30 14:15:00,2324.0,2332.5,2317.0,2329.0,17162
2025-05-30 15:15:00,2329.1,2331.9,2320.3,2325.0,10100
2025-06-02 09:15:00,2338.6,2341.8,2296.0,2299.5,26284
2025-06-02 10:15:00,2299.5,2302.8,2288.1,2295.0,5570
2025-06-02 11:15:00,2295.0,2300.0,2292.0,2298.0,4538
2025-06-02 12:15:00,2298.0,2299.4,2288.1,2291.0,4655
2025-06-02 13:15:00,2291.0,2297.1,2289.5,2290.7,3276
2025-06-02 14:15:00,2292.0,2302.2,2288.0,2288.0,9633
2025-06-02 15:15:00,2290.0,2291.9,2281.3,2284.0,7896
2025-06-03 09:15:00,2300.0,2310.0,2285.1,2303.4,8319
2025-06-03 10:15:00,2304.0,2319.8,2300.0,2311.7,7191
2025-06-03 11:15:00,2311.8,2311.9,2300.2,2305.5,6544
2025-06-03 12:15:00,2305.2,2344.0,2300.0,2331.6,101659
2025-06-03 13:15:00,2331.7,2335.0,2323.0,2328.5,8309
2025-06-03 14:15:00,2328.4,2330.9,2316.0,2319.3,7914
2025-06-03 15:15:00,2319.9,2321.0,2305.3,2318.2,5461
2025-06-04 09:15:00,2324.8,2340.4,2316.4,2328.4,18067
2025-06-04 10:15:00,2325.6,2339.5,2325.0,2334.3,7324
2025-06-04 11:15:00,2336.1,2336.2,2325.0,2327.3,4706
2025-06-04 12:15:00,2326.3,2328.1,2309.0,2313.0,6256
2025-06-04 13:15:00,2313.4,2319.0,2311.3,2314.0,2523
2025-06-04 14:15:00,2315.8,2317.0,2307.0,2310.0,6432
2025-06-04 15:15:00,2310.1,2310.9,2282.1,2286.0,5425
2025-06-05 09:15:00,2305.6,2328.9,2301.0,2323.0,11241
2025-06-05 10:15:00,2323.0,2334.9,2320.1,2332.5,11389
2025-06-05 11:15:00,2332.8,2334.7,2323.3,2332.4,7472
2025-06-05 12:15:00,2332.3,2345.0,2326.8,2334.9,9806
2025-06-05 13:15:00,2334.0,2337.9,2324.0,2330.7,6137
2025-06-05 14:15:00,2329.0,2355.0,2327.6,2344.6,24307
2025-06-05 15:15:00,2344.2,2347.0,2339.5,2343.8,6936
2025-06-06 09:15:00,2353.0,2416.0,2340.3,2380.8,77206
2025-06-06 10:15:00,2379.3,2380.6,2360.5,2367.2,17879
2025-06-06 11:15:00,2367.2,2378.0,2365.3,2375.6,8061
2025-06-06 12:15:00,2375.3,2386.2,2369.2,2380.1,9909
2025-06-06 13:15:00,2381.2,2386.9,2378.9,2385.9,7104
2025-06-06 14:15:00,2385.3,2387.6,2380.2,2386.0,13496
2025-06-06 15:15:00,2385.0,2397.8,2373.1,2389.9,13674
2025-06-09 09:15:00,2400.0,2426.5,2378.0,2405.0,32608
2025-06-09 10:15:00,2404.6,2414.0,2392.1,2410.8,9254
2025-06-09 11:15:00,2410.0,2421.8,2408.1,2412.5,11002
2025-06-09 12:15:00,2412.3,2430.0,2395.2,2397.0,20064
2025-06-09 13:15:00,2397.3,2401.2,2387.1,2387.1,12397
2025-06-09 14:15:00,2388.6,2393.6,2360.0,2363.0,13065
2025-06-09 15:15:00,2362.0,2368.5,2355.1,2368.4,6547
2025-06-10 09:15:00,2376.7,2417.9,2370.7,2403.4,23667
2025-06-10 10:15:00,2404.5,2431.0,2401.5,2421.7,20840
2025-06-10 11:15:00,2421.4,2442.6,2412.9,2417.6,38599
2025-06-10 12:15:00,2419.2,2422.2,2400.9,2401.0,9459
2025-06-10 13:15:00,2402.0,2415.0,2397.4,2414.0,11991
2025-06-10 14:15:00,2414.0,2418.2,2389.7,2399.0,30494
2025-06-10 15:15:00,2399.0,2404.9,2388.2,2401.0,7672
2025-06-11 09:15:00,2417.7,2428.9,2394.3,2401.2,14713
2025-06-11 10:15:00,2401.0,2411.6,2398.1,2409.8,3222
2025-06-11 11:15:00,2409.9,2410.0,2404.1,2405.0,4125
2025-06-11 12:15:00,2406.0,2428.8,2404.3,2428.8,16215
2025-06-11 13:15:00,2428.8,2454.9,2411.8,2450.0,67536
2025-06-11 14:15:00,2449.0,2465.0,2446.0,2465.0,48015
2025-06-11 15:15:00,2461.5,2484.0,2459.0,2465.2,25515
2025-06-12 09:15:00,2510.0,2545.9,2447.3,2448.1,88891
2025-06-12 10:15:00,2450.3,2460.0,2444.1,2452.0,11803
2025-06-12 11:15:00,2452.0,2471.2,2445.0,2454.0,11711
2025-06-12 12:15:00,2454.9,2467.0,2453.0,2461.0,8128
2025-06-12 13:15:00,2461.0,2461.4,2406.0,2408.6,18746
2025-06-12 14:15:00,2406.2,2435.0,2406.0,2417.8,21387
2025-06-12 15:15:00,2417.8,2419.6,2375.0,2397.0,22758
2025-06-13 09:15:00,2355.0,2417.3,2344.6,2415.4,27854
2025-06-13 10:15:00,2415.9,2465.0,2412.3,2449.5,21571
2025-06-13 11:15:00,2447.7,2459.2,2443.0,2451.2,12803
2025-06-13 12:15:00,2451.2,2456.6,2436.7,2449.4,6326
2025-06-13 13:15:00,2449.4,2457.7,2441.1,2455.7,6239
2025-06-13 14:15:00,2455.7,2467.0,2448.2,2462.9,13718
2025-06-13 15:15:00,2462.0,2466.6,2439.3,2466.6,36463
2025-06-16 09:15:00,2454.6,2471.5,2392.1,2427.4,20759
2025-06-16 10:15:00,2427.3,2445.4,2425.0,2435.2,5021
2025-06-16 11:15:00,2433.7,2442.8,2425.4,2439.5,3308
2025-06-16 12:15:00,2438.7,2442.0,2430.3,2441.2,2805
2025-06-16 13:15:00,2441.2,2474.0,2436.7,2472.1,16217
2025-06-16 14:15:00,2472.1,2503.0,2467.3,2499.1,32932
2025-06-16 15:15:00,2499.4,2510.0,2495.0,2510.0,14797
2025-06-17 09:15:00,2524.0,2569.8,2503.6,2526.8,80278
2025-06-17 10:15:00,2526.8,2535.6,2520.1,2532.6,12517
2025-06-17 11:15:00,2532.8,2534.3,2511.0,2521.3,11072
2025-06-17 12:15:00,2521.5,2526.8,2500.0,2505.5,8039
2025-06-17 13:15:00,2506.0,2518.4,2498.7,2513.2,6682
2025-06-17 14:15:00,2514.5,2514.5,2485.0,2493.4,13199
2025-06-17 15:15:00,2492.0,2493.3,2465.0,2467.0,15302
2025-06-18 09:15:00,2468.8,2494.9,2448.4,2468.7,16394
2025-06-18 10:15:00,2468.7,2472.0,2450.0,2457.0,6199
2025-06-18 11:15:00,2456.9,2457.7,2433.5,2445.1,10334
2025-06-18 12:15:00,2444.5,2451.6,2433.5,2446.7,10034
2025-06-18 13:15:00,2446.8,2465.8,2445.6,2451.0,8744
2025-06-18 14:15:00,2451.0,2463.0,2445.1,2450.5,7944
2025-06-18 15:15:00,2450.6,2480.0,2446.0,2451.0,5224
2025-06-19 09:15:00,2453.2,2466.9,2430.0,2443.2,12120
2025-06-19 10:15:00,2442.1,2448.9,2423.5,2426.7,12000
2025-06-19 11:15:00,2428.9,2430.7,2414.0,2420.9,5172
2025-06-19 12:15:00,2420.8,2420.8,2402.4,2404.3,4620
2025-06-19 13:15:00,2404.3,2406.1,2388.4,2397.9,5529
2025-06-19 14:15:00,2398.8,2409.3,2385.0,2388.8,7789
2025-06-19 15:15:00,2386.7,2395.0,2381.0,2382.4,4333
2025-06-20 09:15:00,2410.0,2472.0,2390.7,2441.5,46037
2025-06-20 10:15:00,2441.4,2444.3,2428.8,2434.3,10804
2025-06-20 11:15:00,2434.3,2447.0,2431.1,2440.1,7083
2025-06-20 12:15:00,2440.2,2440.6,2429.9,2435.9,7182
2025-06-20 13:15:00,2435.0,2439.2,2430.0,2435.0,6193
2025-06-20 14:15:00,2435.0,2445.9,2412.4,2418.3,43606
2025-06-20 15:15:00,2417.4,2435.0,2400.0,2419.0,29573
2025-06-23 09:15:00,2404.0,2425.0,2386.6,2415.3,13512
2025-06-23 10:15:00,2416.1,2428.9,2412.0,2416.8,3737
2025-06-23 11:15:00,2416.1,2445.9,2403.3,2440.9,6412
2025-06-23 12:15:00,2440.0,2445.0,2438.6,2442.5,4150
2025-06-23 13:15:00,2442.7,2447.9,2435.8,2440.0,5545
2025-06-23 14:15:00,2440.1,2454.6,2438.0,2444.0,11167
2025-06-23 15:15:00,2441.9,2446.6,2439.5,2440.0,6506
2025-06-24 09:15:00,2455.4,2475.0,2437.0,2448.0,14513
2025-06-24 10:15:00,2448.0,2462.1,2445.5,2453.0,7771
2025-06-24 11:15:00,2451.9,2490.0,2450.9,2473.0,18468
2025-06-24 12:15:00,2473.3,2479.9,2463.9,2466.8,4261
2025-06-24 13:15:00,2466.9,2473.0,2452.0,2471.6,7593
2025-06-24 14:15:00,2472.4,2491.0,2468.5,2485.0,15148
2025-06-24 15:15:00,2485.0,2488.9,2476.5,2485.1,6816
2025-06-25 09:15:00,2496.9,2540.0,2473.2,2531.9,30849
2025-06-25 10:15:00,2531.8,2541.5,2524.0,2529.5,10559
2025-06-25 11:15:00,2529.1,2540.0,2525.1,2526.0,8703
2025-06-25 12:15:00,2525.9,2535.0,2522.0,2528.9,4736
2025-06-25 13:15:00,2528.9,2528.9,2507.6,2515.8,5487
2025-06-25 14:15:00,2515.8,2521.7,2501.1,2514.2,8999
2025-06-25 15:15:00,2512.8,2512.8,2496.9,2505.2,7796
2025-06-26 09:15:00,2519.4,2528.7,2504.5,2507.5,11888
2025-06-26 10:15:00,2505.5,2507.5,2470.0,2474.9,7392
2025-06-26 11:15:00,2473.5,2482.7,2457.0,2460.0,19047
2025-06-26 12:15:00,2460.0,2460.0,2449.0,2457.5,6823
2025-06-26 13:15:00,2457.5,2458.5,2445.5,2451.2,5628
2025-06-26 14:15:00,2451.6,2462.9,2449.1,2458.9,7114
2025-06-26 15:15:00,2458.9,2459.8,2450.0,2452.0,4431
2025-06-27 09:15:00,2464.3,2477.2,2455.7,2473.9,9303
2025-06-27 10:15:00,2473.2,2478.1,2455.0,2456.8,4989
2025-06-27 11:15:00,2457.3,2463.7,2448.0,2453.8,4939
2025-06-27 12:15:00,2453.7,2455.8,2436.4,2445.0,6364
2025-06-27 13:15:00,2444.9,2446.9,2437.1,2437.6,6967
2025-06-27 14:15:00,2437.6,2453.8,2388.2,2425.0,40392
2025-06-27 15:15:00,2425.0,2448.0,2412.1,2432.0,15805
2025-06-30 09:15:00,2440.0,2443.1,2423.2,2431.8,7538
2025-06-30 10:15:00,2432.0,2441.4,2427.6,2431.3,5318
2025-06-30 11:15:00,2430.5,2450.0,2425.4,2432.0,4287
2025-06-30 12:15:00,2431.0,2435.0,2425.5,2427.2,2627
2025-06-30 13:15:00,2427.2,2435.0,2425.7,2434.9,2763
2025-06-30 14:15:00,2434.8,2451.5,2428.9,2435.7,15234
2025-06-30 15:15:00,2437.4,2441.7,2435.5,2438.5,12516
2025-07-01 09:15:00,2441.5,2455.0,2416.9,2417.2,13860
2025-07-01 10:15:00,2417.0,2420.2,2401.3,2411.5,5345
2025-07-01 11:15:00,2410.9,2423.0,2402.8,2415.5,4637
2025-07-01 12:15:00,2412.8,2428.0,2412.4,2419.9,3337
2025-07-01 13:15:00,2420.0,2422.0,2414.4,2418.4,5754
2025-07-01 14:15:00,2420.0,2431.1,2417.6,2424.1,7675
2025-07-01 15:15:00,2424.1,2439.0,2420.0,2430.0,7072
2025-07-02 09:15:00,2428.9,2461.2,2415.3,2428.0,25159
2025-07-02 10:15:00,2429.0,2438.7,2421.6,2431.8,7346
2025-07-02 11:15:00,2430.6,2443.5,2427.9,2440.0,4552
2025-07-02 12:15:00,2440.3,2447.9,2436.1,2437.6,4257
2025-07-02 13:15:00,2436.7,2441.0,2427.8,2439.5,5245
2025-07-02 14:15:00,2437.9,2456.0,2434.4,2451.2,9057
2025-07-02 15:15:00,2451.1,2457.2,2437.2,2448.0,8683
2025-07-03 09:15:00,2448.6,2449.9,2424.1,2431.4,8103
2025-07-03 10:15:00,2432.0,2439.0,2430.0,2432.9,3220
2025-07-03 11:15:00,2432.9,2434.2,2418.0,2423.0,4325
2025-07-03 12:15:00,2422.8,2424.7,2420.0,2422.1,3254
2025-07-03 13:15:00,2421.7,2427.0,2415.6,2417.9,2887
2025-07-03 14:15:00,2417.9,2432.4,2410.0,2428.1,10552
2025-07-03 15:15:00,2428.2,2428.8,2410.0,2414.0,4665
2025-07-04 09:15:00,2422.0,2512.7,2403.3,2478.2,63287
2025-07-04 10:15:00,2479.8,2493.0,2475.7,2491.3,11784
2025-07-04 11:15:00,2491.3,2529.0,2488.8,2524.5,35839
2025-07-04 12:15:00,2524.3,2548.8,2505.3,2527.3,67584
2025-07-04 13:15:00,2527.2,2548.0,2512.9,2540.0,34159
2025-07-04 14:15:00,2540.9,2557.7,2535.0,2550.2,69318
2025-07-04 15:15:00,2551.0,2560.0,2535.0,2545.0,30802
2025-07-07 09:15:00,2548.5,2595.0,2514.2,2562.6,85162
2025-07-07 10:15:00,2559.5,2586.0,2559.5,2566.2,16378
2025-07-07 11:15:00,2566.5,2566.5,2541.1,2551.3,15725
2025-07-07 12:15:00,2550.1,2565.8,2547.6,2563.6,11514
2025-07-07 13:15:00,2563.3,2568.9,2560.0,2566.2,6619
2025-07-07 14:15:00,2566.0,2579.0,2560.0,2571.6,20596
2025-07-07 15:15:00,2571.6,2575.9,2556.2,2567.0,10951
2025-07-08 09:15:00,2570.0,2615.0,2544.8,2555.0,49353
2025-07-08 10:15:00,2554.9,2572.9,2532.5,2542.1,18096
2025-07-08 11:15:00,2542.1,2550.0,2540.0,2544.2,5872
2025-07-08 12:15:00,2544.2,2569.8,2533.6,2561.8,10893
2025-07-08 13:15:00,2561.8,2577.0,2554.0,2574.5,19162
2025-07-08 14:15:00,2573.9,2574.8,2557.5,2568.8,13790
2025-07-08 15:15:00,2568.4,2574.0,2566.0,2574.0,9956
2025-07-09 09:15:00,2564.0,2593.0,2557.7,2586.0,16582
2025-07-09 10:15:00,2584.7,2598.8,2579.4,2583.5,11804
2025-07-09 11:15:00,2585.0,2589.7,2578.8,2584.0,2371
2025-07-09 12:15:00,2583.0,2584.0,2552.1,2578.5,11924
2025-07-09 13:15:00,2580.0,2586.0,2570.9,2578.7,4914
2025-07-09 14:15:00,2580.1,2586.0,2565.6,2581.2,7796
2025-07-09 15:15:00,2581.5,2584.0,2575.0,2582.0,5748
2025-07-10 09:15:00,2580.5,2600.0,2574.4,2586.5,22318
2025-07-10 10:15:00,2586.7,2587.9,2559.0,2563.2,6443
2025-07-10 11:15:00,2564.0,2564.0,2559.7,2563.7,3113
2025-07-10 12:15:00,2563.8,2575.7,2562.3,2565.1,4461
2025-07-10 13:15:00,2565.1,2565.5,2533.0,2538.5,6520
2025-07-10 14:15:00,2538.6,2541.5,2532.0,2532.9,5154
2025-07-10 15:15:00,2534.3,2546.0,2532.9,2540.0,4499
2025-07-11 09:15:00,2529.9,2558.0,2515.0,2521.7,14126
2025-07-11 10:15:00,2520.1,2521.9,2469.6,2490.0,19285
2025-07-11 11:15:00,2488.9,2494.1,2476.2,2482.2,3491
2025-07-11 12:15:00,2482.2,2487.2,2480.1,2483.9,1698
2025-07-11 13:15:00,2483.9,2504.5,2476.2,2498.0,6100
2025-07-11 14:15:00,2497.8,2527.0,2493.7,2524.1,11107
2025-07-11 15:15:00,2524.9,2526.2,2495.2,2496.9,6744
2025-07-14 09:15:00,2496.1,2520.0,2483.0,2514.0,10453
2025-07-14 10:15:00,2511.9,2530.0,2498.7,2502.1,6071
2025-07-14 11:15:00,2500.3,2502.6,2475.0,2482.1,4733
2025-07-14 12:15:00,2482.2,2491.4,2479.6,2490.1,3744
2025-07-14 13:15:00,2490.1,2510.0,2486.7,2508.8,5473
2025-07-14 14:15:00,2506.7,2510.0,2495.6,2505.2,6538
2025-07-14 15:15:00,2505.2,2506.7,2490.2,2497.8,4320
2025-07-15 09:15:00,2502.0,2539.0,2502.0,2520.9,43061
2025-07-15 10:15:00,2520.0,2520.0,2481.7,2512.5,29271
2025-07-15 11:15:00,2513.8,2522.0,2506.4,2521.9,2995
2025-07-15 12:15:00,2520.3,2530.8,2505.0,2522.1,4644
2025-07-15 13:15:00,2521.8,2531.0,2517.8,2531.0,4035
2025-07-15 14:15:00,2530.6,2531.0,2515.9,2528.4,5621
2025-07-15 15:15:00,2526.7,2531.0,2518.7,2527.7,6443
2025-07-16 09:15:00,2521.9,2597.0,2510.1,2585.4,35797
2025-07-16 10:15:00,2585.9,2600.0,2561.6,2567.0,29347
2025-07-16 11:15:00,2567.0,2571.3,2554.1,2567.0,5927
2025-07-16 12:15:00,2567.0,2576.4,2563.7,2574.2,4043
2025-07-16 13:15:00,2574.7,2579.0,2560.1,2563.7,4765
2025-07-16 14:15:00,2563.5,2564.5,2555.1,2560.3,8359
2025-07-16 15:15:00,2558.2,2560.5,2551.0,2558.0,3992
2025-07-17 09:15:00,2561.0,2579.6,2551.7,2562.3,8952
2025-07-17 10:15:00,2562.3,2583.9,2560.1,2568.5,5554
2025-07-17 11:15:00,2566.7,2572.6,2557.1,2562.6,2125
2025-07-17 12:15:00,2562.7,2562.7,2546.0,2548.8,2244
2025-07-17 13:15:00,2547.1,2556.7,2544.9,2551.9,2676
2025-07-17 14:15:00,2549.8,2552.1,2539.8,2542.6,3110
2025-07-17 15:15:00,2542.6,2546.4,2531.6,2532.0,4322
2025-07-18 09:15:00,2539.9,2554.0,2496.5,2499.6,12666
2025-07-18 10:15:00,2499.1,2508.5,2458.2,2503.7,17527
2025-07-18 11:15:00,2505.3,2509.0,2497.7,2508.2,4689
2025-07-18 12:15:00,2506.3,2510.0,2500.0,2505.8,2829
2025-07-18 13:15:00,2505.4,2505.9,2487.6,2492.7,4716
2025-07-18 14:15:00,2491.2,2507.0,2486.0,2494.1,4464
2025-07-18 15:15:00,2495.2,2500.0,2480.0,2499.8,4115
2025-07-21 09:15:00,2547.7,2725.0,2544.0,2717.9,1228701
2025-07-21 10:15:00,2717.3,2818.0,2712.9,2754.9,1416366
2025-07-21 11:15:00,2753.7,2764.0,2676.0,2692.8,940387
2025-07-21 12:15:00,2691.0,2728.0,2685.0,2702.0,472179
2025-07-21 13:15:00,2702.0,2712.0,2680.0,2694.9,279004
2025-07-21 14:15:00,2693.5,2700.0,2645.0,2671.6,662397
2025-07-21 15:15:00,2673.6,2685.0,2655.0,2670.1,167410
2025-07-22 09:15:00,2670.5,2733.9,2641.0,2701.5,271896
2025-07-22 10:15:00,2701.5,2715.0,2697.2,2700.0,42810
2025-07-22 11:15:00,2701.0,2709.2,2687.7,2698.1,30751
2025-07-22 12:15:00,2698.1,2698.9,2670.0,2675.7,37607
2025-07-22 13:15:00,2676.8,2679.5,2656.0,2668.4,27735
2025-07-22 14:15:00,2668.4,2670.0,2660.1,2660.2,26999
2025-07-22 15:15:00,2660.2,2661.6,2648.0,2648.0,20738
2025-07-23 09:15:00,2650.2,2650.2,2578.0,2590.5,63741
2025-07-23 10:15:00,2590.5,2599.1,2566.3,2575.2,34023
2025-07-23 11:15:00,2575.3,2608.0,2572.2,2575.7,28057
2025-07-23 12:15:00,2574.7,2579.4,2564.0,2565.0,18427
2025-07-23 13:15:00,2564.0,2568.0,2555.0,2559.0,19924
2025-07-23 14:15:00,2557.7,2570.0,2545.0,2553.9,40257
2025-07-23 15:15:00,2553.5,2555.0,2536.6,2550.0,27751
2025-07-24 09:15:00,2551.3,2551.5,2479.1,2482.7,63527
2025-07-24 10:15:00,2481.8,2486.1,2473.0,2479.9,22404
2025-07-24 11:15:00,2479.9,2479.9,2462.2,2467.4,14273
2025-07-24 12:15:00,2468.0,2496.8,2465.7,2481.7,17772
2025-07-24 13:15:00,2481.6,2483.9,2472.0,2480.0,8061
2025-07-24 14:15:00,2480.1,2493.6,2463.0,2473.1,24581
2025-07-24 15:15:00,2472.6,2490.0,2466.6,2481.2,13356
2025-07-25 09:15:00,2476.3,2545.0,2457.1,2544.9,77923
2025-07-25 10:15:00,2542.8,2557.2,2517.0,2529.4,82984
2025-07-25 11:15:00,2528.0,2537.9,2515.0,2519.5,26764
2025-07-25 12:15:00,2518.2,2536.3,2503.0,2519.8,54739
2025-07-25 13:15:00,2519.8,2520.0,2481.0,2484.6,30832
2025-07-25 14:15:00,2484.6,2500.8,2472.0,2481.0,33935
2025-07-25 15:15:00,2481.0,2482.3,2465.7,2470.0,13052
2025-07-28 09:15:00,2472.4,2479.4,2424.0,2442.7,21740
2025-07-28 10:15:00,2442.7,2449.0,2425.0,2426.5,7355
2025-07-28 11:15:00,2428.0,2448.0,2417.0,2444.0,17677
2025-07-28 12:15:00,2443.6,2444.4,2415.0,2418.8,15113
2025-07-28 13:15:00,2419.9,2434.0,2414.0,2426.9,7973
2025-07-28 14:15:00,2425.5,2512.0,2424.8,2486.0,42959
2025-07-28 15:15:00,2485.7,2485.7,2455.2,2456.0,7747
2025-07-29 09:15:00,2465.8,2490.0,2458.1,2464.0,16945
2025-07-29 10:15:00,2463.4,2468.4,2430.3,2433.9,14268
2025-07-29 11:15:00,2432.7,2438.4,2418.0,2423.0,12597
2025-07-29 12:15:00,2424.7,2430.0,2414.0,2425.7,12080
2025-07-29 13:15:00,2427.6,2441.1,2424.0,2429.8,15467
2025-07-29 14:15:00,2431.6,2456.9,2429.6,2456.3,20764
2025-07-29 15:15:00,2455.6,2460.0,2450.5,2451.8,10446
2025-07-30 09:15:00,2446.2,2496.3,2446.2,2485.0,28647
2025-07-30 10:15:00,2485.0,2485.0,2464.0,2471.6,7752
2025-07-30 11:15:00,2470.4,2472.6,2464.0,2465.0,4895
2025-07-30 12:15:00,2466.3,2466.6,2462.6,2466.0,2321
2025-07-30 13:15:00,2466.0,2472.0,2463.1,2471.5,2428
2025-07-30 14:15:00,2472.0,2480.0,2464.0,2468.0,7940
2025-07-30 15:15:00,2468.0,2472.8,2460.0,2460.0,4327
2025-07-31 09:15:00,2430.0,2453.7,2411.2,2418.1,13412
2025-07-31 10:15:00,2416.5,2424.4,2408.1,2421.0,7593
2025-07-31 11:15:00,2421.2,2431.1,2421.1,2424.8,4391
2025-07-31 12:15:00,2428.0,2449.0,2427.5,2446.1,8308
2025-07-31 13:15:00,2447.2,2451.3,2436.0,2440.8,3945
2025-07-31 14:15:00,2440.6,2441.8,2417.0,2418.6,8753
2025-07-31 15:15:00,2418.8,2429.9,2406.6,2429.0,6368
2025-08-01 09:15:00,2430.0,2452.7,2416.0,2449.2,15060
2025-08-01 10:15:00,2449.9,2455.0,2448.1,2451.9,6613
2025-08-01 11:15:00,2452.0,2456.0,2447.0,2455.0,8484
2025-08-01 12:15:00,2455.0,2456.0,2446.3,2456.0,5477
2025-08-01 13:15:00,2456.0,2471.9,2448.0,2465.8,10055
2025-08-01 14:15:00,2465.7,2465.7,2444.2,2450.8,17712
2025-08-01 15:15:00,2450.0,2455.5,2420.0,2455.0,18849
2025-08-04 09:15:00,2455.0,2459.5,2412.5,2455.7,17844
2025-08-04 10:15:00,2457.0,2467.9,2450.0,2461.1,5488
2025-08-04 11:15:00,2460.8,2467.9,2451.7,2465.3,3681
2025-08-04 12:15:00,2465.9,2518.0,2460.1,2516.0,37967
2025-08-04 13:15:00,2516.0,2540.0,2510.0,2524.3,26460
2025-08-04 14:15:00,2522.0,2532.0,2516.9,2522.0,11326
2025-08-04 15:15:00,2520.4,2525.0,2518.5,2524.9,11153
2025-08-05 09:15:00,2540.0,2550.6,2503.0,2506.2,17941
2025-08-05 10:15:00,2503.5,2515.0,2498.0,2509.8,4853
2025-08-05 11:15:00,2510.0,2539.0,2507.8,2531.7,7115
2025-08-05 12:15:00,2531.1,2540.0,2517.7,2519.0,6147
2025-08-05 13:15:00,2518.7,2518.9,2506.0,2511.0,5119
2025-08-05 14:15:00,2511.1,2533.0,2509.0,2524.6,7025
2025-08-05 15:15:00,2526.2,2529.9,2506.5,2506.5,5197
2025-08-06 09:15:00,2518.0,2533.0,2508.1,2513.5,8947
2025-08-06 10:15:00,2512.8,2517.1,2504.8,2511.2,4698
2025-08-06 11:15:00,2511.4,2519.9,2506.0,2516.8,3243
2025-08-06 12:15:00,2518.0,2529.1,2518.0,2524.4,2785
2025-08-06 13:15:00,2523.7,2524.8,2518.0,2523.8,1367
2025-08-06 14:15:00,2523.9,2524.7,2512.3,2513.5,5344
2025-08-06 15:15:00,2513.6,2519.9,2505.2,2514.0,5049
2025-08-07 09:15:00,2470.0,2516.0,2470.0,2499.0,14965
2025-08-07 10:15:00,2498.9,2515.1,2494.0,2508.7,8992
2025-08-07 11:15:00,2508.7,2513.4,2500.1,2513.2,7026
2025-08-07 12:15:00,2513.2,2516.3,2508.3,2513.0,5571
2025-08-07 13:15:00,2511.8,2514.9,2498.7,2508.7,9921
2025-08-07 14:15:00,2510.6,2533.1,2508.9,2522.6,10913
2025-08-07 15:15:00,2522.0,2527.0,2508.1,2521.0,4392
2025-08-08 09:15:00,2521.0,2539.5,2499.1,2526.5,11869
2025-08-08 10:15:00,2526.4,2537.0,2517.1,2519.9,4245
2025-08-08 11:15:00,2519.9,2528.7,2517.6,2527.0,1146
2025-08-08 12:15:00,2528.7,2530.6,2520.3,2523.8,3255
2025-08-08 13:15:00,2524.1,2525.0,2511.6,2519.0,2286
2025-08-08 14:15:00,2518.8,2519.0,2474.2,2474.3,7068
2025-08-08 15:15:00,2475.5,2484.4,2470.0,2475.0,4006
2025-08-11 09:15:00,2485.5,2509.7,2466.1,2498.3,12575
2025-08-11 10:15:00,2498.5,2509.7,2495.1,2502.0,3251
2025-08-11 11:15:00,2500.0,2505.3,2495.4,2502.8,2153
2025-08-11 12:15:00,2501.2,2540.8,2500.2,2526.1,13684
2025-08-11 13:15:00,2526.0,2533.0,2516.6,2520.3,9537
2025-08-11 14:15:00,2519.9,2529.8,2519.0,2522.2,5755
2025-08-11 15:15:00,2520.2,2540.0,2520.0,2532.0,6438
2025-08-12 09:15:00,2532.0,2560.0,2521.0,2550.0,16742
2025-08-12 10:15:00,2550.0,2575.0,2545.5,2558.1,20365
2025-08-12 11:15:00,2557.1,2560.1,2526.0,2539.1,8369
2025-08-12 12:15:00,2539.8,2549.9,2535.6,2543.0,4157
2025-08-12 13:15:00,2541.9,2545.0,2535.0,2540.7,3017
2025-08-12 14:15:00,2540.0,2545.0,2513.7,2518.3,8874
2025-08-12 15:15:00,2519.2,2519.7,2505.0,2506.1,4741
2025-08-13 09:15:00,2529.0,2548.2,2520.1,2544.0,6844
2025-08-13 10:15:00,2544.0,2546.0,2536.1,2537.9,4388
2025-08-13 11:15:00,2537.9,2544.1,2529.9,2541.0,3962
2025-08-13 12:15:00,2541.0,2541.0,2537.1,2538.8,1911
2025-08-13 13:15:00,2538.8,2541.8,2530.3,2538.4,1945
2025-08-13 14:15:00,2536.0,2541.5,2500.0,2506.3,9814
2025-08-13 15:15:00,2504.3,2519.4,2504.1,2512.2,2456
2025-08-14 09:15:00,2512.2,2537.6,2494.8,2518.8,7556
2025-08-14 10:15:00,2515.7,2527.9,2507.9,2525.5,3772
2025-08-14 11:15:00,2524.2,2525.0,2509.3,2512.0,1814
2025-08-14 12:15:00,2510.7,2518.1,2510.0,2510.4,1520
2025-08-14 13:15:00,2511.0,2512.6,2495.0,2509.3,4063
2025-08-14 14:15:00,2509.3,2511.2,2500.8,2505.6,2660
2025-08-14 15:15:00,2505.6,2511.0,2498.0,2505.5,2922
2025-08-18 09:15:00,2525.0,2535.7,2512.0,2523.7,7705
2025-08-18 10:15:00,2520.5,2528.1,2512.0,2519.3,4029
2025-08-18 11:15:00,2520.2,2521.7,2510.0,2510.1,2796
2025-08-18 12:15:00,2510.3,2519.7,2510.3,2517.0,1546
2025-08-18 13:15:00,2517.0,2535.5,2515.2,2521.0,8065
2025-08-18 14:15:00,2521.0,2527.0,2510.0,2511.8,4738
2025-08-18 15:15:00,2511.0,2518.1,2500.0,2513.2,3838
2025-08-19 09:15:00,2514.0,2529.6,2502.5,2514.0,6176
2025-08-19 10:15:00,2514.2,2524.0,2510.7,2522.0,3198
2025-08-19 11:15:00,2522.0,2523.0,2516.1,2522.9,2401
2025-08-19 12:15:00,2523.0,2559.0,2520.9,2554.0,18004
2025-08-19 13:15:00,2554.0,2556.1,2550.0,2551.5,4255
2025-08-19 14:15:00,2552.8,2575.0,2531.7,2538.0,21857
2025-08-19 15:15:00,2537.5,2548.0,2532.4,2539.0,2959
2025-08-20 09:15:00,2540.1,2561.9,2520.0,2548.0,6150
2025-08-20 10:15:00,2550.4,2565.0,2548.7,2554.4,3664
2025-08-20 11:15:00,2554.0,2558.7,2535.0,2556.5,4562
2025-08-20 12:15:00,2556.5,2563.6,2550.0,2550.2,3662
2025-08-20 13:15:00,2550.4,2563.0,2547.6,2551.3,3800
2025-08-20 14:15:00,2553.2,2555.7,2544.1,2547.9,5218
2025-08-20 15:15:00,2546.0,2555.8,2541.0,2549.0,2813
2025-08-21 09:15:00,2550.0,2572.7,2492.0,2512.5,121378
2025-08-21 10:15:00,2513.7,2528.7,2506.2,2512.0,10248
2025-08-21 11:15:00,2512.0,2522.2,2510.0,2512.2,8482
2025-08-21 12:15:00,2510.4,2517.2,2498.0,2506.2,56595
2025-08-21 13:15:00,2506.9,2517.0,2503.5,2511.0,6384
2025-08-21 14:15:00,2511.0,2516.8,2495.0,2497.4,9012
2025-08-21 15:15:00,2497.3,2501.4,2485.0,2485.0,10241
2025-08-22 09:15:00,2499.6,2504.4,2475.0,2500.2,11846
2025-08-22 10:15:00,2502.3,2508.9,2496.8,2501.6,3065
2025-08-22 11:15:00,2502.4,2503.7,2493.1,2497.1,1256
2025-08-22 12:15:00,2496.8,2504.0,2496.0,2503.0,1882
2025-08-22 13:15:00,2503.8,2509.0,2502.0,2507.9,1844
2025-08-22 14:15:00,2506.6,2511.4,2489.2,2494.0,56773
2025-08-22 15:15:00,2494.0,2494.7,2485.0,2491.0,3819
2025-08-25 09:15:00,2513.0,2561.0,2502.2,2545.2,29180
2025-08-25 10:15:00,2547.3,2606.0,2541.3,2604.8,54425
2025-08-25 11:15:00,2601.4,2625.0,2585.0,2595.5,99054
2025-08-25 12:15:00,2595.5,2616.0,2595.0,2601.7,27322
2025-08-25 13:15:00,2601.7,2601.7,2585.0,2593.0,20625
2025-08-25 14:15:00,2592.5,2610.0,2590.0,2602.0,26433
2025-08-25 15:15:00,2602.1,2608.0,2591.0,2596.0,18198
2025-08-26 09:15:00,2603.0,2612.4,2552.2,2577.4,17054
2025-08-26 10:15:00,2578.5,2584.7,2562.5,2565.1,5731
2025-08-26 11:15:00,2565.1,2570.7,2557.1,2557.1,2643
2025-08-26 12:15:00,2557.1,2559.9,2544.1,2549.6,4996
2025-08-26 13:15:00,2550.0,2555.8,2545.3,2551.5,2486
2025-08-26 14:15:00,2551.5,2552.9,2529.9,2530.3,9415
2025-08-26 15:15:00,2530.8,2530.8,2515.0,2518.0,7008
2025-08-28 09:15:00,2545.0,2545.0,2463.2,2485.5,14219
2025-08-28 10:15:00,2486.3,2490.1,2480.0,2487.0,3858
2025-08-28 11:15:00,2487.1,2487.1,2468.0,2469.3,4272
2025-08-28 12:15:00,2469.2,2469.2,2452.5,2454.8,4652
2025-08-28 13:15:00,2454.8,2457.1,2440.2,2448.0,8142
2025-08-28 14:15:00,2448.0,2452.8,2423.8,2427.6,10195
2025-08-28 15:15:00,2426.7,2429.9,2404.1,2419.0,12821
2025-08-29 09:15:00,2415.0,2447.5,2403.9,2438.3,15906
2025-08-29 10:15:00,2437.9,2463.7,2430.3,2462.6,6902
2025-08-29 11:15:00,2462.9,2463.0,2440.6,2444.2,3013
2025-08-29 12:15:00,2443.0,2444.2,2432.3,2436.3,2234
2025-08-29 13:15:00,2434.1,2440.4,2427.0,2427.2,2339
2025-08-29 14:15:00,2427.4,2438.7,2421.2,2430.5,6021
2025-08-29 15:15:00,2430.5,2436.6,2420.0,2425.4,3601
2025-09-01 09:15:00,2427.4,2467.8,2427.3,2451.2,11844
2025-09-01 10:15:00,2451.2,2473.5,2450.0,2467.5,5604
2025-09-01 11:15:00,2469.0,2474.0,2462.1,2469.5,3025
2025-09-01 12:15:00,2470.6,2470.6,2461.7,2463.5,1551
2025-09-01 13:15:00,2463.3,2493.9,2462.0,2493.4,9006
2025-09-01 14:15:00,2492.0,2519.0,2483.8,2518.0,14624
2025-09-01 15:15:00,2518.2,2566.0,2515.9,2565.0,17326
2025-09-02 09:15:00,2535.0,2560.0,2519.3,2559.3,8577
2025-09-02 10:15:00,2559.9,2580.2,2552.5,2578.3,8779
2025-09-02 11:15:00,2579.3,2613.0,2576.6,2603.1,18025
2025-09-02 12:15:00,2604.2,2609.0,2598.3,2601.2,5906
2025-09-02 13:15:00,2601.0,2609.8,2585.8,2602.0,12972
2025-09-02 14:15:00,2602.0,2614.0,2600.0,2610.1,11271
2025-09-02 15:15:00,2609.9,2612.9,2595.1,2598.0,6459
2025-09-03 09:15:00,2591.0,2609.9,2566.8,2594.1,9275
2025-09-03 10:15:00,2594.0,2596.9,2579.9,2592.3,3454
2025-09-03 11:15:00,2592.2,2599.8,2582.0,2586.7,3237
2025-09-03 12:15:00,2586.6,2588.9,2580.1,2586.9,1971
2025-09-03 13:15:00,2586.9,2589.9,2570.0,2583.0,5898
2025-09-03 14:15:00,2583.0,2585.2,2574.9,2579.1,31856
2025-09-03 15:15:00,2579.1,2580.6,2566.8,2566.8,3897
2025-09-04 09:15:00,2590.0,2590.0,2521.0,2527.0,15111
2025-09-04 10:15:00,2526.9,2529.9,2506.7,2507.0,17443
2025-09-04 11:15:00,2507.0,2514.0,2501.0,2510.3,6042
2025-09-04 12:15:00,2510.3,2514.2,2505.0,2505.6,2366
2025-09-04 13:15:00,2505.6,2509.9,2490.0,2494.2,4918
2025-09-04 14:15:00,2495.0,2500.0,2490.3,2490.8,6390
2025-09-04 15:15:00,2490.8,2499.8,2480.0,2495.9,7875
2025-09-05 09:15:00,2509.9,2509.9,2466.6,2469.3,9211
2025-09-05 10:15:00,2469.1,2469.2,2427.0,2437.9,30109
2025-09-05 11:15:00,2436.3,2443.5,2421.9,2432.7,6927
2025-09-05 12:15:00,2430.2,2447.4,2424.0,2443.6,4408
2025-09-05 13:15:00,2443.6,2453.2,2436.0,2437.7,5373
2025-09-05 14:15:00,2437.6,2438.7,2430.0,2433.5,5377
2025-09-05 15:15:00,2434.0,2448.9,2432.1,2448.5,5975
2025-09-08 09:15:00,2447.5,2471.9,2432.7,2450.8,12370
2025-09-08 10:15:00,2450.3,2455.3,2440.1,2440.5,5471
2025-09-08 11:15:00,2441.6,2448.0,2433.0,2438.3,2509
2025-09-08 12:15:00,2439.4,2448.0,2436.1,2446.6,1713
2025-09-08 13:15:00,2446.6,2446.6,2433.0,2434.3,2331
2025-09-08 14:15:00,2434.0,2485.7,2426.1,2437.0,9329
2025-09-08 15:15:00,2435.1,2485.0,2433.4,2446.0,4055
2025-09-09 09:15:00,2462.0,2477.9,2432.1,2446.0,10946
2025-09-09 10:15:00,2446.0,2449.2,2432.1,2438.3,4660
2025-09-09 11:15:00,2438.9,2442.9,2434.0,2436.3,1819
2025-09-09 12:15:00,2436.3,2442.4,2435.2,2435.2,1895
2025-09-09 13:15:00,2436.5,2445.0,2433.0,2439.9,3524
2025-09-09 14:15:00,2441.2,2453.8,2431.0,2439.0,10145
2025-09-09 15:15:00,2440.1,2442.3,2425.0,2431.0,5058
2025-09-10 09:15:00,2451.0,2580.0,2448.4,2550.0,78391
2025-09-10 10:15:00,2550.1,2560.0,2525.0,2540.0,47074
2025-09-10 11:15:00,2539.0,2547.9,2514.7,2532.6,17467
2025-09-10 12:15:00,2532.7,2559.9,2523.9,2544.9,25684
2025-09-10 13:15:00,2546.1,2554.9,2537.7,2543.9,13951
2025-09-10 14:15:00,2543.9,2546.8,2537.0,2539.5,11373
2025-09-10 15:15:00,2538.8,2545.0,2526.9,2532.9,8838
2025-09-11 09:15:00,2560.0,2562.2,2524.9,2528.3,15632
2025-09-11 10:15:00,2528.3,2535.0,2522.1,2531.4,4205
2025-09-11 11:15:00,2532.1,2533.6,2510.0,2518.7,4435
2025-09-11 12:15:00,2518.9,2525.0,2510.0,2510.1,3256
2025-09-11 13:15:00,2510.6,2516.9,2500.2,2509.5,4001
2025-09-11 14:15:00,2507.4,2512.4,2499.7,2505.6,8049
2025-09-11 15:15:00,2505.8,2522.0,2500.0,2506.8,5787
2025-09-12 09:15:00,2504.1,2560.0,2495.1,2527.1,26308
2025-09-12 10:15:00,2527.1,2527.1,2511.8,2516.3,4581
2025-09-12 11:15:00,2515.1,2517.5,2481.1,2482.4,12747
2025-09-12 12:15:00,2482.5,2482.5,2444.1,2447.4,23909
2025-09-12 13:15:00,2446.2,2454.0,2432.4,2441.2,12341
2025-09-12 14:15:00,2440.0,2460.5,2433.5,2458.3,42189
2025-09-12 15:15:00,2457.6,2468.0,2432.4,2468.0,20036
2025-09-15 09:15:00,2467.5,2472.4,2430.0,2436.0,12476
2025-09-15 10:15:00,2436.0,2454.2,2429.7,2450.3,8762
2025-09-15 11:15:00,2450.0,2460.0,2437.0,2451.0,10093
2025-09-15 12:15:00,2451.1,2476.6,2450.0,2469.2,7012
2025-09-15 13:15:00,2470.2,2470.7,2460.1,2461.5,5246
2025-09-15 14:15:00,2462.7,2464.8,2449.1,2449.3,9967
2025-09-15 15:15:00,2449.2,2464.9,2449.0,2461.0,3568
2025-09-16 09:15:00,2462.0,2545.0,2461.0,2535.1,58108
2025-09-16 10:15:00,2535.0,2555.5,2519.8,2530.5,53437
2025-09-16 11:15:00,2529.0,2531.8,2524.4,2528.4,10895
2025-09-16 12:15:00,2528.4,2531.4,2510.0,2525.1,14837
2025-09-16 13:15:00,2525.1,2530.0,2513.3,2518.0,26330
2025-09-16 14:15:00,2518.0,2521.5,2488.6,2499.3,21967
2025-09-16 15:15:00,2499.3,2506.0,2485.0,2503.0,112849
2025-09-17 09:15:00,2502.0,2547.9,2481.3,2516.6,53566
2025-09-17 10:15:00,2517.5,2518.1,2506.0,2516.1,13311
2025-09-17 11:15:00,2516.1,2535.0,2515.2,2521.9,9195
2025-09-17 12:15:00,2520.5,2525.4,2451.1,2458.0,96795
2025-09-17 13:15:00,2458.0,2478.8,2456.9,2463.9,38548
2025-09-17 14:15:00,2462.9,2473.7,2451.5,2459.3,30034
2025-09-17 15:15:00,2459.2,2459.5,2448.0,2455.0,28088
2025-09-18 09:15:00,2470.0,2518.7,2459.1,2483.0,49956
2025-09-18 10:15:00,2483.1,2493.8,2481.0,2487.6,6961
2025-09-18 11:15:00,2487.6,2487.6,2465.0,2466.5,11568
2025-09-18 12:15:00,2467.6,2470.0,2454.9,2459.6,8525
2025-09-18 13:15:00,2459.3,2466.1,2451.4,2454.1,6619
2025-09-18 14:15:00,2452.7,2465.8,2452.1,2462.4,9664
2025-09-18 15:15:00,2462.1,2475.0,2456.0,2469.0,9882
2025-09-19 09:15:00,2474.0,2475.6,2454.0,2461.3,17583
2025-09-19 10:15:00,2461.4,2469.6,2455.0,2457.0,5980
2025-09-19 11:15:00,2456.9,2459.9,2446.0,2448.3,8431
2025-09-19 12:15:00,2448.3,2467.5,2441.2,2461.0,14171
2025-09-19 13:15:00,2462.0,2473.9,2412.0,2415.0,51730
2025-09-19 14:15:00,2415.0,2425.0,2414.0,2418.8,34675
2025-09-19 15:15:00,2419.6,2428.0,2415.0,2424.0,14451
2025-09-22 09:15:00,2400.0,2408.4,2366.0,2370.0,38024
2025-09-22 10:15:00,2369.0,2399.9,2363.0,2379.8,25276
2025-09-22 11:15:00,2378.9,2384.9,2372.1,2383.1,7113
2025-09-22 12:15:00,2383.1,2385.8,2368.5,2370.2,5490
2025-09-22 13:15:00,2370.2,2374.9,2364.0,2368.3,6317
2025-09-22 14:15:00,2367.9,2368.3,2349.0,2349.0,18646
2025-09-22 15:15:00,2349.5,2350.5,2340.0,2342.5,11664
2025-09-23 09:15:00,2360.9,2361.0,2313.0,2316.7,27064
2025-09-23 10:15:00,2318.3,2322.6,2301.6,2304.7,12820
2025-09-23 11:15:00,2304.5,2309.6,2301.1,2306.6,6379
2025-09-23 12:15:00,2306.5,2312.5,2304.5,2306.4,4757
2025-09-23 13:15:00,2306.5,2311.1,2302.0,2304.3,9532
2025-09-23 14:15:00,2306.2,2306.2,2291.0,2292.1,15218
2025-09-23 15:15:00,2293.6,2293.6,2284.2,2287.0,10978
2025-09-24 09:15:00,2302.9,2303.9,2251.0,2259.9,24658
2025-09-24 10:15:00,2259.9,2260.7,2245.7,2248.0,9103
2025-09-24 11:15:00,2248.8,2250.4,2242.5,2246.1,4587
2025-09-24 12:15:00,2246.1,2250.2,2242.5,2246.1,4310
2025-09-24 13:15:00,2246.4,2247.7,2233.0,2235.3,6050
2025-09-24 14:15:00,2236.4,2236.5,2144.3,2217.7,99029
2025-09-24 15:15:00,2219.0,2229.1,2209.9,2216.0,24960
2025-09-25 09:15:00,2216.0,2222.0,2184.4,2210.0,29813
2025-09-25 10:15:00,2211.3,2215.0,2188.5,2207.9,8261
2025-09-25 11:15:00,2207.9,2207.9,2191.0,2194.5,5558
2025-09-25 12:15:00,2194.9,2199.0,2186.0,2195.1,5533
2025-09-25 13:15:00,2195.4,2200.0,2185.4,2188.4,6503
2025-09-25 14:15:00,2188.4,2190.0,2177.0,2185.6,11261
2025-09-25 15:15:00,2185.0,2185.5,2165.1,2165.1,8954
2025-09-26 09:15:00,2169.8,2171.2,2128.3,2149.0,21950
2025-09-26 10:15:00,2149.0,2179.0,2146.1,2158.7,11294
2025-09-26 11:15:00,2158.0,2160.3,2150.5,2155.2,3613
2025-09-26 12:15:00,2154.1,2172.7,2150.6,2169.2,10524
2025-09-26 13:15:00,2167.6,2171.0,2150.0,2156.0,4216
2025-09-26 14:15:00,2156.0,2179.0,2151.4,2159.5,11544
2025-09-26 15:15:00,2160.3,2180.0,2156.8,2164.2,5641
2025-09-29 09:15:00,2168.4,2168.4,2131.0,2136.3,17005
2025-09-29 10:15:00,2138.2,2143.0,2116.0,2136.0,47836
2025-09-29 11:15:00,2136.0,2148.0,2123.0,2136.2,16198
2025-09-29 12:15:00,2136.2,2160.9,2134.9,2154.5,16293
2025-09-29 13:15:00,2154.3,2170.0,2151.0,2160.1,10428
2025-09-29 14:15:00,2160.0,2290.0,2155.0,2176.4,138490
2025-09-29 15:15:00,2174.9,2181.8,2155.3,2170.0,47211
2025-09-30 09:15:00,2180.8,2200.3,2169.0,2177.7,22740
2025-09-30 10:15:00,2177.6,2178.6,2166.2,2175.4,4868
2025-09-30 11:15:00,2175.4,2190.9,2174.6,2180.5,8194
2025-09-30 12:15:00,2180.4,2185.4,2174.6,2177.5,3215
2025-09-30 13:15:00,2177.5,2186.9,2163.0,2177.9,16052
2025-09-30 14:15:00,2177.9,2203.4,2174.1,2196.5,18863
2025-09-30 15:15:00,2196.5,2208.0,2182.5,2183.9,6989
2025-10-01 09:15:00,2181.0,2196.8,2165.3,2187.0,13563
2025-10-01 10:15:00,2187.9,2191.8,2175.0,2175.0,10441
2025-10-01 11:15:00,2175.1,2215.4,2169.1,2209.7,8935
2025-10-01 12:15:00,2211.9,2211.9,2199.0,2200.0,4820
2025-10-01 13:15:00,2201.4,2208.0,2198.1,2201.2,3015
2025-10-01 14:15:00,2200.8,2221.9,2197.7,2205.2,11414
2025-10-01 15:15:00,2206.5,2216.9,2195.3,2200.6,9011
2025-10-03 09:15:00,2208.8,2216.5,2191.7,2201.4,12211
2025-10-03 10:15:00,2202.8,2204.2,2190.0,2196.5,3769
2025-10-03 11:15:00,2196.5,2209.4,2194.8,2204.3,3200
2025-10-03 12:15:00,2204.3,2208.0,2201.0,2205.0,1680
2025-10-03 13:15:00,2204.0,2207.9,2201.0,2203.1,3299
2025-10-03 14:15:00,2203.1,2214.8,2201.0,2207.9,6114
2025-10-03 15:15:00,2207.0,2207.6,2186.6,2200.0,9937
2025-10-06 09:15:00,2208.4,2208.4,2177.5,2189.5,15450
2025-10-06 10:15:00,2189.5,2194.0,2179.9,2182.5,7054
2025-10-06 11:15:00,2182.5,2183.6,2170.0,2172.8,6377
2025-10-06 12:15:00,2172.3,2178.1,2172.0,2173.8,3860
2025-10-06 13:15:00,2173.4,2182.6,2172.0,2180.4,4854
2025-10-06 14:15:00,2181.5,2204.4,2179.7,2190.0,16066
2025-10-06 15:15:00,2193.3,2193.3,2186.2,2191.0,7519
2025-10-07 09:15:00,2206.5,2215.5,2179.8,2196.0,24848
2025-10-07 10:15:00,2196.8,2206.0,2193.5,2195.2,7642
2025-10-07 11:15:00,2195.2,2201.2,2186.0,2186.6,8633
2025-10-07 12:15:00,2186.6,2188.0,2182.6,2183.9,3359
2025-10-07 13:15:00,2183.9,2187.0,2181.5,2186.0,3528
2025-10-07 14:15:00,2186.0,2195.7,2183.5,2185.3,7102
2025-10-07 15:15:00,2185.4,2194.0,2183.0,2188.0,6199
2025-10-08 09:15:00,2193.0,2193.0,2171.5,2181.0,20110
2025-10-08 10:15:00,2181.3,2182.2,2163.5,2163.8,7872
2025-10-08 11:15:00,2164.0,2166.1,2155.0,2157.2,5632
2025-10-08 12:15:00,2157.9,2161.7,2152.0,2158.1,6385
2025-10-08 13:15:00,2158.9,2163.4,2155.0,2156.5,4821
2025-10-08 14:15:00,2156.5,2156.5,2136.0,2137.3,12808
2025-10-08 15:15:00,2137.3,2139.7,2122.2,2130.0,17885
2025-10-09 09:15:00,2130.0,2185.0,2116.8,2170.4,30321
2025-10-09 10:15:00,2172.7,2175.0,2151.0,2159.0,12820
2025-10-09 11:15:00,2158.1,2164.3,2156.8,2160.1,10993
2025-10-09 12:15:00,2161.0,2168.9,2154.5,2159.1,19926
2025-10-09 13:15:00,2157.8,2165.3,2156.4,2160.0,8284
2025-10-09 14:15:00,2160.0,2173.1,2127.7,2129.8,40691
2025-10-09 15:15:00,2130.0,2134.6,2094.7,2105.0,88180
2025-10-10 09:15:00,2110.0,2145.1,2098.0,2140.1,27596
2025-10-10 10:15:00,2141.8,2158.0,2140.9,2151.3,11698
2025-10-10 11:15:00,2151.6,2153.9,2145.3,2152.0,4780
2025-10-10 12:15:00,2152.2,2156.0,2145.1,2153.0,4175
2025-10-10 13:15:00,2153.0,2161.0,2152.5,2158.7,5218
2025-10-10 14:15:00,2158.8,2164.9,2152.0,2155.9,12493
2025-10-10 15:15:00,2155.1,2159.8,2151.1,2157.3,7794
2025-10-13 09:15:00,2140.0,2153.0,2124.7,2139.5,13388
2025-10-13 10:15:00,2139.4,2140.0,2130.0,2137.9,4509
2025-10-13 11:15:00,2137.9,2138.0,2130.0,2132.2,2627
2025-10-13 12:15:00,2132.1,2147.0,2127.5,2143.7,5291
2025-10-13 13:15:00,2143.7,2144.7,2130.0,2131.8,3879
2025-10-13 14:15:00,2130.3,2156.8,2130.0,2148.2,16879
2025-10-13 15:15:00,2148.2,2156.0,2146.0,2153.3,10019
2025-10-14 09:15:00,2154.0,2185.1,2154.0,2169.4,14968
2025-10-14 10:15:00,2169.4,2170.0,2126.4,2132.0,22754
2025-10-14 11:15:00,2131.7,2132.1,2124.7,2127.1,9327
2025-10-14 12:15:00,2127.3,2128.9,2117.1,2121.7,6226
2025-10-14 13:15:00,2122.0,2128.9,2112.2,2117.4,9128
2025-10-14 14:15:00,2117.2,2129.6,2112.7,2124.8,15305
2025-10-14 15:15:00,2124.6,2134.9,2118.1,2129.7,9873
2025-10-15 09:15:00,2134.5,2164.8,2116.5,2146.5,40777
2025-10-15 10:15:00,2145.9,2146.7,2123.1,2125.7,18181
2025-10-15 11:15:00,2125.4,2130.0,2121.0,2123.0,10624
2025-10-15 12:15:00,2122.0,2125.4,2117.0,2124.7,7932
2025-10-15 13:15:00,2124.7,2126.0,2120.4,2124.2,12999
2025-10-15 14:15:00,2124.9,2130.8,2119.4,2127.2,14528
2025-10-15 15:15:00,2126.9,2136.0,2124.0,2133.0,11446
2025-10-16 09:15:00,2139.9,2164.0,2129.5,2154.9,23193
2025-10-16 10:15:00,2154.2,2165.0,2142.6,2156.3,10573
2025-10-16 11:15:00,2156.7,2158.8,2146.3,2154.8,5279
2025-10-16 12:15:00,2154.8,2195.0,2141.3,2180.0,44950
2025-10-16 13:15:00,2182.8,2189.0,2162.4,2171.0,50029
2025-10-16 14:15:00,2171.0,2178.9,2162.1,2175.1,23857
2025-10-16 15:15:00,2175.0,2176.0,2160.0,2171.5,15651
2025-10-17 09:15:00,2165.3,2166.0,2108.0,2112.1,59774
2025-10-17 10:15:00,2112.0,2116.0,2102.1,2105.5,16531
2025-10-17 11:15:00,2105.4,2106.9,2096.0,2099.4,19857
2025-10-17 12:15:00,2098.3,2099.6,2074.3,2076.4,30616
2025-10-17 13:15:00,2076.4,2093.9,2068.9,2076.9,46587
2025-10-17 14:15:00,2077.0,2085.7,2074.0,2085.7,46952
2025-10-17 15:15:00,2085.0,2091.0,2081.0,2085.9,19806
2025-10-20 09:15:00,2084.5,2084.5,2048.0,2048.0,27630
2025-10-20 10:15:00,2048.1,2053.0,2042.1,2049.2,9686
2025-10-20 11:15:00,2049.2,2050.9,2043.7,2048.1,6132
2025-10-20 12:15:00,2047.9,2051.4,2046.5,2047.2,8069
2025-10-20 13:15:00,2047.2,2053.3,2046.0,2046.8,18020
2025-10-20 14:15:00,2046.8,2051.3,2042.1,2044.3,13382
2025-10-20 15:15:00,2044.2,2044.4,2028.0,2036.0,21237
2025-10-21 13:45:00,2062.0,2074.0,2055.0,2073.0,12202
2025-10-23 09:15:00,2090.1,2114.4,2066.3,2112.2,43853
2025-10-23 10:15:00,2111.9,2124.9,2094.0,2113.4,27075
2025-10-23 11:15:00,2113.1,2163.6,2106.1,2153.3,64211
2025-10-23 12:15:00,2155.0,2178.0,2150.0,2170.5,39197
2025-10-23 13:15:00,2170.5,2225.0,2162.0,2183.8,270129
2025-10-23 14:15:00,2183.7,2192.7,2152.5,2175.8,131480
2025-10-23 15:15:00,2175.9,2185.0,2155.0,2157.0,34098
2025-10-24 09:15:00,2165.8,2165.8,2125.4,2133.1,31876
2025-10-24 10:15:00,2132.4,2148.1,2126.4,2135.8,10688
2025-10-24 11:15:00,2135.8,2138.9,2127.2,2133.0,8644
2025-10-24 12:15:00,2133.0,2134.0,2122.0,2128.3,6758
2025-10-24 13:15:00,2127.5,2129.3,2115.5,2122.6,8790
2025-10-24 14:15:00,2122.6,2129.2,2116.0,2118.7,14687
2025-10-24 15:15:00,2118.7,2122.2,2112.0,2115.5,13078
2025-10-27 09:15:00,2120.0,2145.8,2102.0,2140.0,25352
2025-10-27 10:15:00,2136.5,2182.0,2133.0,2180.0,25835
2025-10-27 11:15:00,2180.0,2182.9,2175.0,2180.2,13715
2025-10-27 12:15:00,2180.5,2182.0,2174.0,2180.0,18711
2025-10-27 13:15:00,2180.1,2203.5,2175.1,2200.0,46646
2025-10-27 14:15:00,2200.1,2206.6,2191.8,2200.0,29268
2025-10-27 15:15:00,2200.4,2210.0,2195.0,2205.0,22192
2025-10-28 09:15:00,2209.0,2209.0,2161.0,2165.7,19124
2025-10-28 10:15:00,2165.0,2179.1,2158.8,2172.0,6306
2025-10-28 11:15:00,2172.3,2175.0,2163.0,2166.6,5621
2025-10-28 12:15:00,2166.6,2168.9,2160.1,2167.1,5543
2025-10-28 13:15:00,2166.1,2167.2,2160.5,2163.1,5998
2025-10-28 14:15:00,2163.1,2167.8,2160.0,2162.7,13603
2025-10-28 15:15:00,2161.0,2174.9,2160.8,2167.3,9940
2025-10-29 09:15:00,2168.1,2168.8,2145.1,2148.2,10566
2025-10-29 10:15:00,2149.8,2165.2,2149.4,2160.2,6821
2025-10-29 11:15:00,2160.1,2171.9,2158.0,2164.3,5437
2025-10-29 12:15:00,2164.3,2172.3,2160.1,2164.7,6234
2025-10-29 13:15:00,2164.7,2168.6,2160.0,2167.0,4697
2025-10-29 14:15:00,2165.3,2178.0,2162.9,2175.0,10759
2025-10-29 15:15:00,2175.0,2180.7,2173.0,2175.0,5527
2025-10-30 09:15:00,2169.0,2174.4,2153.1,2154.8,14383
2025-10-30 10:15:00,2154.0,2161.6,2145.9,2158.7,7232
2025-10-30 11:15:00,2158.7,2171.1,2155.0,2163.9,5399
2025-10-30 12:15:00,2163.9,2166.0,2155.1,2164.9,3964
2025-10-30 13:15:00,2164.8,2164.8,2156.0,2161.5,3710
2025-10-30 14:15:00,2161.5,2167.0,2157.0,2166.0,7808
2025-10-30 15:15:00,2166.0,2172.0,2161.1,2171.0,6228
2025-10-31 09:15:00,2156.8,2160.1,2135.0,2142.7,17139
2025-10-31 10:15:00,2142.7,2144.3,2125.7,2132.2,11786
2025-10-31 11:15:00,2132.2,2143.6,2125.3,2138.8,9613
2025-10-31 12:15:00,2138.7,2144.9,2133.0,2143.7,7287
2025-10-31 13:15:00,2143.7,2150.6,2137.7,2144.7,8080
2025-10-31 14:15:00,2142.9,2145.8,2133.5,2140.0,18064
2025-10-31 15:15:00,2140.0,2142.8,2130.6,2140.0,10873
2025-11-03 09:15:00,2146.5,2170.0,2134.1,2156.4,9903
2025-11-03 10:15:00,2155.0,2175.0,2143.0,2170.0,8405
2025-11-03 11:15:00,2170.5,2174.6,2167.0,2170.0,4142
2025-11-03 12:15:00,2170.0,2174.4,2167.2,2171.0,2487
2025-11-03 13:15:00,2171.0,2173.0,2168.0,2170.8,2242
2025-11-03 14:15:00,2170.0,2199.0,2167.6,2170.7,16583
2025-11-03 15:15:00,2170.9,2180.0,2169.0,2173.0,7542
2025-11-04 09:15:00,2178.4,2183.0,2132.1,2133.1,21441
2025-11-04 10:15:00,2133.2,2136.3,2128.9,2130.5,6087
2025-11-04 11:15:00,2130.0,2140.0,2127.6,2133.1,4002
2025-11-04 12:15:00,2132.9,2135.1,2130.7,2132.0,4417
2025-11-04 13:15:00,2132.1,2144.6,2131.9,2140.0,10250
2025-11-04 14:15:00,2140.0,2145.0,2136.8,2139.1,11241
2025-11-04 15:15:00,2139.1,2139.9,2135.2,2139.1,9902
2025-11-06 09:15:00,2131.0,2139.6,2105.0,2115.0,13983
2025-11-06 10:15:00,2114.9,2117.3,2105.0,2106.9,4964
2025-11-06 11:15:00,2106.9,2117.9,2100.1,2113.6,10991
2025-11-06 12:15:00,2113.6,2121.3,2110.6,2116.9,3587
2025-11-06 13:15:00,2116.9,2118.9,2112.0,2114.5,2363
2025-11-06 14:15:00,2114.5,2118.5,2101.4,2115.0,15236
2025-11-06 15:15:00,2115.0,2116.2,2109.0,2116.0,16086
2025-11-07 09:15:00,2102.8,2102.8,2072.9,2094.8,11338
2025-11-07 10:15:00,2095.7,2103.8,2090.2,2103.3,5111
2025-11-07 11:15:00,2102.0,2104.5,2098.6,2102.9,2397
2025-11-07 12:15:00,2101.7,2104.0,2098.1,2102.8,3038
2025-11-07 13:15:00,2102.8,2104.9,2099.7,2103.0,2355
2025-11-07 14:15:00,2102.5,2105.0,2096.9,2101.4,7568
2025-11-07 15:15:00,2101.2,2105.0,2097.0,2100.0,4333
2025-11-10 09:15:00,2101.1,2126.8,2092.1,2118.6,13977
2025-11-10 10:15:00,2118.8,2148.0,2117.1,2143.2,7803
2025-11-10 11:15:00,2143.5,2162.4,2140.0,2155.0,16943
2025-11-10 12:15:00,2155.0,2165.0,2148.1,2164.8,8007
2025-11-10 13:15:00,2164.9,2173.0,2161.0,2164.2,14214
2025-11-10 14:15:00,2165.8,2166.8,2154.1,2159.6,14996
2025-11-10 15:15:00,2159.6,2160.2,2154.7,2156.0,6185
2025-11-11 09:15:00,2158.9,2172.6,2129.4,2169.2,20434
2025-11-11 10:15:00,2169.2,2178.0,2165.0,2168.9,13646
2025-11-11 11:15:00,2168.8,2187.8,2168.8,2184.9,14264
2025-11-11 12:15:00,2184.6,2190.0,2180.5,2181.0,10529
2025-11-11 13:15:00,2183.5,2215.6,2181.9,2212.3,43162
2025-11-11 14:15:00,2210.4,2221.5,2198.8,2204.0,23971
2025-11-11 15:15:00,2203.9,2210.0,2200.0,2200.0,8488
2025-11-12 09:15:00,2215.0,2244.0,2202.8,2236.4,31190
2025-11-12 10:15:00,2236.7,2242.0,2218.1,2223.2,10147
2025-11-12 11:15:00,2222.7,2224.0,2211.0,2214.0,3995
2025-11-12 12:15:00,2214.0,2221.9,2211.0,2215.5,4313
2025-11-12 13:15:00,2215.5,2239.0,2215.0,2230.6,7801
2025-11-12 14:15:00,2230.6,2257.8,2229.7,2257.0,34744
2025-11-12 15:15:00,2257.0,2265.0,2251.7,2260.1,16339
2025-11-13 09:15:00,2283.9,2294.4,2250.6,2260.7,51624
2025-11-13 10:15:00,2260.9,2264.5,2251.6,2257.0,12067
2025-11-13 11:15:00,2257.0,2259.0,2250.0,2256.1,9795
2025-11-13 12:15:00,2255.1,2262.2,2255.0,2258.6,6850
2025-11-13 13:15:00,2258.6,2262.0,2251.0,2252.9,4443
2025-11-13 14:15:00,2252.7,2258.0,2241.0,2242.5,12310
2025-11-13 15:15:00,2242.5,2257.9,2240.0,2246.0,9112
2025-11-14 09:15:00,2240.0,2240.0,2217.6,2222.8,7678
2025-11-14 10:15:00,2222.8,2238.8,2220.2,2236.8,4276
2025-11-14 11:15:00,2236.6,2239.5,2231.4,2235.6,2995
2025-11-14 12:15:00,2236.8,2240.0,2222.0,2226.5,9496
2025-11-14 13:15:00,2227.9,2236.5,2223.0,2225.0,3432
2025-11-14 14:15:00,2225.0,2237.6,2223.4,2234.2,7000
2025-11-14 15:15:00,2235.8,2238.0,2231.0,2237.9,2347
2025-11-17 09:15:00,2295.0,2369.0,2275.6,2329.3,307884
2025-11-17 10:15:00,2330.0,2332.5,2325.0,2330.0,100408
2025-11-17 11:15:00,2330.0,2355.0,2328.4,2332.9,70177
2025-11-17 12:15:00,2332.9,2335.7,2327.0,2331.0,17942
2025-11-17 13:15:00,2332.5,2336.8,2329.0,2332.8,16197
2025-11-17 14:15:00,2332.6,2342.0,2329.1,2334.0,36677
2025-11-17 15:15:00,2334.5,2341.0,2330.0,2335.0,27971
2025-11-18 09:15:00,2336.4,2360.0,2311.0,2315.0,44892
2025-11-18 10:15:00,2316.2,2325.4,2309.1,2318.0,13221
2025-11-18 11:15:00,2317.5,2321.1,2311.0,2318.6,10955
2025-11-18 12:15:00,2318.6,2323.0,2315.0,2321.0,2645
2025-11-18 13:15:00,2320.7,2321.8,2291.0,2294.3,11534
2025-11-18 14:15:00,2295.0,2298.9,2284.5,2288.0,13775
2025-11-18 15:15:00,2287.4,2290.0,2280.0,2280.7,6601
2025-11-19 09:15:00,2299.8,2310.0,2274.0,2276.8,28892
2025-11-19 10:15:00,2276.8,2283.0,2265.0,2277.6,13382
2025-11-19 11:15:00,2276.9,2290.0,2276.0,2288.9,7498
2025-11-19 12:15:00,2290.0,2292.0,2280.2,2289.1,10168
2025-11-19 13:15:00,2289.5,2290.0,2280.1,2289.0,7451
2025-11-19 14:15:00,2289.5,2309.9,2287.2,2300.7,13701
2025-11-19 15:15:00,2300.5,2306.0,2296.5,2306.0,7239
2025-11-20 09:15:00,2324.7,2326.0,2272.2,2286.7,21419
2025-11-20 10:15:00,2288.3,2290.0,2283.2,2283.9,3226
2025-11-20 11:15:00,2285.8,2287.7,2278.0,2280.8,4018
2025-11-20 12:15:00,2280.9,2284.9,2277.0,2282.5,5457
2025-11-20 13:15:00,2280.5,2288.9,2275.0,2277.0,5325
2025-11-20 14:15:00,2277.1,2289.9,2274.0,2285.0,12562
2025-11-20 15:15:00,2284.9,2300.0,2275.0,2297.0,6582
2025-11-21 09:15:00,2279.0,2285.0,2259.5,2262.5,13374
2025-11-21 10:15:00,2263.9,2275.4,2260.2,2272.7,4521
2025-11-21 11:15:00,2272.0,2279.9,2271.4,2277.0,2405
2025-11-21 12:15:00,2277.7,2292.3,2277.5,2280.8,4568
2025-11-21 13:15:00,2280.0,2280.0,2261.7,2265.0,9115
2025-11-21 14:15:00,2266.8,2268.5,2250.6,2257.1,10093
2025-11-21 15:15:00,2257.1,2289.0,2256.0,2285.0,6269
2025-11-24 09:15:00,2273.1,2294.5,2255.0,2255.4,10539
2025-11-24 10:15:00,2256.6,2268.0,2252.4,2259.2,4208
2025-11-24 11:15:00,2258.4,2260.0,2238.1,2253.9,6575
2025-11-24 12:15:00,2254.0,2267.0,2253.0,2262.0,5586
2025-11-24 13:15:00,2259.7,2262.0,2245.6,2249.5,3732
2025-11-24 14:15:00,2249.0,2262.5,2225.9,2260.9,15853
2025-11-24 15:15:00,2261.0,2269.1,2200.0,2232.0,9969
2025-11-25 09:15:00,2250.0,2250.0,2227.0,2234.0,5816
2025-11-25 10:15:00,2234.0,2236.6,2223.1,2232.6,2484
2025-11-25 11:15:00,2232.4,2240.6,2230.6,2235.0,2022
2025-11-25 12:15:00,2235.0,2236.7,2228.0,2232.3,1662
2025-11-25 13:15:00,2232.2,2234.3,2222.2,2228.0,3211
2025-11-25 14:15:00,2229.2,2231.8,2223.0,2225.5,5104
2025-11-25 15:15:00,2228.1,2234.8,2227.2,2234.6,2468
2025-11-26 09:15:00,2232.6,2256.0,2228.0,2250.4,10942
2025-11-26 10:15:00,2250.4,2250.4,2236.1,2238.4,3028
2025-11-26 11:15:00,2238.3,2248.3,2235.0,2241.7,3151
2025-11-26 12:15:00,2241.9,2243.0,2233.9,2235.7,1168
2025-11-26 13:15:00,2233.1,2250.0,2231.8,2246.7,4126
2025-11-26 14:15:00,2244.8,2246.7,2231.4,2234.5,6807
2025-11-26 15:15:00,2234.5,2239.0,2230.6,2239.0,3674
2025-11-27 09:15:00,2241.6,2242.5,2215.8,2226.0,8494
2025-11-27 10:15:00,2226.0,2227.5,2212.8,2213.1,3700
2025-11-27 11:15:00,2213.1,2217.0,2210.2,2211.3,1918
2025-11-27 12:15:00,2211.3,2215.0,2207.2,2208.5,3176
2025-11-27 13:15:00,2210.2,2214.5,2205.1,2209.0,2273
2025-11-27 14:15:00,2209.1,2219.0,2209.1,2212.6,4764
2025-11-27 15:15:00,2212.7,2219.0,2212.6,2219.0,3762
2025-11-28 09:15:00,2216.0,2229.8,2211.1,2226.1,6681
2025-11-28 10:15:00,2225.2,2233.4,2223.2,2228.9,2450
2025-11-28 11:15:00,2227.6,2229.7,2220.1,2223.2,1368
2025-11-28 12:15:00,2224.9,2226.6,2216.0,2221.9,1332
2025-11-28 13:15:00,2223.4,2223.4,2200.6,2220.0,10865
2025-11-28 14:15:00,2220.0,2227.1,2216.0,2222.2,6385
2025-11-28 15:15:00,2222.0,2225.0,2185.8,2220.0,15695
2025-12-01 09:15:00,2221.0,2261.3,2221.0,2239.1,10422
2025-12-01 10:15:00,2238.2,2240.4,2216.2,2218.5,3712
2025-12-01 11:15:00,2219.2,2229.0,2216.0,2221.0,2807
2025-12-01 12:15:00,2221.8,2222.5,2205.7,2213.3,3047
2025-12-01 13:15:00,2211.4,2216.3,2205.8,2209.8,3737
2025-12-01 14:15:00,2208.0,2219.9,2181.5,2191.3,10658
2025-12-01 15:15:00,2191.6,2199.9,2190.0,2195.0,4304
2025-12-02 09:15:00,2185.0,2203.8,2171.2,2172.1,10420
2025-12-02 10:15:00,2172.1,2318.0,2165.1,2222.0,136690
2025-12-02 11:15:00,2222.0,2254.7,2216.1,2219.4,22353
2025-12-02 12:15:00,2218.6,2220.7,2193.2,2203.1,11801
2025-12-02 13:15:00,2203.1,2203.1,2177.0,2180.0,9438
2025-12-02 14:15:00,2180.0,2219.6,2173.1,2207.6,43441
2025-12-02 15:15:00,2206.6,2211.0,2190.6,2195.0,14737
2025-12-03 09:15:00,2189.8,2201.0,2177.0,2180.9,9722
2025-12-03 10:15:00,2180.7,2193.3,2178.1,2190.6,6102
2025-12-03 11:15:00,2190.6,2212.6,2187.9,2204.0,57000
2025-12-03 12:15:00,2204.0,2212.5,2192.4,2194.9,4927
2025-12-03 13:15:00,2194.8,2195.8,2185.1,2190.0,1125
2025-12-03 14:15:00,2190.0,2194.1,2166.1,2167.7,11253
2025-12-03 15:15:00,2167.5,2170.0,2159.1,2165.0,5204
2025-12-04 09:15:00,2163.0,2185.9,2161.1,2176.0,16656
2025-12-04 10:15:00,2177.3,2180.5,2167.6,2170.0,8455
2025-12-04 11:15:00,2170.4,2174.9,2164.4,2167.3,3717
2025-12-04 12:15:00,2167.3,2177.0,2153.7,2175.0,11040
2025-12-04 13:15:00,2175.0,2184.6,2159.0,2160.1,27305
2025-12-04 14:15:00,2160.3,2173.8,2160.3,2170.3,12512
2025-12-04 15:15:00,2170.9,2174.6,2164.1,2167.0,5681
2025-12-05 09:15:00,2164.6,2166.9,2143.0,2151.9,10575
2025-12-05 10:15:00,2153.5,2153.5,2135.0,2141.0,7663
2025-12-05 11:15:00,2141.0,2159.0,2135.0,2155.4,15358
2025-12-05 12:15:00,2155.7,2157.6,2149.9,2153.2,6668
2025-12-05 13:15:00,2153.4,2159.9,2149.1,2155.4,2693
2025-12-05 14:15:00,2155.4,2160.0,2150.8,2157.9,7946
2025-12-05 15:15:00,2158.0,2159.0,2156.1,2159.0,3738
2025-12-08 09:15:00,2160.0,2161.5,2125.0,2125.9,8197
2025-12-08 10:15:00,2125.0,2130.0,2115.5,2116.1,6517
2025-12-08 11:15:00,2116.1,2144.8,2112.0,2139.0,13682
2025-12-08 12:15:00,2139.0,2140.6,2112.0,2113.8,14471
2025-12-08 13:15:00,2114.0,2130.9,2111.4,2114.6,14963
2025-12-08 14:15:00,2114.6,2132.0,2109.3,2125.7,10840
2025-12-08 15:15:00,2126.1,2150.0,2124.1,2127.0,6373
2025-12-09 09:15:00,2129.4,2136.5,2085.0,2099.5,21129
2025-12-09 10:15:00,2099.0,2115.0,2099.0,2109.6,6271
2025-12-09 11:15:00,2109.6,2141.8,2101.3,2141.8,5562
2025-12-09 12:15:00,2140.2,2143.5,2135.0,2142.9,4476
2025-12-09 13:15:00,2143.9,2144.4,2138.5,2142.6,3673
2025-12-09 14:15:00,2142.6,2209.0,2142.6,2193.0,20165
2025-12-09 15:15:00,2193.9,2212.1,2175.6,2180.0,13753
2025-12-10 09:15:00,2180.0,2219.2,2172.5,2201.0,11445
2025-12-10 10:15:00,2200.3,2207.3,2198.8,2202.9,4219
2025-12-10 11:15:00,2202.9,2208.6,2200.0,2200.0,3559
2025-12-10 12:15:00,2200.0,2202.9,2174.0,2174.0,7697
2025-12-10 13:15:00,2173.9,2174.9,2165.0,2166.0,1678
2025-12-10 14:15:00,2167.3,2167.3,2150.0,2152.7,4010
2025-12-10 15:15:00,2152.1,2155.0,2145.0,2149.0,3291
2025-12-11 09:15:00,2152.6,2205.0,2145.4,2203.1,12046
2025-12-11 10:15:00,2202.1,2212.4,2189.3,2199.9,8842
2025-12-11 11:15:00,2197.5,2205.3,2196.2,2202.0,2136
2025-12-11 12:15:00,2203.8,2208.5,2198.1,2200.0,4249
2025-12-11 13:15:00,2200.2,2208.9,2182.1,2183.9,21918
2025-12-11 14:15:00,2185.5,2185.8,2163.3,2178.7,6557
2025-12-11 15:15:00,2178.0,2189.0,2170.1,2172.8,2893
2025-12-12 09:15:00,2180.2,2185.1,2145.0,2148.6,14456
2025-12-12 10:15:00,2148.7,2157.8,2146.8,2148.7,4011
2025-12-12 11:15:00,2149.4,2169.1,2144.5,2147.1,9090
2025-12-12 12:15:00,2147.8,2149.8,2144.5,2145.1,2819
2025-12-12 13:15:00,2145.1,2179.1,2145.0,2165.2,9045
2025-12-12 14:15:00,2165.2,2174.0,2164.0,2172.8,8179
2025-12-12 15:15:00,2170.5,2178.0,2170.5,2176.0,5384
2025-12-15 09:15:00,2165.0,2176.3,2156.5,2165.7,3675
2025-12-15 10:15:00,2165.5,2180.5,2165.1,2176.0,2639
2025-12-15 11:15:00,2176.0,2181.0,2170.0,2178.8,1673
2025-12-15 12:15:00,2178.5,2179.8,2172.2,2178.0,562
2025-12-15 13:15:00,2177.8,2179.0,2173.5,2178.2,762
2025-12-15 14:15:00,2178.2,2186.3,2166.4,2181.0,6161
2025-12-15 15:15:00,2180.5,2183.6,2173.0,2180.0,1733
2025-12-16 09:15:00,2163.7,2192.2,2163.7,2191.9,6708
2025-12-16 10:15:00,2191.9,2200.0,2187.1,2197.5,4564
2025-12-16 11:15:00,2197.5,2200.0,2187.0,2187.5,4037
2025-12-16 12:15:00,2189.9,2195.3,2186.2,2191.1,2385
2025-12-16 13:15:00,2190.7,2192.1,2185.3,2186.6,1316
2025-12-16 14:15:00,2187.4,2190.5,2174.4,2180.2,7118
2025-12-16 15:15:00,2181.0,2186.1,2171.1,2183.8,3651
2025-12-17 09:15:00,2172.4,2203.3,2172.4,2188.1,6200
2025-12-17 10:15:00,2189.2,2198.4,2182.2,2193.8,2994
2025-12-17 11:15:00,2194.5,2198.0,2178.0,2185.9,3771
2025-12-17 12:15:00,2185.9,2185.9,2165.0,2167.0,5720
2025-12-17 13:15:00,2169.0,2176.0,2162.8,2166.0,4267
2025-12-17 14:15:00,2164.7,2170.7,2154.4,2165.5,5487
2025-12-17 15:15:00,2164.1,2168.0,2157.0,2167.1,3057
2025-12-18 09:15:00,2163.1,2165.0,2140.2,2145.4,4905
2025-12-18 10:15:00,2146.3,2157.0,2146.3,2152.3,1661
2025-12-18 11:15:00,2153.0,2157.0,2151.2,2155.5,1230
2025-12-18 12:15:00,2156.9,2157.0,2138.8,2143.4,3912
2025-12-18 13:15:00,2142.0,2148.0,2137.2,2140.2,2208
2025-12-18 14:15:00,2140.3,2141.6,2132.0,2136.9,4283
2025-12-18 15:15:00,2137.5,2150.0,2132.2,2149.0,3365
2025-12-19 09:15:00,2150.9,2160.2,2142.6,2154.0,7540
2025-12-19 10:15:00,2154.0,2168.9,2154.0,2161.4,4067
2025-12-19 11:15:00,2161.6,2162.4,2151.3,2159.9,2170
2025-12-19 12:15:00,2160.1,2163.9,2155.0,2159.4,1625
2025-12-19 13:15:00,2159.6,2179.1,2156.1,2174.9,6890
2025-12-19 14:15:00,2174.7,2178.4,2145.3,2155.9,10611
2025-12-19 15:15:00,2153.9,2162.0,2145.0,2151.0,9125
2025-12-22 09:15:00,2160.5,2190.0,2160.5,2172.5,6857
2025-12-22 10:15:00,2172.0,2196.6,2167.0,2189.2,15803
2025-12-22 11:15:00,2186.6,2196.0,2165.2,2186.9,15890
2025-12-22 12:15:00,2186.0,2199.0,2161.0,2192.0,15207
2025-12-22 13:15:00,2191.4,2209.5,2175.0,2194.7,15728
2025-12-22 14:15:00,2193.5,2206.0,2190.0,2192.2,8749
2025-12-22 15:15:00,2191.2,2200.0,2182.2,2189.1,6555
2025-12-23 09:15:00,2185.0,2189.0,2174.0,2187.3,3557
2025-12-23 10:15:00,2187.2,2187.3,2175.0,2177.0,2716
2025-12-23 11:15:00,2177.0,2181.9,2175.0,2177.0,1455
2025-12-23 12:15:00,2177.0,2177.6,2169.0,2173.2,2154
2025-12-23 13:15:00,2171.8,2177.0,2165.5,2166.2,2166
2025-12-23 14:15:00,2166.2,2171.9,2160.3,2167.1,5827
2025-12-23 15:15:00,2166.5,2171.0,2164.5,2170.0,2465
2025-12-24 09:15:00,2169.2,2171.0,2155.1,2157.5,4429
2025-12-24 10:15:00,2159.4,2162.0,2153.0,2158.5,2292
2025-12-24 11:15:00,2159.0,2160.6,2150.1,2151.1,2571
2025-12-24 12:15:00,2151.1,2156.6,2147.5,2150.0,2539
2025-12-24 13:15:00,2148.0,2150.0,2140.0,2144.7,3015
2025-12-24 14:15:00,2144.8,2148.2,2141.1,2146.6,2150
2025-12-24 15:15:00,2146.1,2156.4,2141.3,2143.0,3760
2025-12-26 09:15:00,2145.8,2154.3,2138.2,2142.3,5149
2025-12-26 10:15:00,2140.5,2152.3,2110.5,2149.8,21323
2025-12-26 11:15:00,2151.0,2152.4,2125.2,2129.4,9257
2025-12-26 12:15:00,2129.4,2132.6,2122.0,2126.9,8828
2025-12-26 13:15:00,2126.6,2188.0,2124.4,2159.5,30012
2025-12-26 14:15:00,2159.3,2194.0,2121.2,2165.4,118657
2025-12-26 15:15:00,2167.8,2170.0,2070.1,2113.0,50588
2025-12-29 09:15:00,2110.0,2120.3,2096.1,2096.8,14568
2025-12-29 10:15:00,2098.0,2099.0,2083.0,2088.1,10189
2025-12-29 11:15:00,2087.9,2088.9,2078.9,2082.6,8174
2025-12-29 12:15:00,2081.6,2123.8,2078.0,2118.4,24673
2025-12-29 13:15:00,2118.2,2122.8,2104.1,2106.1,10236
2025-12-29 14:15:00,2105.1,2120.9,2100.0,2108.0,6409
2025-12-29 15:15:00,2108.2,2120.0,2098.7,2118.0,5195
2025-12-30 09:15:00,2105.3,2105.3,2080.0,2090.0,26919
2025-12-30 10:15:00,2090.8,2091.4,2062.9,2064.0,13341
2025-12-30 11:15:00,2064.0,2091.2,2055.0,2080.4,36631
2025-12-30 12:15:00,2079.0,2089.3,2020.0,2049.0,79260
2025-12-30 13:15:00,2047.0,2055.9,2027.9,2033.2,22418
2025-12-30 14:15:00,2035.4,2081.9,2025.5,2049.1,56503
2025-12-30 15:15:00,2049.9,2074.4,2048.7,2069.0,22009
2025-12-31 09:15:00,2060.0,2076.9,2054.2,2057.2,15670
2025-12-31 10:15:00,2057.7,2064.5,2055.0,2055.0,6123
2025-12-31 11:15:00,2056.3,2062.6,2050.0,2060.0,2293
2025-12-31 12:15:00,2061.0,2075.5,2056.0,2058.1,52137
2025-12-31 13:15:00,2059.3,2060.0,2051.1,2053.5,7586
2025-12-31 14:15:00,2054.2,2057.0,2044.8,2046.1,162102
2025-12-31 15:15:00,2047.4,2057.2,2042.0,2053.8,7932
2026-01-01 09:15:00,2058.0,2065.6,2050.0,2053.6,5563
2026-01-01 10:15:00,2053.6,2057.5,2047.0,2055.3,2564
2026-01-01 11:15:00,2053.6,2058.8,2047.0,2049.0,3413
2026-01-01 12:15:00,2051.8,2058.3,2049.1,2052.3,1633
2026-01-01 13:15:00,2052.8,2059.0,2049.0,2052.3,2239
2026-01-01 14:15:00,2052.6,2115.0,2052.5,2112.1,31419
2026-01-01 15:15:00,2112.0,2113.9,2090.0,2112.5,17079
2026-01-02 09:15:00,2120.4,2120.8,2091.2,2104.2,11246
2026-01-02 10:15:00,2103.5,2107.5,2103.2,2107.0,1774
2026-01-02 11:15:00,2108.9,2109.5,2099.1,2100.6,3528
2026-01-02 12:15:00,2102.4,2104.2,2097.1,2097.1,1769
2026-01-02 13:15:00,2098.7,2102.7,2095.1,2096.1,2622
2026-01-02 14:15:00,2096.3,2115.0,2096.3,2112.1,7093
2026-01-02 15:15:00,2111.9,2122.9,2107.2,2118.0,9059
2026-01-05 09:15:00,2118.0,2118.0,2097.8,2109.4,7533
2026-01-05 10:15:00,2110.1,2110.1,2105.0,2106.4,2755
2026-01-05 11:15:00,2106.4,2108.1,2100.0,2108.1,1907
2026-01-05 12:15:00,2109.5,2115.0,2103.0,2103.0,2504
2026-01-05 13:15:00,2103.9,2108.5,2100.0,2100.0,2809
2026-01-05 14:15:00,2100.4,2109.7,2098.0,2103.3,5627
2026-01-05 15:15:00,2103.4,2104.6,2091.0,2093.0,3993
2026-01-06 09:15:00,2105.5,2105.5,2085.6,2095.3,4014
2026-01-06 10:15:00,2093.8,2105.5,2090.6,2097.7,3577
2026-01-06 11:15:00,2097.4,2097.9,2090.0,2093.9,1348
2026-01-06 12:15:00,2093.9,2096.7,2082.0,2094.1,2304
2026-01-06 13:15:00,2095.1,2097.0,2075.0,2075.2,3691
2026-01-06 14:15:00,2075.0,2103.0,2075.0,2098.0,8362
2026-01-06 15:15:00,2098.2,2110.0,2098.2,2100.0,3197
2026-01-07 09:15:00,2090.0,2110.4,2087.0,2110.0,11023
2026-01-07 10:15:00,2110.9,2117.9,2105.0,2111.4,3128
2026-01-07 11:15:00,2111.0,2117.4,2107.5,2110.0,1682
2026-01-07 12:15:00,2109.9,2113.9,2101.6,2110.5,2403
2026-01-07 13:15:00,2110.6,2117.0,2107.2,2115.1,3210
2026-01-07 14:15:00,2113.8,2130.0,2112.5,2129.1,8288
2026-01-07 15:15:00,2129.1,2129.1,2117.6,2124.0,2668
2026-01-08 09:15:00,2112.0,2122.7,2093.4,2104.0,7928
2026-01-08 10:15:00,2103.2,2103.9,2088.0,2090.0,2211
2026-01-08 11:15:00,2088.5,2088.5,2076.2,2080.3,3354
2026-01-08 12:15:00,2080.5,2084.3,2067.3,2072.2,106591
2026-01-08 13:15:00,2073.6,2075.0,2068.0,2072.0,2029
2026-01-08 14:15:00,2071.9,2076.5,2067.5,2071.2,5218
2026-01-08 15:15:00,2069.6,2071.0,2052.0,2062.8,6047
2026-01-09 09:15:00,2054.0,2069.0,2031.5,2046.5,188800
2026-01-09 10:15:00,2046.6,2053.0,2036.3,2041.1,18532
2026-01-09 11:15:00,2041.2,2044.2,2035.0,2036.2,2954
2026-01-09 12:15:00,2037.7,2075.6,2036.2,2071.1,24563
2026-01-09 13:15:00,2069.7,2074.7,2067.0,2070.7,7003
2026-01-09 14:15:00,2070.8,2072.3,2046.7,2049.6,9724
2026-01-09 15:15:00,2051.1,2059.9,2031.1,2050.0,4999
2026-01-12 09:15:00,2035.2,2045.9,2000.1,2027.4,11216
2026-01-12 10:15:00,2024.1,2028.8,2009.0,2013.1,4340
2026-01-12 11:15:00,2011.1,2015.5,2002.9,2008.0,159250
2026-01-12 12:15:00,2008.0,2026.2,2008.0,2022.6,12655
2026-01-12 13:15:00,2022.6,2025.0,2017.3,2020.5,2495
2026-01-12 14:15:00,2019.5,2024.4,2007.7,2012.9,8478
2026-01-12 15:15:00,2012.9,2024.9,2010.0,2024.0,6114
2026-01-13 09:15:00,2023.9,2042.4,2000.4,2037.9,144427
2026-01-13 10:15:00,2036.9,2050.4,2035.7,2041.0,5667
2026-01-13 11:15:00,2041.2,2050.7,2039.2,2042.8,5433
2026-01-13 12:15:00,2042.8,2052.2,2028.6,2035.9,95354
2026-01-13 13:15:00,2036.8,2042.4,2025.0,2027.3,3798
2026-01-13 14:15:00,2029.5,2042.2,2025.2,2036.4,4421
2026-01-13 15:15:00,2035.2,2041.4,2025.0,2025.6,6045
2026-01-14 09:15:00,2030.1,2043.9,2024.6,2038.2,4477
2026-01-14 10:15:00,2038.2,2047.9,2034.5,2043.7,3347
2026-01-14 11:15:00,2044.5,2054.9,2044.5,2049.9,2075
2026-01-14 12:15:00,2049.6,2059.2,2045.0,2049.6,5924
2026-01-14 13:15:00,2050.5,2051.7,2042.1,2045.1,2150
2026-01-14 14:15:00,2045.1,2048.9,2041.4,2045.2,3539
2026-01-14 15:15:00,2044.6,2048.0,2037.8,2040.0,3316
2026-01-16 09:15:00,2057.1,2113.4,2047.3,2104.8,70571
2026-01-16 10:15:00,2103.1,2122.1,2098.4,2110.0,8630
2026-01-16 11:15:00,2110.2,2116.0,2102.2,2115.5,5955
2026-01-16 12:15:00,2114.7,2117.4,2100.4,2116.3,7728
2026-01-16 13:15:00,2116.3,2117.7,2102.4,2107.9,5500
2026-01-16 14:15:00,2107.4,2108.6,2094.5,2101.0,13851
2026-01-16 15:15:00,2102.6,2117.0,2090.0,2104.4,7325
2026-01-19 09:15:00,2090.2,2196.5,2079.0,2196.5,79938
2026-01-19 10:15:00,2195.6,2223.0,2192.9,2203.3,91480
2026-01-19 11:15:00,2203.0,2204.8,2179.3,2191.0,37455
2026-01-19 12:15:00,2189.1,2192.1,2175.3,2184.0,18573
2026-01-19 13:15:00,2185.4,2188.7,2168.3,2172.0,11489
2026-01-19 14:15:00,2172.0,2217.7,2168.6,2206.6,59423
2026-01-19 15:15:00,2206.4,2217.0,2190.0,2190.0,20226
2026-01-20 09:15:00,2199.0,2243.0,2184.9,2232.0,73701
2026-01-20 10:15:00,2231.6,2235.7,2221.9,2226.3,23155
2026-01-20 11:15:00,2225.1,2232.0,2203.2,2225.8,43220
2026-01-20 12:15:00,2224.4,2228.0,2210.5,2222.8,15426
2026-01-20 13:15:00,2222.8,2229.4,2220.0,2225.0,25096
2026-01-20 14:15:00,2225.0,2230.0,2216.0,2228.1,22595
2026-01-20 15:15:00,2228.1,2229.0,2152.0,2208.8,24280
2026-01-21 09:15:00,2210.0,2210.0,2130.1,2173.1,56781
2026-01-21 10:15:00,2172.2,2183.9,2147.1,2165.0,14566
2026-01-21 11:15:00,2165.0,2178.1,2155.0,2178.1,11109
2026-01-21 12:15:00,2176.1,2177.1,2159.9,2174.8,11922
2026-01-21 13:15:00,2172.6,2180.0,2168.5,2174.8,5942
2026-01-21 14:15:00,2174.7,2184.0,2168.9,2173.5,10554
2026-01-21 15:15:00,2175.5,2180.0,2158.0,2175.2,11847
2026-01-22 09:15:00,2181.1,2219.5,2107.1,2108.1,21349
2026-01-22 10:15:00,2108.1,2112.3,2084.8,2087.1,14113
2026-01-22 11:15:00,2086.1,2108.6,2083.0,2100.0,14863
2026-01-22 12:15:00,2100.0,2107.8,2097.5,2100.0,11137
2026-01-22 13:15:00,2100.4,2114.8,2098.7,2108.0,5186
2026-01-22 14:15:00,2108.3,2114.8,2101.0,2108.8,36777
2026-01-22 15:15:00,2110.0,2118.9,2108.8,2117.9,10309
2026-01-23 09:15:00,2116.0,2119.8,2056.0,2060.4,20535
2026-01-23 10:15:00,2060.4,2060.4,2023.0,2028.2,15620
2026-01-23 11:15:00,2028.0,2078.6,2020.9,2056.1,41637
2026-01-23 12:15:00,2056.9,2062.0,2038.2,2044.9,11933
2026-01-23 13:15:00,2044.8,2044.8,2015.8,2018.8,11234
2026-01-23 14:15:00,2018.6,2023.0,2003.8,2009.0,18589
2026-01-23 15:15:00,2009.0,2012.0,1993.0,2000.0,10297
2026-01-27 09:15:00,2007.5,2008.2,1958.9,1977.6,19287
2026-01-27 10:15:00,1976.8,1976.8,1948.0,1969.1,8065
2026-01-27 11:15:00,1968.0,1982.0,1967.7,1972.8,10197
2026-01-27 12:15:00,1972.2,1973.8,1964.0,1966.9,4212
2026-01-27 13:15:00,1965.3,1976.3,1960.7,1974.8,7090
2026-01-27 14:15:00,1973.6,1977.0,1965.0,1975.7,7185
2026-01-27 15:15:00,1975.9,1983.4,1975.0,1980.0,3432
2026-01-28 09:15:00,1978.4,2003.9,1978.4,1998.1,5292
2026-01-28 10:15:00,1998.9,2007.9,1993.2,1997.0,2408
2026-01-28 11:15:00,1997.0,2005.0,1992.1,1998.1,3442
2026-01-28 12:15:00,1997.0,2014.2,1997.0,2010.3,1883
2026-01-28 13:15:00,2012.7,2013.7,1998.0,2000.6,4869
2026-01-28 14:15:00,2000.6,2019.3,2000.5,2013.9,4274
2026-01-28 15:15:00,2014.0,2020.0,2002.0,2020.0,3286
2026-01-29 09:15:00,2011.4,2013.2,1976.1,1977.4,10070
2026-01-29 10:15:00,1977.3,1980.9,1970.0,1973.9,3417
2026-01-29 11:15:00,1973.1,2001.0,1970.0,1993.0,9280
2026-01-29 12:15:00,1993.0,2019.2,1992.2,2016.8,7891
2026-01-29 13:15:00,2014.4,2035.9,2013.3,2034.7,6311
2026-01-29 14:15:00,2031.8,2035.0,2024.3,2028.0,5847
2026-01-29 15:15:00,2028.0,2032.0,2013.0,2025.6,5462
2026-01-30 09:15:00,2000.0,2020.6,1989.1,2015.2,7840
2026-01-30 10:15:00,2016.6,2022.7,2010.8,2013.0,2254
2026-01-30 11:15:00,2014.4,2033.5,2014.4,2027.0,1686
2026-01-30 12:15:00,2027.0,2027.0,2020.0,2020.0,791
2026-01-30 13:15:00,2020.1,2044.4,2017.9,2041.6,5564
2026-01-30 14:15:00,2041.2,2049.9,2036.0,2040.9,5229
2026-01-30 15:15:00,2042.7,2065.0,2041.6,2057.0,5370
2026-02-01 09:15:00,2046.9,2078.8,2029.2,2067.6,10967
2026-02-01 10:15:00,2066.0,2082.6,2061.0,2076.2,3634
2026-02-01 11:15:00,2076.2,2088.0,2059.0,2070.3,5204
2026-02-01 12:15:00,2070.5,2070.5,2030.0,2053.8,3688
2026-02-01 13:15:00,2053.1,2053.1,2021.1,2026.0,3699
2026-02-01 14:15:00,2024.3,2027.4,2005.8,2005.8,2888
2026-02-01 15:15:00,2005.8,2080.0,2005.8,2035.0,3579
2026-02-02 09:15:00,2012.5,2038.3,1991.6,2017.8,11513
2026-02-02 10:15:00,2017.7,2018.0,1994.3,2005.4,3384
2026-02-02 11:15:00,2003.7,2010.6,1995.0,1997.3,1981
2026-02-02 12:15:00,1997.3,2011.0,1990.0,2008.0,3851
2026-02-02 13:15:00,2008.0,2018.0,2002.2,2018.0,1571
2026-02-02 14:15:00,2019.6,2083.0,2017.7,2072.0,26135
2026-02-02 15:15:00,2070.1,2072.0,2064.0,2065.0,7957
2026-02-03 09:15:00,2174.8,2174.8,2061.0,2068.1,32849
2026-02-03 10:15:00,2068.1,2096.2,2068.1,2085.0,7191
2026-02-03 11:15:00,2085.3,2103.3,2068.2,2074.1,17343
2026-02-03 12:15:00,2074.9,2102.0,2073.4,2096.7,11255
2026-02-03 13:15:00,2096.7,2103.2,2092.1,2101.8,10049
2026-02-03 14:15:00,2100.8,2109.0,2097.5,2105.1,17888
2026-02-03 15:15:00,2105.1,2109.0,2091.0,2105.1,12059
2026-02-04 09:15:00,2078.0,2079.3,2052.1,2067.5,15636
2026-02-04 10:15:00,2067.0,2079.9,2059.2,2064.8,6158
2026-02-04 11:15:00,2063.5,2082.0,2055.0,2080.4,8118
2026-02-04 12:15:00,2080.7,2082.6,2067.0,2070.1,7422
2026-02-04 13:15:00,2071.8,2075.3,2067.9,2071.6,10110
2026-02-04 14:15:00,2071.0,2074.0,2062.0,2065.1,17959
2026-02-04 15:15:00,2065.1,2071.1,2061.1,2070.0,15844
2026-02-05 09:15:00,2059.2,2086.0,2040.0,2075.2,16247
2026-02-05 10:15:00,2075.2,2098.3,2064.1,2076.0,109785
2026-02-05 11:15:00,2076.9,2080.0,2064.3,2076.3,5894
2026-02-05 12:15:00,2076.3,2080.0,2071.0,2079.5,2202
2026-02-05 13:15:00,2079.4,2080.0,2069.4,2071.2,5322
2026-02-05 14:15:00,2072.0,2076.9,2064.6,2075.0,11774
2026-02-05 15:15:00,2070.9,2075.1,2066.3,2067.0,11012
2026-02-06 09:15:00,2050.0,2055.3,2024.7,2028.0,8072
2026-02-06 10:15:00,2028.3,2032.5,2018.3,2024.0,2745
2026-02-06 11:15:00,2024.8,2031.7,2020.5,2026.3,108544
2026-02-06 12:15:00,2025.0,2028.8,2023.3,2025.2,2401
2026-02-06 13:15:00,2025.6,2028.1,2024.9,2026.6,2050
2026-02-06 14:15:00,2026.1,2026.8,1996.0,2014.1,16207
2026-02-06 15:15:00,2012.2,2015.0,2005.0,2006.5,3327
2026-02-09 09:15:00,2029.8,2040.0,1976.0,1979.8,29278
2026-02-09 10:15:00,1979.9,1990.3,1967.0,1989.5,13474
2026-02-09 11:15:00,1989.4,1990.3,1960.0,1988.7,14116
2026-02-09 12:15:00,1988.6,1990.0,1977.0,1978.1,49477
2026-02-09 13:15:00,1978.3,1981.3,1970.0,1972.0,10054
2026-02-09 14:15:00,1972.0,1976.5,1970.1,1972.6,8540
2026-02-09 15:15:00,1972.6,1976.9,1965.0,1966.1,13012
2026-02-10 09:15:00,1960.0,1982.8,1949.8,1972.0,129929
2026-02-10 10:15:00,1972.6,1994.0,1950.2,1964.4,137242
2026-02-10 11:15:00,1964.5,1964.5,1941.1,1957.4,27677
2026-02-10 12:15:00,1957.4,1965.4,1955.5,1963.2,8885
2026-02-10 13:15:00,1960.8,1967.1,1953.9,1962.5,9847
2026-02-10 14:15:00,1962.5,1966.9,1954.0,1955.0,22095
2026-02-10 15:15:00,1955.0,1963.7,1950.0,1961.0,16637
2026-02-11 09:15:00,1965.9,1968.8,1923.1,1924.4,25525
2026-02-11 10:15:00,1925.7,1929.6,1915.0,1916.5,11470
2026-02-11 11:15:00,1916.0,1917.4,1855.0,1886.4,48148
2026-02-11 12:15:00,1887.0,1899.9,1882.7,1885.7,16773
2026-02-11 13:15:00,1886.0,1893.1,1882.5,1886.9,7255
2026-02-11 14:15:00,1886.9,1896.6,1880.6,1888.1,16372
2026-02-11 15:15:00,1888.1,1894.8,1888.1,1891.0,8261
2026-02-12 09:15:00,1858.0,1879.0,1795.0,1831.9,89454
2026-02-12 10:15:00,1831.7,1851.9,1828.9,1832.8,20843
2026-02-12 11:15:00,1831.3,1846.2,1831.2,1839.9,19041
2026-02-12 12:15:00,1839.6,1841.9,1802.0,1803.0,26510
2026-02-12 13:15:00,1802.9,1808.4,1787.6,1796.9,20343
2026-02-12 14:15:00,1796.8,1803.9,1790.6,1793.4,18858
2026-02-12 15:15:00,1793.4,1793.4,1780.0,1782.0,11359
2026-02-13 09:15:00,1745.0,1750.0,1684.8,1688.3,66454
2026-02-13 10:15:00,1688.3,1734.8,1676.2,1731.9,40389
2026-02-13 11:15:00,1731.4,1764.6,1722.3,1756.9,14313
2026-02-13 12:15:00,1757.5,1769.9,1754.1,1764.8,13735
2026-02-13 13:15:00,1764.9,1768.0,1740.0,1753.0,9372
2026-02-13 14:15:00,1751.2,1759.0,1748.9,1752.0,15325
2026-02-13 15:15:00,1752.0,1754.0,1750.0,1754.0,7656
2026-02-16 09:15:00,1745.6,1749.2,1730.0,1739.0,14722
2026-02-16 10:15:00,1739.8,1740.2,1720.8,1723.6,7943
2026-02-16 11:15:00,1723.6,1723.6,1708.0,1712.8,19941
2026-02-16 12:15:00,1712.7,1715.2,1706.6,1711.8,4076
2026-02-16 13:15:00,1711.8,1715.5,1705.0,1707.0,7757
2026-02-16 14:15:00,1706.4,1716.9,1705.0,1716.0,9934
2026-02-16 15:15:00,1716.0,1716.8,1705.5,1712.0,8214
2026-02-17 09:15:00,1712.8,1760.9,1708.6,1753.6,25156
2026-02-17 10:15:00,1752.9,1787.4,1750.7,1775.5,33285
2026-02-17 11:15:00,1774.4,1794.6,1772.8,1785.8,14997
2026-02-17 12:15:00,1785.2,1812.8,1758.6,1760.0,41792
2026-02-17 13:15:00,1760.0,1767.4,1748.0,1748.0,10038
2026-02-17 14:15:00,1748.9,1753.3,1733.1,1735.0,17579
2026-02-17 15:15:00,1735.5,1739.0,1725.0,1725.0,5178
2026-02-18 09:15:00,1736.0,1737.5,1707.0,1712.5,15236
2026-02-18 10:15:00,1712.5,1724.0,1709.0,1719.7,3291
2026-02-18 11:15:00,1719.4,1724.4,1713.1,1722.7,4647
2026-02-18 12:15:00,1722.7,1730.3,1719.2,1722.2,10224
2026-02-18 13:15:00,1722.4,1723.4,1716.1,1721.0,3947
2026-02-18 14:15:00,1719.7,1726.5,1717.7,1722.7,6902
2026-02-18 15:15:00,1722.7,1726.8,1720.0,1721.5,2097
2026-02-19 09:15:00,1722.0,1743.9,1716.1,1738.8,15842
2026-02-19 10:15:00,1738.3,1739.9,1730.1,1735.0,10202
2026-02-19 11:15:00,1734.7,1739.4,1711.3,1712.0,6400
2026-02-19 12:15:00,1712.1,1720.8,1712.1,1720.0,2373
2026-02-19 13:15:00,1720.0,1720.0,1713.2,1716.1,2215
2026-02-19 14:15:00,1716.9,1720.1,1711.5,1711.6,7163
2026-02-19 15:15:00,1711.6,1711.6,1707.0,1707.1,3220
2026-02-20 09:15:00,1707.1,1720.0,1689.0,1708.8,16486
2026-02-20 10:15:00,1708.9,1718.0,1706.8,1707.2,2754
2026-02-20 11:15:00,1707.2,1714.8,1707.2,1712.0,1862
2026-02-20 12:15:00,1712.0,1718.4,1708.0,1709.6,1860
2026-02-20 13:15:00,1708.2,1715.0,1705.4,1710.5,1843
2026-02-20 14:15:00,1710.5,1715.0,1706.8,1706.8,6633
2026-02-20 15:15:00,1707.0,1712.9,1707.0,1708.5,2615
2026-02-23 09:15:00,1711.2,1729.0,1707.0,1711.0,11459
2026-02-23 10:15:00,1711.0,1711.0,1685.2,1696.7,5997
2026-02-23 11:15:00,1698.0,1698.0,1678.0,1687.3,8862
2026-02-23 12:15:00,1687.1,1690.8,1680.7,1682.2,5126
2026-02-23 13:15:00,1682.2,1685.0,1678.0,1680.0,4017
2026-02-23 14:15:00,1680.0,1683.2,1666.1,1667.6,12857
2026-02-23 15:15:00,1668.0,1669.5,1655.0,1655.5,6013
2026-02-24 09:15:00,1650.1,1664.2,1615.0,1619.1,30674
2026-02-24 10:15:00,1618.9,1626.9,1604.0,1610.0,14822
2026-02-24 11:15:00,1610.6,1613.8,1597.0,1598.6,8937
2026-02-24 12:15:00,1598.5,1600.0,1586.5,1586.5,9792
2026-02-24 13:15:00,1586.3,1586.3,1559.1,1570.5,30139
2026-02-24 14:15:00,1571.2,1573.0,1561.2,1568.0,16546
2026-02-24 15:15:00,1568.0,1572.0,1562.0,1570.0,9170
2026-02-25 09:15:00,1592.6,1623.5,1569.1,1623.5,39949
2026-02-25 10:15:00,1623.5,1623.6,1602.1,1615.0,14041
2026-02-25 11:15:00,1615.9,1637.0,1613.1,1635.5,15613
2026-02-25 12:15:00,1636.5,1638.5,1614.7,1623.1,13259
2026-02-25 13:15:00,1623.1,1625.7,1611.5,1614.8,9118
2026-02-25 14:15:00,1614.9,1624.9,1613.1,1621.6,8364
2026-02-25 15:15:00,1620.9,1632.0,1617.0,1617.0,27942
2026-02-26 09:15:00,1625.0,1635.0,1600.0,1618.6,14830
2026-02-26 10:15:00,1618.6,1620.4,1603.2,1607.7,6801
2026-02-26 11:15:00,1607.1,1609.9,1587.0,1588.5,7607
2026-02-26 12:15:00,1588.3,1592.0,1585.5,1587.6,3638
2026-02-26 13:15:00,1587.0,1589.9,1582.4,1587.8,4814
2026-02-26 14:15:00,1587.2,1595.9,1585.4,1590.4,6116
2026-02-26 15:15:00,1590.0,1590.1,1583.0,1585.0,4035
2026-02-27 09:15:00,1593.5,1621.9,1576.1,1578.3,19286
2026-02-27 10:15:00,1579.4,1583.4,1565.2,1575.1,6137
2026-02-27 11:15:00,1574.1,1577.0,1562.2,1566.6,9993
2026-02-27 12:15:00,1566.6,1621.8,1561.2,1611.8,54629
2026-02-27 13:15:00,1611.8,1612.0,1591.8,1595.7,11420
2026-02-27 14:15:00,1596.0,1601.5,1576.3,1580.9,13838
2026-02-27 15:15:00,1580.9,1589.5,1578.1,1581.0,7237
2026-03-02 09:15:00,1550.0,1573.9,1549.0,1561.9,19568
2026-03-02 10:15:00,1562.5,1564.8,1550.5,1554.0,6665
2026-03-02 11:15:00,1554.0,1555.3,1549.0,1550.3,10980
2026-03-02 12:15:00,1550.4,1553.0,1549.0,1551.2,8398
2026-03-02 13:15:00,1551.2,1559.1,1549.5,1559.1,5294
2026-03-02 14:15:00,1559.1,1568.7,1552.3,1560.0,5145
2026-03-02 15:15:00,1559.8,1561.7,1554.0,1560.0,4420
2026-03-04 09:15:00,1545.0,1595.6,1545.0,1588.0,28907
2026-03-04 10:15:00,1586.9,1589.0,1576.1,1582.3,7521
2026-03-04 11:15:00,1581.8,1584.7,1556.0,1561.8,10159
2026-03-04 12:15:00,1560.1,1568.0,1556.0,1568.0,26550
2026-03-04 13:15:00,1568.0,1576.0,1560.3,1575.9,3967
2026-03-04 14:15:00,1575.9,1579.0,1560.0,1561.6,7912
2026-03-04 15:15:00,1561.2,1561.3,1550.0,1551.0,4082
2026-03-05 09:15:00,1566.1,1579.0,1555.1,1576.0,12842
2026-03-05 10:15:00,1576.2,1620.0,1570.0,1610.3,76034
2026-03-05 11:15:00,1611.8,1660.0,1608.0,1636.4,109493
2026-03-05 12:15:00,1636.3,1639.4,1621.4,1626.2,21553
2026-03-05 13:15:00,1626.2,1629.4,1605.2,1609.0,17360
2026-03-05 14:15:00,1608.6,1649.0,1606.1,1631.3,23898
2026-03-05 15:15:00,1634.8,1645.0,1627.2,1637.0,9225
2026-03-06 09:15:00,1630.1,1656.0,1621.9,1651.4,19462
2026-03-06 10:15:00,1651.1,1652.0,1589.2,1594.4,26570
2026-03-06 11:15:00,1594.4,1599.0,1588.4,1591.8,6657
2026-03-06 12:15:00,1592.4,1594.6,1550.0,1553.5,42303
2026-03-06 13:15:00,1553.9,1565.2,1552.0,1561.9,25697
2026-03-06 14:15:00,1563.2,1566.4,1556.5,1561.3,26216
2026-03-06 15:15:00,1561.3,1573.0,1556.5,1567.0,9981
2026-03-09 09:15:00,1530.1,1549.0,1528.0,1531.1,15499
2026-03-09 10:15:00,1532.7,1555.2,1530.0,1553.2,8939
2026-03-09 11:15:00,1552.9,1565.0,1548.2,1558.7,7022
2026-03-09 12:15:00,1558.6,1559.9,1555.1,1555.6,1490
2026-03-09 13:15:00,1555.6,1559.4,1552.1,1552.1,6778
2026-03-09 14:15:00,1552.1,1563.6,1550.9,1555.0,4610
2026-03-09 15:15:00,1555.0,1560.4,1555.0,1555.0,4053
2026-03-10 09:15:00,1584.9,1584.9,1554.5,1560.5,10930
2026-03-10 10:15:00,1560.5,1564.0,1555.0,1558.0,5949
2026-03-10 11:15:00,1556.2,1559.9,1553.0,1557.5,7828
2026-03-10 12:15:00,1558.0,1572.1,1556.0,1566.8,9874
2026-03-10 13:15:00,1566.9,1577.9,1556.3,1566.0,9753
2026-03-10 14:15:00,1564.6,1575.9,1561.3,1570.8,4959
2026-03-10 15:15:00,1570.0,1578.4,1566.7,1577.9,3850
2026-03-11 09:15:00,1574.1,1593.9,1563.9,1576.0,8653
2026-03-11 10:15:00,1576.6,1579.4,1560.0,1571.7,3801
2026-03-11 11:15:00,1570.8,1587.4,1568.6,1581.0,4289
2026-03-11 12:15:00,1582.6,1588.6,1582.6,1586.5,3400
2026-03-11 13:15:00,1584.7,1586.3,1581.4,1585.0,4297
2026-03-11 14:15:00,1585.0,1587.6,1576.9,1580.1,6335
2026-03-11 15:15:00,1579.8,1580.5,1575.5,1580.5,6827
2026-03-12 09:15:00,1570.4,1578.9,1544.1,1557.1,6029
2026-03-12 10:15:00,1558.4,1569.7,1556.9,1560.0,4508
2026-03-12 11:15:00,1560.9,1564.0,1558.0,1564.0,5510
2026-03-12 12:15:00,1563.1,1568.7,1559.1,1566.8,5778
2026-03-12 13:15:00,1567.9,1577.5,1564.0,1568.6,2654
2026-03-12 14:15:00,1566.0,1567.6,1555.3,1559.7,5160
2026-03-12 15:15:00,1559.7,1560.9,1555.3,1560.8,3225
2026-03-13 09:15:00,1557.7,1564.4,1545.0,1552.3,14902
2026-03-13 10:15:00,1551.5,1558.0,1551.0,1553.4,3441
2026-03-13 11:15:00,1553.4,1554.8,1548.1,1548.7,7929
2026-03-13 12:15:00,1550.3,1550.5,1526.1,1527.6,5900
2026-03-13 13:15:00,1526.0,1529.5,1502.5,1507.0,12777
2026-03-13 14:15:00,1507.0,1514.0,1496.0,1497.1,10509
2026-03-13 15:15:00,1496.2,1505.0,1487.1,1497.1,5862
2026-03-16 09:15:00,1497.9,1509.0,1460.3,1463.8,14381
2026-03-16 10:15:00,1462.5,1472.4,1446.6,1469.2,15808
2026-03-16 11:15:00,1469.6,1472.0,1440.7,1451.9,7961
2026-03-16 12:15:00,1449.8,1454.3,1444.7,1447.1,5811
2026-03-16 13:15:00,1448.2,1464.3,1447.0,1463.3,4370
2026-03-16 14:15:00,1463.2,1488.0,1461.3,1475.4,10022
2026-03-16 15:15:00,1475.5,1478.9,1460.8,1468.8,6285
2026-03-17 09:15:00,1478.1,1480.0,1438.5,1480.0,40370
2026-03-17 10:15:00,1477.9,1495.6,1454.0,1460.0,19182
2026-03-17 11:15:00,1458.9,1464.2,1449.7,1461.8,6280
2026-03-17 12:15:00,1461.0,1462.6,1445.4,1453.0,11827
2026-03-17 13:15:00,1454.0,1466.9,1451.0,1456.6,14305
2026-03-17 14:15:00,1456.6,1474.0,1443.0,1453.8,108496
2026-03-17 15:15:00,1454.0,1460.8,1450.0,1453.0,16727
2026-03-18 09:15:00,1461.0,1529.9,1459.2,1521.6,31722
2026-03-18 10:15:00,1521.6,1557.4,1519.7,1547.1,24901
2026-03-18 11:15:00,1549.2,1553.1,1522.5,1525.7,19849
2026-03-18 12:15:00,1527.0,1529.5,1516.6,1525.1,7164
2026-03-18 13:15:00,1524.5,1536.6,1522.1,1531.3,8043
2026-03-18 14:15:00,1530.7,1547.1,1524.0,1537.2,20814
2026-03-18 15:15:00,1538.3,1539.0,1531.1,1539.0,6610
2026-03-19 09:15:00,1530.0,1532.1,1496.0,1502.2,11407
2026-03-19 10:15:00,1501.3,1506.8,1481.1,1487.4,13674
2026-03-19 11:15:00,1486.9,1486.9,1476.0,1483.5,5479
2026-03-19 12:15:00,1483.5,1485.2,1470.0,1472.4,4979
2026-03-19 13:15:00,1471.4,1473.2,1461.7,1468.2,9955
2026-03-19 14:15:00,1467.5,1471.7,1449.0,1450.0,10165
2026-03-19 15:15:00,1449.3,1460.0,1437.4,1460.0,8267
2026-03-20 09:15:00,1470.0,1488.6,1452.0,1471.9,26435
2026-03-20 10:15:00,1470.0,1500.9,1462.1,1474.1,27463
2026-03-20 11:15:00,1472.7,1480.0,1463.8,1467.1,3327
2026-03-20 12:15:00,1468.3,1469.6,1456.9,1462.4,5241
2026-03-20 13:15:00,1462.9,1467.6,1455.5,1457.0,6144
2026-03-20 14:15:00,1456.5,1457.2,1442.1,1450.7,10575
2026-03-20 15:15:00,1449.5,1455.0,1446.0,1449.5,5145
2026-03-23 09:15:00,1430.7,1448.1,1409.0,1417.5,21709
2026-03-23 10:15:00,1418.2,1419.9,1403.5,1411.4,13504
2026-03-23 11:15:00,1411.7,1411.7,1393.0,1409.1,13611
2026-03-23 12:15:00,1407.9,1420.0,1391.0,1393.1,19040
2026-03-23 13:15:00,1392.5,1405.9,1390.1,1398.9,6335
2026-03-23 14:15:00,1397.8,1403.4,1378.9,1384.2,12982
2026-03-23 15:15:00,1383.7,1386.0,1376.0,1383.0,8699
2026-03-24 09:15:00,1409.0,1410.0,1377.0,1382.5,16434
2026-03-24 10:15:00,1381.4,1395.8,1377.1,1382.7,8114
2026-03-24 11:15:00,1381.7,1421.2,1381.6,1406.1,19876
2026-03-24 12:15:00,1406.2,1423.5,1400.6,1422.6,9596
2026-03-24 13:15:00,1423.5,1438.2,1414.2,1433.3,28061
2026-03-24 14:15:00,1434.1,1446.0,1426.7,1426.7,23234
2026-03-24 15:15:00,1427.2,1435.2,1426.6,1430.6,6571
2026-03-25 09:15:00,1460.0,1460.0,1433.0,1454.7,19430
2026-03-25 10:15:00,1455.8,1457.0,1445.9,1449.7,8791
2026-03-25 11:15:00,1450.9,1463.7,1444.3,1457.6,28547
2026-03-25 12:15:00,1458.8,1463.8,1450.1,1457.4,5145
2026-03-25 13:15:00,1457.4,1461.7,1450.2,1458.3,7420
2026-03-25 14:15:00,1458.2,1461.9,1448.1,1449.3,8693
2026-03-25 15:15:00,1449.9,1454.0,1445.0,1445.0,5189
2026-03-27 09:15:00,1438.8,1450.1,1416.1,1420.5,27002
2026-03-27 10:15:00,1420.4,1421.9,1403.2,1411.3,9672
2026-03-27 11:15:00,1409.7,1411.8,1396.0,1400.0,9923
2026-03-27 12:15:00,1400.0,1422.0,1373.4,1420.3,50416
2026-03-27 13:15:00,1421.9,1425.0,1407.0,1410.3,10230
2026-03-27 14:15:00,1410.3,1411.8,1392.7,1399.2,19744
2026-03-27 15:15:00,1399.2,1401.0,1393.7,1400.5,16562
2026-03-30 09:15:00,1397.0,1404.3,1357.8,1364.2,30041
2026-03-30 10:15:00,1362.3,1370.0,1352.7,1362.7,15461
2026-03-30 11:15:00,1362.7,1366.5,1350.0,1357.4,13787
2026-03-30 12:15:00,1358.8,1364.1,1350.3,1353.2,8903
2026-03-30 13:15:00,1353.2,1361.4,1352.1,1352.1,25986
2026-03-30 14:15:00,1352.2,1354.2,1334.2,1347.4,46451
2026-03-30 15:15:00,1345.5,1349.5,1336.0,1347.8,15437
2026-04-01 09:15:00,1356.8,1438.8,1356.8,1431.9,21734
2026-04-01 10:15:00,1431.9,1449.0,1420.1,1446.0,17850
2026-04-01 11:15:00,1444.9,1464.0,1444.8,1455.7,10723
2026-04-01 12:15:00,1455.4,1474.8,1450.9,1462.4,8801
2026-04-01 13:15:00,1462.4,1472.2,1443.8,1443.8,92831
2026-04-01 14:15:00,1442.9,1448.0,1424.1,1441.7,11665
2026-04-01 15:15:00,1444.6,1501.3,1437.0,1460.0,75536
2026-04-02 09:15:00,1440.9,1440.9,1404.1,1431.7,15953
2026-04-02 10:15:00,1433.4,1449.3,1428.0,1446.0,5441
2026-04-02 11:15:00,1446.2,1463.0,1444.7,1455.0,3048
2026-04-02 12:15:00,1456.2,1474.0,1448.9,1471.6,4483
2026-04-02 13:15:00,1473.4,1511.1,1472.1,1508.0,19730
2026-04-02 14:15:00,1507.0,1511.0,1487.9,1510.5,6582
2026-04-02 15:15:00,1510.5,1512.0,1500.0,1503.0,11570
2026-04-06 09:15:00,1508.3,1525.6,1479.1,1495.9,13070
2026-04-06 10:15:00,1496.0,1503.0,1483.5,1486.2,3328
2026-04-06 11:15:00,1484.1,1519.4,1484.0,1509.1,6384
2026-04-06 12:15:00,1508.2,1508.9,1492.0,1497.6,4228
2026-04-06 13:15:00,1496.9,1499.1,1490.5,1494.0,2472
2026-04-06 14:15:00,1493.9,1495.6,1482.1,1489.4,5628
2026-04-06 15:15:00,1489.5,1499.0,1486.7,1491.0,4517
2026-04-07 09:15:00,1495.0,1526.8,1475.0,1524.8,13409
2026-04-07 10:15:00,1524.2,1534.2,1517.8,1525.5,6680
2026-04-07 11:15:00,1527.0,1538.5,1525.4,1528.0,5183
2026-04-07 12:15:00,1528.7,1532.2,1519.5,1522.4,4717
2026-04-07 13:15:00,1523.4,1547.0,1522.4,1544.4,9663
2026-04-07 14:15:00,1545.0,1546.0,1526.2,1533.0,11164
2026-04-07 15:15:00,1533.9,1533.9,1522.1,1524.0,3409
2026-04-08 09:15:00,1575.2,1585.6,1539.0,1567.5,22990
2026-04-08 10:15:00,1567.0,1576.5,1562.0,1571.4,9229
2026-04-08 11:15:00,1571.4,1589.3,1571.4,1582.6,9351
2026-04-08 12:15:00,1583.5,1590.0,1578.1,1581.1,5072
2026-04-08 13:15:00,1581.1,1589.8,1580.1,1584.6,3219
2026-04-08 14:15:00,1584.1,1589.8,1581.4,1584.5,7161
2026-04-08 15:15:00,1585.2,1589.8,1583.0,1588.0,4837
2026-04-09 09:15:00,1583.0,1612.9,1565.0,1571.0,20828
2026-04-09 10:15:00,1571.0,1596.6,1566.4,1594.5,7860
2026-04-09 11:15:00,1594.5,1609.4,1590.8,1606.4,3765
2026-04-09 12:15:00,1608.5,1609.2,1596.8,1605.0,4884
2026-04-09 13:15:00,1605.0,1609.8,1586.0,1606.8,6494
2026-04-09 14:15:00,1608.8,1612.0,1590.1,1609.2,12780
2026-04-09 15:15:00,1611.9,1620.3,1596.0,1600.8,10781
2026-04-10 09:15:00,1624.7,1625.0,1592.6,1598.2,13900
2026-04-10 10:15:00,1598.2,1626.9,1595.4,1620.0,15061
2026-04-10 11:15:00,1620.0,1622.0,1603.1,1610.0,8041
2026-04-10 12:15:00,1611.7,1612.0,1593.8,1596.9,6955
2026-04-10 13:15:00,1597.0,1599.7,1590.0,1593.9,3752
2026-04-10 14:15:00,1593.9,1595.0,1582.0,1584.9,13037
2026-04-10 15:15:00,1584.9,1589.8,1581.0,1581.4,6009
2026-04-13 09:15:00,1575.0,1575.0,1541.1,1569.9,11649
2026-04-13 10:15:00,1567.6,1592.0,1562.3,1585.2,7943
2026-04-13 11:15:00,1584.5,1588.9,1580.0,1585.3,2710
2026-04-13 12:15:00,1585.3,1585.5,1570.1,1576.5,6019
2026-04-13 13:15:00,1576.5,1586.8,1573.1,1577.1,3301
2026-04-13 14:15:00,1577.1,1581.0,1570.1,1574.0,3123
2026-04-13 15:15:00,1572.8,1577.0,1555.2,1559.5,4212
2026-04-15 09:15:00,1608.0,1630.9,1566.1,1615.3,18339
2026-04-15 10:15:00,1615.6,1621.9,1609.0,1621.1,7995
2026-04-15 11:15:00,1621.4,1632.3,1615.8,1630.9,7319
2026-04-15 12:15:00,1630.6,1660.4,1628.0,1643.1,11884
2026-04-15 13:15:00,1643.1,1654.6,1641.9,1645.1,8179
2026-04-15 14:15:00,1646.6,1648.8,1635.6,1638.1,8036
2026-04-15 15:15:00,1639.4,1641.0,1635.0,1640.0,4517
2026-04-16 09:15:00,1659.9,1691.7,1632.6,1633.0,37514
2026-04-16 10:15:00,1633.0,1649.0,1630.4,1639.0,10115
2026-04-16 11:15:00,1639.0,1642.9,1629.0,1638.3,8008
2026-04-16 12:15:00,1636.5,1649.6,1636.5,1641.4,12666
2026-04-16 13:15:00,1641.4,1664.0,1640.5,1662.6,11447
2026-04-16 14:15:00,1662.5,1703.3,1658.8,1691.9,39799
2026-04-16 15:15:00,1691.8,1721.0,1691.0,1711.0,23752
2026-04-17 09:15:00,1715.0,1734.0,1699.1,1722.1,34475
2026-04-17 10:15:00,1721.7,1724.0,1712.8,1717.5,8251
2026-04-17 11:15:00,1716.7,1728.9,1702.0,1722.2,17280
2026-04-17 12:15:00,1722.2,1729.8,1720.0,1727.4,7732
2026-04-17 13:15:00,1727.4,1747.7,1705.6,1731.8,22522
2026-04-17 14:15:00,1731.8,1747.0,1726.2,1742.4,19703
2026-04-17 15:15:00,1743.6,1754.9,1735.0,1751.0,22861
2026-04-20 09:15:00,1700.0,1714.1,1662.0,1682.9,89356
2026-04-20 10:15:00,1681.4,1685.9,1678.1,1681.0,13024
2026-04-20 11:15:00,1680.0,1689.3,1665.0,1688.0,41439
2026-04-20 12:15:00,1686.5,1687.8,1682.0,1683.0,14924
2026-04-20 13:15:00,1683.0,1688.1,1675.0,1683.9,22599
2026-04-20 14:15:00,1684.8,1693.6,1675.7,1684.1,27994
2026-04-20 15:15:00,1684.1,1686.0,1672.5,1684.0,14751
2026-04-21 09:15:00,1699.0,1753.0,1680.1,1738.6,56845
2026-04-21 10:15:00,1738.8,1749.9,1727.5,1745.1,17737
2026-04-21 11:15:00,1745.1,1777.1,1743.7,1769.1,37608
2026-04-21 12:15:00,1769.5,1776.0,1753.3,1768.7,27432
2026-04-21 13:15:00,1770.0,1774.3,1764.0,1769.9,13478
2026-04-21 14:15:00,1769.9,1771.0,1755.6,1766.0,19009
2026-04-21 15:15:00,1765.4,1774.1,1765.3,1769.2,10405
2026-04-22 09:15:00,1760.0,1796.4,1746.0,1761.8,49392
2026-04-22 10:15:00,1761.8,1763.9,1750.6,1751.5,10528
2026-04-22 11:15:00,1751.0,1776.4,1731.4,1776.4,26581
2026-04-22 12:15:00,1776.0,1782.7,1770.0,1771.3,10243
2026-04-22 13:15:00,1771.4,1789.8,1770.0,1785.0,8901
2026-04-22 14:15:00,1787.9,1788.0,1760.5,1760.5,10880
2026-04-22 15:15:00,1760.6,1770.4,1750.0,1751.2,6800
2026-04-23 09:15:00,1761.7,1768.9,1745.0,1746.0,21629
2026-04-23 10:15:00,1745.0,1754.9,1740.0,1753.0,3678
2026-04-23 11:15:00,1753.4,1753.9,1745.7,1749.9,3377
2026-04-23 12:15:00,1750.8,1751.6,1743.0,1748.9,2559
2026-04-23 13:15:00,1748.8,1755.0,1746.0,1746.0,3911
2026-04-23 14:15:00,1746.2,1759.9,1743.5,1753.6,8807
2026-04-23 15:15:00,1751.8,1752.5,1731.1,1742.0,6446
2026-04-24 09:15:00,1743.8,1743.8,1705.4,1719.9,10027
2026-04-24 10:15:00,1721.9,1724.0,1710.0,1714.3,7330
2026-04-24 11:15:00,1712.9,1715.0,1695.6,1705.1,8145
2026-04-24 12:15:00,1705.2,1707.5,1695.7,1695.7,2017
2026-04-24 13:15:00,1696.9,1698.5,1689.2,1690.0,3195
2026-04-24 14:15:00,1690.0,1702.0,1687.1,1695.0,9805
2026-04-24 15:15:00,1693.7,1714.1,1689.9,1713.0,7270
2026-04-27 09:15:00,1711.6,1737.7,1708.6,1721.0,9083
2026-04-27 10:15:00,1721.0,1729.9,1721.0,1725.7,4407
2026-04-27 11:15:00,1725.7,1728.5,1716.1,1725.0,4210
2026-04-27 12:15:00,1725.0,1727.8,1717.1,1723.3,4829
2026-04-27 13:15:00,1722.8,1724.7,1716.1,1717.2,4301
2026-04-27 14:15:00,1717.2,1747.0,1712.9,1737.1,13168
2026-04-27 15:15:00,1736.6,1739.9,1730.0,1731.0,2173
2026-04-28 09:15:00,1735.7,1743.8,1724.2,1726.8,6904
2026-04-28 10:15:00,1729.5,1735.8,1720.8,1729.8,3800
2026-04-28 11:15:00,1729.3,1729.7,1695.0,1696.0,13668
2026-04-28 12:15:00,1695.8,1697.0,1680.1,1689.1,11566
2026-04-28 13:15:00,1690.0,1690.0,1681.3,1682.0,6105
2026-04-28 14:15:00,1682.0,1690.0,1681.9,1685.0,5831
2026-04-28 15:15:00,1685.5,1686.0,1668.1,1677.0,9042
2026-04-29 09:15:00,1686.9,1695.8,1680.0,1690.8,12637
2026-04-29 10:15:00,1692.9,1692.9,1676.2,1681.1,6441
2026-04-29 11:15:00,1681.2,1683.2,1669.5,1681.1,6484
2026-04-29 12:15:00,1679.4,1691.8,1678.2,1691.8,5358
2026-04-29 13:15:00,1691.9,1692.0,1683.1,1690.0,6342
2026-04-29 14:15:00,1688.5,1694.0,1688.0,1691.3,5529
2026-04-29 15:15:00,1692.5,1694.4,1688.0,1693.5,3559
2026-04-30 09:15:00,1688.0,1692.5,1663.5,1669.8,6476
2026-04-30 10:15:00,1669.8,1671.0,1654.0,1658.1,4635
2026-04-30 11:15:00,1659.1,1678.5,1656.3,1676.4,4078
2026-04-30 12:15:00,1677.6,1696.6,1674.8,1695.0,7324
2026-04-30 13:15:00,1694.9,1711.7,1691.0,1701.0,6920
2026-04-30 14:15:00,1702.2,1705.0,1690.5,1694.6,5665
2026-04-30 15:15:00,1695.3,1705.0,1688.0,1705.0,2778
2026-05-04 09:15:00,1694.2,1694.2,1673.7,1678.6,12183
2026-05-04 10:15:00,1678.7,1685.0,1674.0,1678.6,5112
2026-05-04 11:15:00,1678.6,1679.1,1672.2,1672.2,2531
2026-05-04 12:15:00,1672.8,1675.3,1670.4,1674.0,3728
2026-05-04 13:15:00,1672.3,1674.8,1665.7,1673.8,2867
2026-05-04 14:15:00,1671.6,1678.2,1671.6,1673.4,4468
2026-05-04 15:15:00,1673.4,1676.5,1671.6,1674.4,2834
2026-05-05 09:15:00,1681.5,1686.6,1663.0,1668.0,9113
2026-05-05 10:15:00,1666.0,1667.3,1652.7,1656.5,7380
2026-05-05 11:15:00,1656.5,1658.0,1644.1,1649.4,4320
2026-05-05 12:15:00,1648.1,1654.7,1645.1,1654.7,3543
2026-05-05 13:15:00,1653.8,1662.0,1650.0,1656.0,4716
2026-05-05 14:15:00,1656.0,1657.9,1652.5,1656.1,6020
2026-05-05 15:15:00,1656.1,1667.0,1656.0,1662.0,4561
2026-05-06 09:15:00,1671.0,1688.3,1645.7,1651.4,24483
2026-05-06 10:15:00,1649.9,1650.7,1630.1,1631.4,12151
2026-05-06 11:15:00,1631.0,1644.0,1631.0,1641.0,9995
2026-05-06 12:15:00,1641.1,1676.8,1632.9,1672.0,20944
2026-05-06 13:15:00,1669.8,1684.8,1668.0,1670.0,7808
2026-05-06 14:15:00,1669.9,1699.0,1669.6,1690.9,10613
2026-05-06 15:15:00,1690.7,1699.0,1681.1,1685.0,4882
2026-05-07 09:15:00,1692.7,1714.2,1692.7,1709.2,13060
2026-05-07 10:15:00,1709.1,1710.1,1683.0,1698.9,8799
2026-05-07 11:15:00,1698.1,1700.9,1692.0,1699.8,2975
2026-05-07 12:15:00,1698.8,1701.5,1666.2,1670.0,10838
2026-05-07 13:15:00,1669.5,1696.0,1662.1,1682.0,38826
2026-05-07 14:15:00,1682.0,1693.9,1673.6,1687.0,28666
2026-05-07 15:15:00,1687.0,1691.5,1683.0,1690.0,4218
2026-05-08 09:15:00,1690.0,1714.8,1687.3,1707.3,14807
2026-05-08 10:15:00,1707.8,1715.0,1696.0,1697.0,9614
2026-05-08 11:15:00,1697.1,1699.0,1685.0,1689.2,4333
2026-05-08 12:15:00,1689.2,1699.6,1687.0,1699.1,2685
2026-05-08 13:15:00,1698.0,1699.0,1682.0,1685.5,3822
2026-05-08 14:15:00,1683.8,1693.0,1680.5,1680.6,5013
2026-05-08 15:15:00,1681.5,1685.5,1680.1,1680.1,3374
2026-05-11 09:15:00,1683.1,1688.0,1661.4,1670.1,5687
2026-05-11 10:15:00,1669.0,1675.0,1666.0,1673.7,2702
2026-05-11 11:15:00,1672.0,1675.8,1667.1,1675.4,1639
2026-05-11 12:15:00,1673.3,1683.6,1673.0,1679.6,2938
2026-05-11 13:15:00,1679.7,1681.9,1659.9,1663.7,14015
2026-05-11 14:15:00,1663.7,1668.4,1656.0,1656.3,5652
2026-05-11 15:15:00,1656.3,1670.9,1655.0,1660.0,4136
2026-05-12 09:15:00,1658.6,1659.2,1614.0,1620.9,18903
2026-05-12 10:15:00,1621.0,1626.4,1605.0,1612.3,9787
2026-05-12 11:15:00,1611.3,1615.3,1605.3,1607.6,6856
2026-05-12 12:15:00,1607.6,1633.5,1603.3,1625.3,12452
2026-05-12 13:15:00,1625.7,1626.9,1619.8,1620.0,3216
2026-05-12 14:15:00,1620.0,1624.1,1605.0,1620.0,12080
2026-05-12 15:15:00,1620.0,1622.0,1610.2,1620.1,13418
2026-05-13 09:15:00,1618.2,1629.1,1591.6,1599.2,7498
2026-05-13 10:15:00,1598.2,1605.9,1591.0,1592.6,3487
2026-05-13 11:15:00,1593.4,1600.0,1586.2,1594.7,4703
2026-05-13 12:15:00,1594.7,1599.9,1587.1,1596.0,4149
2026-05-13 13:15:00,1596.0,1599.0,1590.1,1592.1,4573
2026-05-13 14:15:00,1590.4,1592.4,1578.0,1578.6,6275
2026-05-13 15:15:00,1578.6,1584.8,1576.0,1583.0,4497
2026-05-14 09:15:00,1587.2,1606.7,1537.8,1550.6,10878
2026-05-14 10:15:00,1550.6,1552.0,1531.0,1537.2,9580
2026-05-14 11:15:00,1536.8,1550.0,1532.5,1545.4,4142
2026-05-14 12:15:00,1546.9,1555.0,1545.0,1548.2,7477
2026-05-14 13:15:00,1548.2,1551.9,1545.6,1547.2,2466
2026-05-14 14:15:00,1547.0,1554.0,1540.1,1548.1,5645
2026-05-14 15:15:00,1548.0,1551.0,1540.1,1551.0,2792
2026-05-15 09:15:00,1552.9,1585.6,1535.0,1573.1,15907
2026-05-15 10:15:00,1576.2,1584.9,1573.8,1573.8,3846
2026-05-15 11:15:00,1573.0,1576.6,1565.2,1574.4,1988
2026-05-15 12:15:00,1574.2,1574.2,1559.3,1564.5,3423
2026-05-15 13:15:00,1563.8,1566.4,1555.1,1555.4,2026
2026-05-15 14:15:00,1557.3,1558.5,1537.1,1553.2,5314
2026-05-15 15:15:00,1553.2,1553.4,1545.0,1547.0,1961
2026-05-18 09:15:00,1544.0,1545.1,1515.2,1517.1,7733
2026-05-18 10:15:00,1517.0,1532.0,1507.0,1531.5,2704
2026-05-18 11:15:00,1531.9,1539.8,1530.0,1538.0,2877
2026-05-18 12:15:00,1539.0,1548.5,1536.6,1544.0,2452
2026-05-18 13:15:00,1544.1,1547.9,1540.0,1546.4,1525
2026-05-18 14:15:00,1545.0,1558.7,1543.2,1555.3,2064
2026-05-18 15:15:00,1555.3,1555.3,1545.7,1550.0,3301
2026-05-19 09:15:00,1558.7,1629.9,1558.7,1626.8,24133
2026-05-19 10:15:00,1629.0,1634.8,1613.1,1632.8,17148
2026-05-19 11:15:00,1632.8,1649.0,1627.6,1629.5,17700
2026-05-19 12:15:00,1629.4,1653.9,1624.0,1648.4,21023
2026-05-19 13:15:00,1646.9,1687.0,1640.0,1667.3,67349
2026-05-19 14:15:00,1669.4,1675.0,1650.5,1656.0,29206
2026-05-19 15:15:00,1657.0,1682.6,1651.7,1668.0,17067
2026-05-20 09:15:00,1656.0,1671.1,1628.6,1655.6,10242
2026-05-20 10:15:00,1655.9,1659.3,1640.1,1650.5,3063
2026-05-20 11:15:00,1649.0,1652.2,1642.5,1645.9,2615
2026-05-20 12:15:00,1645.0,1648.1,1631.0,1634.0,2154
2026-05-20 13:15:00,1632.3,1635.7,1617.7,1617.9,6423
2026-05-20 14:15:00,1617.9,1629.2,1616.9,1622.3,5792
2026-05-20 15:15:00,1622.3,1622.5,1612.3,1612.3,2730
2026-05-21 09:15:00,1625.0,1657.1,1621.1,1628.0,13400
2026-05-21 10:15:00,1628.0,1635.2,1620.0,1620.5,2747
2026-05-21 11:15:00,1620.5,1629.5,1616.3,1622.2,3136
2026-05-21 12:15:00,1624.5,1641.9,1624.0,1637.0,6014
2026-05-21 13:15:00,1635.5,1638.5,1630.0,1638.5,4391
2026-05-21 14:15:00,1636.3,1651.0,1636.3,1639.0,12054
2026-05-21 15:15:00,1639.6,1642.7,1632.5,1638.3,1421
2026-05-22 09:15:00,1642.0,1658.1,1620.8,1631.0,4231
2026-05-22 10:15:00,1631.0,1645.0,1628.1,1636.0,2461
2026-05-22 11:15:00,1636.6,1639.9,1633.3,1636.7,1244
2026-05-22 12:15:00,1636.7,1636.7,1630.0,1631.0,1896
2026-05-22 13:15:00,1631.9,1645.4,1630.6,1632.0,3932
2026-05-22 14:15:00,1633.1,1642.0,1625.0,1637.2,6880
2026-05-22 15:15:00,1638.7,1640.0,1624.1,1640.0,2126
2026-05-25 09:15:00,1635.5,1663.4,1632.6,1653.8,8512
2026-05-25 10:15:00,1655.0,1665.9,1654.0,1664.9,3220
2026-05-25 11:15:00,1664.9,1668.1,1649.2,1654.3,4789
2026-05-25 12:15:00,1652.3,1664.7,1646.5,1661.2,3242
2026-05-25 13:15:00,1660.8,1673.1,1659.6,1667.2,2801
2026-05-25 14:15:00,1667.6,1673.1,1665.8,1668.9,5890
2026-05-25 15:15:00,1668.8,1674.8,1665.5,1674.8,3654
2026-05-26 09:15:00,1672.0,1681.0,1663.8,1670.9,4902
2026-05-26 10:15:00,1668.9,1679.0,1668.2,1672.7,1540
2026-05-26 11:15:00,1672.7,1672.7,1660.1,1660.2,2070
2026-05-26 12:15:00,1660.1,1663.4,1651.4,1654.0,3922
2026-05-26 13:15:00,1654.0,1658.0,1635.0,1643.0,6581
2026-05-26 14:15:00,1643.9,1644.7,1628.7,1630.3,6573
2026-05-26 15:15:00,1628.7,1638.1,1625.5,1637.0,3146
2026-05-27 09:15:00,1632.2,1645.1,1632.1,1640.6,1562
2026-05-27 10:15:00,1640.9,1650.7,1639.0,1648.0,1595
2026-05-27 11:15:00,1646.1,1651.6,1641.9,1644.3,1463
2026-05-27 12:15:00,1644.2,1652.3,1641.1,1649.8,1426
2026-05-27 13:15:00,1647.6,1653.1,1636.8,1644.0,1939
2026-05-27 14:15:00,1641.6,1645.8,1630.1,1637.9,4809
2026-05-27 15:15:00,1635.0,1638.4,1625.0,1633.0,2166
2026-05-29 09:15:00,1650.0,1708.0,1636.0,1703.2,28093
2026-05-29 10:15:00,1704.8,1719.0,1681.1,1685.5,24365
2026-05-29 11:15:00,1684.1,1686.0,1677.0,1677.0,5231
2026-05-29 12:15:00,1678.0,1682.0,1664.8,1666.2,6883
2026-05-29 13:15:00,1667.8,1668.5,1645.1,1647.4,5833
2026-05-29 14:15:00,1647.4,1654.1,1632.0,1632.4,14404
2026-05-29 15:15:00,1632.0,1632.3,1604.0,1613.9,11679
2026-06-01 09:15:00,1628.9,1707.0,1627.0,1690.2,35495
2026-06-01 10:15:00,1690.4,1705.0,1679.0,1704.4,12505
2026-06-01 11:15:00,1704.2,1704.2,1684.1,1694.3,6859
2026-06-01 12:15:00,1694.2,1698.0,1668.2,1668.2,7053
2026-06-01 13:15:00,1669.2,1673.5,1658.1,1658.9,6346
2026-06-01 14:15:00,1657.7,1663.9,1652.5,1654.6,4903
2026-06-01 15:15:00,1653.5,1665.0,1639.0,1665.0,3994
2026-06-02 09:15:00,1641.8,1737.5,1632.8,1721.5,75014
2026-06-02 10:15:00,1723.7,1789.8,1720.0,1741.5,241146
2026-06-02 11:15:00,1741.5,1743.8,1722.1,1724.1,32148
2026-06-02 12:15:00,1724.0,1726.9,1711.0,1724.0,17895
2026-06-02 13:15:00,1724.8,1738.8,1721.2,1734.5,14641
2026-06-02 14:15:00,1734.5,1737.1,1720.0,1728.9,19970
2026-06-02 15:15:00,1728.0,1734.4,1723.8,1731.3,14879
2026-06-03 09:15:00,1731.0,1731.0,1675.1,1681.0,36228
2026-06-03 10:15:00,1680.9,1682.4,1665.1,1670.6,15687
2026-06-03 11:15:00,1670.6,1674.4,1660.7,1664.3,7287
2026-06-03 12:15:00,1662.8,1684.8,1662.8,1678.1,8332
2026-06-03 13:15:00,1678.4,1686.8,1677.8,1682.5,3827
2026-06-03 14:15:00,1684.3,1694.8,1681.3,1686.0,8225
2026-06-03 15:15:00,1684.7,1684.7,1674.1,1677.0,6248
2026-06-04 09:15:00,1669.0,1677.9,1650.3,1664.8,15267
2026-06-04 10:15:00,1664.8,1668.3,1655.0,1659.8,5620
2026-06-04 11:15:00,1658.8,1669.9,1656.6,1669.9,2437
2026-06-04 12:15:00,1668.8,1673.8,1668.0,1672.0,4085
2026-06-04 13:15:00,1672.0,1678.6,1667.9,1672.8,7879
2026-06-04 14:15:00,1672.8,1678.8,1670.0,1672.1,4096
2026-06-04 15:15:00,1672.1,1678.7,1664.8,1672.0,4489
2026-06-05 09:15:00,1680.0,1703.8,1674.9,1688.5,8013
2026-06-05 10:15:00,1689.9,1689.9,1665.1,1673.5,4556
2026-06-05 11:15:00,1674.0,1677.0,1668.0,1673.9,3568
2026-06-05 12:15:00,1672.9,1676.6,1657.8,1657.8,2167
2026-06-05 13:15:00,1656.9,1658.3,1652.0,1655.1,3034
2026-06-05 14:15:00,1655.1,1664.4,1655.1,1659.3,3511
2026-06-05 15:15:00,1661.7,1667.5,1652.0,1662.0,3504
2026-06-08 09:15:00,1650.0,1650.1,1606.6,1636.0,10489
2026-06-08 10:15:00,1635.7,1640.0,1627.9,1632.1,2293
2026-06-08 11:15:00,1631.9,1640.8,1628.4,1632.2,1691
2026-06-08 12:15:00,1632.3,1638.0,1628.1,1629.8,1337
2026-06-08 13:15:00,1631.3,1632.7,1621.1,1626.7,1596
2026-06-08 14:15:00,1626.9,1628.5,1611.6,1612.0,4684
2026-06-08 15:15:00,1612.0,1614.3,1607.5,1610.0,2364
2026-06-09 09:15:00,1623.7,1663.8,1606.0,1611.7,8411
2026-06-09 10:15:00,1611.5,1622.9,1607.1,1616.5,3307
2026-06-09 11:15:00,1616.1,1623.2,1606.4,1614.6,3782
2026-06-09 12:15:00,1614.5,1620.0,1611.3,1616.8,1510
2026-06-09 13:15:00,1616.8,1616.8,1610.0,1612.9,1093
2026-06-09 14:15:00,1613.8,1630.7,1612.2,1624.4,3793
2026-06-09 15:15:00,1622.4,1629.8,1614.0,1629.8,4001
2026-06-10 09:15:00,1622.5,1637.7,1611.6,1622.0,5959
2026-06-10 10:15:00,1622.0,1623.7,1613.9,1615.0,1840
2026-06-10 11:15:00,1614.9,1616.2,1608.0,1612.6,1644
2026-06-10 12:15:00,1611.0,1612.2,1605.0,1607.0,1481
2026-06-10 13:15:00,1607.2,1608.8,1600.0,1602.1,1838
2026-06-10 14:15:00,1602.1,1604.6,1580.0,1581.9,8270
2026-06-10 15:15:00,1580.1,1592.0,1572.8,1590.0,3604
2026-06-11 09:15:00,1575.0,1578.7,1554.1,1564.9,5636
2026-06-11 10:15:00,1564.9,1589.1,1563.1,1582.8,2425
2026-06-11 11:15:00,1580.1,1605.0,1579.6,1597.8,4971
2026-06-11 12:15:00,1596.6,1599.2,1581.1,1585.7,2060
2026-06-11 13:15:00,1586.0,1589.5,1573.1,1573.5,3078
2026-06-11 14:15:00,1573.6,1587.2,1568.4,1572.8,4949
2026-06-11 15:15:00,1572.5,1577.0,1570.0,1577.0,1324
2026-06-12 09:15:00,1591.0,1608.0,1575.6,1579.5,4866
2026-06-12 10:15:00,1579.7,1587.5,1576.1,1582.9,3178
2026-06-12 11:15:00,1583.6,1588.4,1577.6,1578.0,3705
2026-06-12 12:15:00,1578.2,1584.3,1560.9,1560.9,3245
2026-06-12 13:15:00,1563.8,1580.9,1561.1,1580.9,3300
2026-06-12 14:15:00,1581.8,1584.9,1575.0,1575.9,4986
2026-06-12 15:15:00,1575.7,1583.9,1574.3,1583.9,5044
2026-06-15 09:15:00,1594.8,1631.2,1594.8,1615.1,11485
2026-06-15 10:15:00,1617.0,1640.0,1609.8,1636.9,5078
2026-06-15 11:15:00,1637.2,1641.0,1621.0,1624.8,5100
2026-06-15 12:15:00,1625.9,1631.4,1616.1,1625.0,4441
2026-06-15 13:15:00,1625.3,1629.0,1602.3,1614.4,5691
2026-06-15 14:15:00,1616.0,1630.0,1610.5,1617.9,6047
2026-06-15 15:15:00,1618.6,1627.0,1605.6,1623.0,4915
2026-06-16 09:15:00,1618.0,1634.7,1602.0,1630.0,6478
2026-06-16 10:15:00,1631.0,1648.0,1620.4,1623.0,5193
2026-06-16 11:15:00,1623.5,1627.8,1620.5,1621.7,1099
2026-06-16 12:15:00,1624.2,1624.5,1611.2,1623.0,1910
2026-06-16 13:15:00,1621.9,1628.7,1621.0,1628.0,1357
2026-06-16 14:15:00,1626.9,1669.9,1625.3,1665.0,13926
2026-06-16 15:15:00,1666.0,1668.0,1663.1,1665.0,5372
2026-06-17 09:15:00,1663.8,1685.0,1649.0,1651.0,12388
2026-06-17 10:15:00,1651.0,1655.8,1649.2,1651.6,2536
2026-06-17 11:15:00,1651.5,1657.3,1647.0,1654.6,2453
2026-06-17 12:15:00,1654.6,1656.9,1647.3,1649.5,1477
2026-06-17 13:15:00,1647.7,1650.2,1645.0,1645.0,1793
2026-06-17 14:15:00,1645.1,1647.9,1634.5,1637.1,5166
2026-06-17 15:15:00,1638.7,1640.0,1632.0,1637.0,4193
2026-06-18 09:15:00,1640.0,1654.9,1621.1,1646.3,7841
2026-06-18 10:15:00,1648.7,1658.9,1648.5,1649.8,4975
2026-06-18 11:15:00,1650.9,1650.9,1641.2,1645.0,1662
2026-06-18 12:15:00,1643.9,1655.0,1639.0,1639.9,3239
2026-06-18 13:15:00,1640.0,1644.0,1635.2,1635.5,1527
2026-06-18 14:15:00,1635.5,1643.8,1632.0,1638.8,2576
2026-06-18 15:15:00,1636.1,1639.0,1631.0,1637.0,2638
2026-06-19 09:15:00,1605.1,1621.7,1587.5,1602.7,23089
2026-06-19 10:15:00,1602.7,1602.9,1589.0,1597.0,10233
2026-06-19 11:15:00,1597.8,1598.9,1593.1,1597.9,2153
2026-06-19 12:15:00,1597.6,1600.0,1587.5,1592.1,6781
2026-06-19 13:15:00,1593.3,1599.0,1586.1,1593.7,5827
2026-06-19 14:15:00,1593.9,1609.0,1591.2,1604.0,14199
2026-06-19 15:15:00,1603.1,1619.0,1603.1,1619.0,8241
2026-06-22 09:15:00,1608.1,1636.3,1608.1,1620.9,5817
2026-06-22 10:15:00,1622.7,1623.2,1614.6,1618.4,3392
2026-06-22 11:15:00,1618.7,1623.1,1609.2,1613.0,1813
2026-06-22 12:15:00,1611.1,1617.7,1610.0,1611.6,2309
2026-06-22 13:15:00,1611.8,1611.8,1604.0,1609.1,1563
2026-06-22 14:15:00,1608.5,1610.4,1604.1,1605.7,2881
2026-06-22 15:15:00,1605.8,1609.6,1601.0,1603.0,2454
2026-06-23 09:15:00,1607.6,1611.1,1590.0,1596.7,7403
2026-06-23 10:15:00,1595.0,1596.5,1580.0,1586.1,5536
2026-06-23 11:15:00,1585.0,1587.8,1581.1,1582.1,2798
2026-06-23 12:15:00,1582.4,1585.0,1578.1,1581.9,2538
2026-06-23 13:15:00,1581.9,1582.7,1578.0,1579.8,1954
2026-06-23 14:15:00,1581.5,1594.4,1580.0,1581.6,4983
2026-06-23 15:15:00,1581.2,1583.0,1577.0,1577.0,3529
2026-06-24 09:15:00,1583.0,1600.0,1573.1,1578.0,3959
2026-06-24 10:15:00,1577.6,1595.0,1577.6,1586.8,2336
2026-06-24 11:15:00,1586.9,1591.4,1583.7,1585.0,726
2026-06-24 12:15:00,1584.3,1595.0,1582.0,1594.8,1362
2026-06-24 13:15:00,1593.2,1596.9,1585.6,1592.5,1817
2026-06-24 14:15:00,1594.4,1609.6,1594.4,1599.3,5284
2026-06-24 15:15:00,1599.6,1606.0,1591.2,1598.0,3377
2026-06-25 09:15:00,1605.1,1617.8,1590.1,1599.4,6256
2026-06-25 10:15:00,1598.2,1599.4,1592.4,1596.3,1347
2026-06-25 11:15:00,1592.7,1595.9,1590.0,1593.8,1561
2026-06-25 12:15:00,1593.4,1595.4,1590.1,1593.0,1424
2026-06-25 13:15:00,1593.0,1593.5,1589.1,1590.3,1485
2026-06-25 14:15:00,1590.5,1590.7,1570.1,1570.2,5029
2026-06-25 15:15:00,1571.2,1585.0,1570.1,1571.1,3806
2026-06-29 09:15:00,1580.0,1584.2,1567.0,1575.0,5422
2026-06-29 10:15:00,1574.7,1579.9,1570.1,1571.5,1743
2026-06-29 11:15:00,1574.8,1575.4,1558.4,1559.0,2873
2026-06-29 12:15:00,1560.8,1584.0,1558.5,1564.0,8365
2026-06-29 13:15:00,1564.0,1565.8,1560.0,1563.7,1691
2026-06-29 14:15:00,1563.7,1570.8,1560.0,1560.5,3953
2026-06-29 15:15:00,1560.4,1567.5,1559.8,1560.4,1858
2026-06-30 09:15:00,1563.0,1570.0,1542.0,1551.8,4662
2026-06-30 10:15:00,1546.5,1549.9,1545.0,1548.1,1223
2026-06-30 11:15:00,1547.8,1557.0,1546.1,1552.4,1795
2026-06-30 12:15:00,1552.4,1568.0,1551.0,1565.8,78643
2026-06-30 13:15:00,1565.8,1580.9,1565.8,1577.8,6691
2026-06-30 14:15:00,1577.1,1605.0,1570.8,1598.0,9708
2026-06-30 15:15:00,1596.8,1603.8,1586.8,1586.9,2827
2026-07-01 09:15:00,1599.3,1618.9,1585.0,1588.9,4220
2026-07-01 10:15:00,1592.0,1592.7,1570.1,1575.8,5516
2026-07-01 11:15:00,1575.1,1579.7,1570.0,1572.2,3108
2026-07-01 12:15:00,1570.5,1577.0,1566.2,1577.0,1835
2026-07-01 13:15:00,1576.9,1577.5,1550.0,1561.0,7278
2026-07-01 14:15:00,1560.8,1573.0,1555.0,1572.1,4559
2026-07-01 15:15:00,1572.0,1572.0,1555.0,1571.8,4154
2026-07-02 09:15:00,1570.1,1616.9,1570.1,1600.2,17395
2026-07-02 10:15:00,1602.0,1615.0,1590.0,1596.4,8436
2026-07-02 11:15:00,1596.6,1604.2,1590.3,1598.1,3164
2026-07-02 12:15:00,1601.3,1610.0,1599.5,1599.8,5132
2026-07-02 13:15:00,1601.3,1601.9,1596.2,1597.0,1078
2026-07-02 14:15:00,1598.6,1621.0,1596.5,1611.4,14730
2026-07-02 15:15:00,1613.0,1615.0,1605.0,1609.0,3428
2026-07-03 09:15:00,1625.1,1642.0,1612.1,1624.1,12372
2026-07-03 10:15:00,1624.3,1627.7,1614.2,1622.7,2993
2026-07-03 11:15:00,1621.7,1637.0,1621.0,1636.0,5643
2026-07-03 12:15:00,1636.0,1655.5,1633.7,1640.6,12674
2026-07-03 13:15:00,1640.5,1640.7,1628.1,1629.0,4193
2026-07-03 14:15:00,1629.0,1631.0,1622.0,1622.7,2901
2026-07-03 15:15:00,1622.8,1635.7,1613.0,1613.0,4840
2026-07-06 09:15:00,1621.3,1623.0,1590.1,1592.6,8927
2026-07-06 10:15:00,1592.4,1601.1,1591.3,1592.1,3247
2026-07-06 11:15:00,1595.0,1604.2,1595.0,1599.1,2118
2026-07-06 12:15:00,1601.3,1605.9,1599.0,1604.9,1669
2026-07-06 13:15:00,1604.8,1606.6,1597.4,1603.0,2913
2026-07-06 14:15:00,1603.1,1609.5,1596.2,1599.5,4834
2026-07-06 15:15:00,1599.5,1600.0,1588.0,1596.4,3187
2026-07-07 09:15:00,1603.5,1628.9,1591.0,1616.7,12129
2026-07-07 10:15:00,1616.0,1619.3,1608.0,1619.0,3688
2026-07-07 11:15:00,1618.9,1620.1,1601.6,1614.7,5388
2026-07-07 12:15:00,1612.2,1648.0,1612.2,1631.0,22800
2026-07-07 13:15:00,1631.0,1649.9,1630.0,1646.7,10759
2026-07-07 14:15:00,1644.8,1650.0,1636.0,1641.0,9500
2026-07-07 15:15:00,1641.2,1643.0,1636.0,1641.0,4235
2026-07-08 09:15:00,1640.0,1650.0,1615.2,1617.7,8965
2026-07-08 10:15:00,1616.1,1620.6,1612.5,1619.5,1759
2026-07-08 11:15:00,1617.8,1623.9,1616.4,1619.0,1527
2026-07-08 12:15:00,1618.7,1621.8,1616.3,1620.0,1066
2026-07-08 13:15:00,1620.1,1644.3,1618.0,1619.3,10569
2026-07-08 14:15:00,1619.1,1635.0,1598.4,1606.8,10540
2026-07-08 15:15:00,1607.0,1608.4,1604.1,1606.6,2865
2026-07-09 09:15:00,1607.2,1638.8,1591.0,1626.4,7990
2026-07-09 10:15:00,1626.3,1635.0,1616.0,1616.5,3623
2026-07-09 11:15:00,1617.5,1633.0,1617.1,1625.0,4434
2026-07-09 12:15:00,1627.9,1632.4,1623.5,1629.6,2185
2026-07-09 13:15:00,1629.5,1629.5,1616.0,1620.3,2556
2026-07-09 14:15:00,1620.3,1622.0,1608.0,1609.0,4240
2026-07-09 15:15:00,1610.0,1619.3,1605.0,1619.0,4359
2026-07-10 09:15:00,1625.0,1679.6,1625.0,1654.9,27878
2026-07-10 10:15:00,1656.8,1656.8,1642.2,1650.0,8579
2026-07-10 11:15:00,1650.0,1691.8,1648.6,1674.4,31674
2026-07-10 12:15:00,1674.4,1675.2,1655.2,1658.5,6457
2026-07-10 13:15:00,1659.1,1660.3,1650.1,1658.8,3928
2026-07-10 14:15:00,1654.6,1688.0,1651.1,1677.6,17003
2026-07-10 15:15:00,1678.0,1685.5,1667.1,1685.0,9147
2026-07-13 09:15:00,1684.8,1729.0,1651.0,1722.1,36009
2026-07-13 10:15:00,1724.8,1749.0,1711.8,1738.4,26896
2026-07-13 11:15:00,1738.4,1747.0,1733.4,1741.3,12429
2026-07-13 12:15:00,1741.3,1785.0,1741.1,1757.0,70099
2026-07-13 13:15:00,1757.0,1767.5,1748.2,1758.0,20215
2026-07-13 14:15:00,1758.0,1769.8,1747.1,1749.9,16614
2026-07-13 15:15:00,1751.7,1754.4,1741.1,1747.6,9014
2026-07-14 09:15:00,1758.0,1759.3,1712.6,1719.4,19362
2026-07-14 10:15:00,1718.7,1731.5,1706.9,1723.7,5839
2026-07-14 11:15:00,1725.5,1731.8,1718.0,1722.2,4941
2026-07-14 12:15:00,1720.5,1736.7,1710.0,1734.7,10121
2026-07-14 13:15:00,1735.0,1739.9,1732.6,1736.2,6613
2026-07-14 14:15:00,1737.5,1738.8,1715.7,1722.0,11947
2026-07-14 15:15:00,1721.0,1726.0,1706.6,1722.2,7448
2026-07-15 09:15:00,1715.0,1718.0,1685.2,1700.0,12360
2026-07-15 10:15:00,1701.9,1704.9,1691.7,1694.1,2316
2026-07-15 11:15:00,1693.7,1703.5,1690.0,1693.6,1403
2026-07-15 12:15:00,1695.0,1698.5,1677.9,1681.9,5076
2026-07-15 13:15:00,1681.9,1686.7,1679.1,1684.1,2636
2026-07-15 14:15:00,1683.9,1695.3,1683.2,1688.6,4080
2026-07-15 15:15:00,1688.3,1692.0,1679.0,1692.0,8522
2026-07-16 09:15:00,1689.9,1745.0,1689.9,1743.6,16596
2026-07-16 10:15:00,1745.0,1757.0,1716.1,1720.4,12629
2026-07-16 11:15:00,1720.1,1773.7,1717.0,1758.3,29184
2026-07-16 12:15:00,1759.0,1770.0,1736.0,1760.2,45759
2026-07-16 13:15:00,1758.6,1777.5,1750.2,1756.1,32819
2026-07-16 14:15:00,1755.1,1780.0,1753.9,1765.7,34389
2026-07-16 15:15:00,1765.7,1771.0,1764.0,1764.0,10081
2026-07-17 09:15:00,1782.3,1799.0,1726.8,1737.8,72416
2026-07-17 10:15:00,1739.0,1775.5,1731.8,1767.7,15594
2026-07-17 11:15:00,1768.5,1769.5,1743.6,1745.9,10769
2026-07-17 12:15:00,1746.5,1778.9,1745.0,1768.0,16144
2026-07-17 13:15:00,1768.7,1771.7,1764.7,1767.0,7030
2026-07-17 14:15:00,1767.5,1780.0,1767.1,1773.1,11359
2026-07-17 15:15:00,1774.0,1774.8,1765.0,1770.5,4541
2026-07-20 09:15:00,1745.4,1774.0,1735.0,1743.1,45928
2026-07-20 10:15:00,1742.9,1755.5,1737.9,1741.0,12823
2026-07-20 11:15:00,1742.4,1747.9,1738.0,1744.1,5468
2026-07-20 12:15:00,1742.7,1749.4,1741.5,1748.5,4897
2026-07-20 13:15:00,1749.4,1749.7,1740.0,1748.0,5275
2026-07-20 14:15:00,1748.0,1752.3,1741.0,1745.3,8049
2026-07-20 15:15:00,1745.3,1747.9,1740.0,1741.0,5257
2026-07-21 09:15:00,1755.0,1779.9,1742.0,1762.2,70065
2026-07-21 10:15:00,1762.3,1777.8,1752.5,1755.5,16399
2026-07-21 11:15:00,1755.5,1767.1,1754.0,1761.1,3513
2026-07-21 12:15:00,1759.4,1769.5,1741.3,1755.4,79463
2026-07-21 13:15:00,1756.0,1758.5,1746.0,1747.1,4830
2026-07-21 14:15:00,1747.1,1753.9,1744.9,1746.0,10175
2026-07-21 15:15:00,1746.1,1749.7,1739.0,1747.0,5467
2026-07-22 09:15:00,1740.2,1740.3,1669.0,1674.2,49531
2026-07-22 10:15:00,1673.9,1712.8,1670.0,1701.1,24705
2026-07-22 11:15:00,1702.4,1708.0,1685.4,1697.5,10782
2026-07-22 12:15:00,1698.9,1705.5,1693.3,1700.0,5368
2026-07-22 13:15:00,1700.0,1712.8,1694.4,1700.0,32993
2026-07-22 14:15:00,1700.0,1720.0,1695.1,1719.0,15038
2026-07-22 15:15:00,1719.0,1719.9,1711.1,1718.0,9487
2026-07-23 09:15:00,1715.4,1715.4,1653.6,1655.5,20448
2026-07-23 10:15:00,1655.0,1676.9,1644.4,1671.7,15064
2026-07-23 11:15:00,1671.3,1679.8,1664.6,1672.5,13131
2026-07-23 12:15:00,1672.5,1685.0,1667.4,1673.5,15684
2026-07-23 13:15:00,1674.5,1679.4,1670.0,1675.7,2098
2026-07-23 14:15:00,1676.3,1686.9,1674.7,1676.6,8285
2026-07-23 15:15:00,1676.6,1698.8,1674.6,1675.0,8327
2026-07-24 09:15:00,1671.8,1689.8,1644.0,1644.0,10306
2026-07-24 10:15:00,1643.8,1663.5,1632.1,1656.5,15550
2026-07-24 11:15:00,1656.1,1680.7,1654.5,1668.7,3575
2026-07-24 12:15:00,1668.7,1682.2,1668.0,1681.5,7054
2026-07-24 13:15:00,1680.4,1685.0,1676.0,1681.0,2869
2026-07-24 14:15:00,1679.4,1693.0,1676.8,1691.0,6366
2026-07-24 15:15:00,1691.0,1693.0,1686.8,1691.0,4127
2026-07-27 09:15:00,1700.2,1739.9,1700.2,1730.0,23518
2026-07-27 10:15:00,1730.0,1734.4,1721.3,1729.6,11633
2026-07-27 11:15:00,1731.0,1744.9,1728.9,1733.3,5896
2026-07-27 12:15:00,1733.0,1733.0,1718.6,1731.2,3854
2026-07-27 13:15:00,1731.2,1750.0,1731.2,1735.2,13744
2026-07-27 14:15:00,1735.9,1738.2,1729.9,1732.0,5425
2026-07-27 15:15:00,1732.2,1735.0,1715.6,1735.0,3174
2026-07-28 09:15:00,1732.0,1875.9,1732.0,1857.4,225490
2026-07-28 10:15:00,1857.5,1861.0,1836.0,1849.0,79830
2026-07-28 11:15:00,1848.9,1864.0,1845.4,1852.1,49015
2026-07-28 12:15:00,1853.0,1860.0,1842.3,1850.9,29557
2026-07-28 13:15:00,1850.9,1854.3,1818.9,1825.5,39270
2026-07-28 14:15:00,1826.8,1881.0,1826.5,1872.0,137654
2026-07-28 15:15:00,1871.7,1880.0,1870.0,1880.0,31958
2026-07-29 09:15:00,1888.699951171875,1919.0,1873.4000244140625,1879.4000244140625,0
2026-07-29 10:15:00,1881.4000244140625,1926.5,1881.4000244140625,1919.9000244140625,50376
2026-07-29 11:15:00,1922.5,1923.9000244140625,1895.9000244140625,1901.300048828125,27174
2026-07-29 12:15:00,1899.199951171875,1905.300048828125,1890.0999755859373,1901.5999755859373,14833
2026-07-29 13:15:00,1901.5999755859373,1911.4000244140625,1900.0,1904.300048828125,10154
2026-07-29 14:15:00,1904.300048828125,1916.0,1899.0999755859373,1903.800048828125,22359
2026-07-29 15:15:00,1904.0999755859373,1907.199951171875,1900.0,1903.800048828125,14437
2026-07-30 09:15:00,1906.300048828125,1944.0,1894.699951171875,1937.5999755859373,0
2026-07-30 10:15:00,1937.9000244140625,1940.0,1917.199951171875,1927.9000244140625,22491
2026-07-30 11:15:00,1927.5999755859373,1939.0999755859373,1920.0999755859373,1921.300048828125,17199
2026-07-30 12:15:00,1922.699951171875,1930.800048828125,1921.0,1930.5,5873
2026-07-30 13:15:00,1930.300048828125,1931.0,1924.4000244140625,1926.800048828125,8129
2026-07-30 14:15:00,1926.800048828125,1931.9000244140625,1910.199951171875,1930.699951171875,32144
2026-07-30 15:15:00,1930.5,1936.5999755859373,1915.0,1915.0,11147
2026-07-31 09:15:00,1879.300048828125,1929.699951171875,1851.5999755859373,1919.199951171875,0
2026-07-31 10:15:00,1917.5,1921.699951171875,1886.0,1894.5999755859373,16383
2026-07-31 11:15:00,1893.0,1893.0,1865.800048828125,1878.5,22204
2026-07-31 12:15:00,1878.5,1884.0,1874.5,1879.5,18481
2026-07-31 13:15:00,1881.5,1881.5,1867.199951171875,1871.0,6301
2026-07-31 14:15:00,1871.0999755859373,1881.800048828125,1870.0,1877.300048828125,8557
2026-07-31 15:15:00,1877.699951171875,1879.800048828125,1865.0,1874.800048828125,6155
2026-08-03 09:15:00,1879.300048828125,1879.699951171875,1845.0999755859373,1874.199951171875,0
2026-08-03 10:15:00,1875.9000244140625,1880.0,1858.699951171875,1868.800048828125,7000
2026-08-03 11:15:00,1868.800048828125,1909.5999755859373,1866.199951171875,1904.4000244140625,17435
2026-08-03 12:15:00,1905.0,1909.5,1882.199951171875,1886.0999755859373,7566
2026-08-03 13:15:00,1886.5,1886.5,1876.0999755859373,1881.5,5005
2026-08-03 14:15:00,1882.699951171875,1902.0,1877.0,1896.199951171875,10550
2026-08-03 15:15:00,1896.300048828125,1902.5,1870.0,1892.0,5019
2026-08-04 09:15:00,1893.0,1893.0,1852.0,1860.0,0
2026-08-04 10:15:00,1860.0,1865.0,1860.0,1860.300048828125,6795
2026-08-04 11:15:00,1860.0,1879.0,1837.5999755859373,1838.5,20881
2026-08-04 12:15:00,1837.9000244140625,1846.9000244140625,1836.0,1837.199951171875,7592
2026-08-04 13:15:00,1837.199951171875,1846.800048828125,1833.0,1840.0,23401
2026-08-04 14:15:00,1840.699951171875,1856.300048828125,1836.5,1844.4000244140625,16387
2026-08-04 15:15:00,1841.800048828125,1844.5999755859373,1838.0,1842.5999755859373,3625
2026-08-05 09:15:00,1845.0999755859373,1862.0999755859373,1829.0,1840.0,0
2026-08-05 10:15:00,1838.9000244140625,1840.699951171875,1827.0,1834.0999755859373,5589
2026-08-05 11:15:00,1832.5999755859373,1833.300048828125,1821.5,1823.5999755859373,3983
2026-08-05 12:15:00,1823.5999755859373,1824.0999755859373,1816.9000244140625,1824.0999755859373,4099
2026-08-05 13:15:00,1824.199951171875,1826.5999755859373,1818.300048828125,1820.300048828125,3224
2026-08-05 14:15:00,1820.5,1831.699951171875,1817.0,1831.300048828125,9320
2026-08-05 15:15:00,1830.0,1830.800048828125,1822.0,1827.9000244140625,2669
2026-08-06 09:15:00,1835.0,1857.5999755859373,1825.0,1835.300048828125,0
2026-08-06 10:15:00,1835.0999755859373,1835.0999755859373,1826.0,1830.4000244140625,3551
2026-08-06 11:15:00,1831.9000244140625,1831.9000244140625,1819.699951171875,1819.699951171875,3196
2026-08-06 12:15:00,1818.199951171875,1823.9000244140625,1813.5,1819.0999755859373,4639
2026-08-06 13:15:00,1817.9000244140625,1822.199951171875,1811.0,1814.0999755859373,2133
2026-08-06 14:15:00,1812.5999755859373,1814.5999755859373,1801.0999755859375,1803.5,6694
2026-08-06 15:15:00,1803.699951171875,1857.800048828125,1800.0,1823.0,13693
2026-08-07 09:15:00,1830.0,1884.199951171875,1830.0,1873.9000244140625,0
2026-08-07 10:15:00,1872.5,1872.5,1840.0999755859373,1842.5,14518
2026-08-07 11:15:00,1842.5999755859373,1852.0,1837.0999755859373,1844.5999755859373,4656
2026-08-07 12:15:00,1844.0,1851.9000244140625,1840.9000244140625,1848.9000244140625,3049
2026-08-07 13:15:00,1846.300048828125,1852.0,1840.0999755859373,1840.0999755859373,4287
2026-08-07 14:15:00,1841.199951171875,1845.800048828125,1828.800048828125,1830.0999755859373,12398
2026-08-07 15:15:00,1830.0999755859373,1833.699951171875,1825.4000244140625,1832.0,2688
2026-08-10 09:15:00,1840.4000244140625,1847.0,1825.0,1833.9000244140625,0
2026-08-10 10:15:00,1828.0999755859373,1833.5,1825.300048828125,1825.5999755859373,5084
2026-08-10 11:15:00,1827.699951171875,1827.699951171875,1810.300048828125,1813.5,4748
2026-08-10 12:15:00,1813.5,1815.800048828125,1807.800048828125,1813.0,3462
2026-08-10 13:15:00,1814.199951171875,1815.4000244140625,1810.800048828125,1812.300048828125,1142
2026-08-10 14:15:00,1812.0,1812.0,1800.0,1802.300048828125,5800
2026-08-10 15:15:00,1801.5999755859373,1806.0,1800.0,1802.5,2564
2026-08-11 09:15:00,1805.0999755859373,1830.0,1805.0999755859373,1819.0,5756
2026-08-11 10:15:00,1819.0,1822.300048828125,1814.0,1817.800048828125,7931
2026-08-11 11:15:00,1818.800048828125,1823.4000244140625,1816.0,1820.5,6479
2026-08-11 12:15:00,1821.0,1825.0,1816.0999755859373,1818.0,8619
2026-08-11 13:15:00,1818.5999755859373,1820.800048828125,1816.4000244140625,1820.199951171875,3397
2026-08-11 14:15:00,1820.0,1822.0,1817.0,1817.9000244140625,9792
2026-08-11 15:15:00,1819.5,1820.0,1798.699951171875,1812.5999755859373,17498
2026-08-12 09:15:00,1816.9000244140625,1830.0999755859373,1807.5999755859373,1811.199951171875,0
2026-08-12 10:15:00,1810.5999755859373,1827.9000244140625,1810.300048828125,1819.5,7137
2026-08-12 11:15:00,1819.5,1826.0,1805.199951171875,1807.0,10413
2026-08-12 12:15:00,1808.4000244140625,1818.5,1807.5,1808.800048828125,3441
2026-08-12 13:15:00,1808.800048828125,1811.300048828125,1806.9000244140625,1808.800048828125,1745
2026-08-12 14:15:00,1810.0,1828.9000244140625,1808.5,1821.0,7928
2026-08-12 15:15:00,1820.5,1820.9000244140625,1810.0999755859373,1810.199951171875,2469
2026-08-13 09:15:00,1819.0999755859373,1834.9000244140625,1811.0999755859373,1831.0999755859373,0
2026-08-13 10:15:00,1833.0,1833.0,1824.0,1827.9000244140625,2171
2026-08-13 11:15:00,1827.800048828125,1849.9000244140625,1825.300048828125,1842.5,7108
2026-08-13 12:15:00,1842.5,1842.5,1830.0999755859373,1831.5999755859373,4906
2026-08-13 13:15:00,1833.4000244140625,1834.9000244140625,1826.5,1826.800048828125,1049
2026-08-13 14:15:00,1828.5,1834.699951171875,1822.4000244140625,1827.800048828125,4018
2026-08-13 15:15:00,1826.199951171875,1830.0,1821.0999755859373,1826.4000244140625,2246
2026-08-14 09:15:00,1830.0,1834.0999755859373,1805.300048828125,1819.9000244140625,0
2026-08-14 10:15:00,1819.9000244140625,1824.300048828125,1811.4000244140625,1818.9000244140625,5027
2026-08-14 11:15:00,1818.9000244140625,1823.9000244140625,1815.199951171875,1823.800048828125,2014
2026-08-14 12:15:00,1823.800048828125,1824.699951171875,1818.0,1822.9000244140625,1462
2026-08-14 13:15:00,1823.0,1827.9000244140625,1820.5,1827.9000244140625,1004
2026-08-14 14:15:00,1827.800048828125,1830.0,1822.0999755859373,1826.0999755859373,4265
2026-08-14 15:15:00,1826.0999755859373,1849.9000244140625,1825.0,1832.199951171875,4918
2026-08-17 09:15:00,1830.699951171875,1832.5,1806.0,1814.0999755859373,0
2026-08-17 10:15:00,1815.699951171875,1817.5999755859373,1808.0999755859373,1810.199951171875,3268
2026-08-17 11:15:00,1808.199951171875,1810.0,1801.5999755859373,1809.699951171875,2697
2026-08-17 12:15:00,1807.699951171875,1811.4000244140625,1807.0,1807.5,1188
2026-08-17 13:15:00,1806.0999755859373,1814.0,1805.199951171875,1810.5999755859373,1441
2026-08-17 14:15:00,1810.5999755859373,1820.4000244140625,1809.199951171875,1817.0,4350
2026-08-17 15:15:00,1817.0,1821.9000244140625,1802.9000244140625,1811.800048828125,2458
2026-08-18 09:15:00,1801.5,1808.0,1781.199951171875,1789.0999755859375,5264
2026-08-18 10:15:00,1789.0999755859375,1791.5999755859375,1771.0,1776.5,10540
2026-08-18 11:15:00,1776.800048828125,1778.0,1770.300048828125,1774.0,5630
2026-08-18 12:15:00,1773.0,1774.699951171875,1767.4000244140625,1769.9000244140625,5491
2026-08-18 13:15:00,1769.800048828125,1769.9000244140625,1753.699951171875,1755.800048828125,10161
2026-08-18 14:15:00,1756.199951171875,1756.199951171875,1711.199951171875,1711.199951171875,33979
2026-08-18 15:15:00,1707.5,1717.5,1703.0,1717.5,11168
2026-08-19 09:15:00,1717.0,1728.4000244140625,1694.699951171875,1699.699951171875,0
2026-08-19 10:15:00,1698.0,1704.5,1691.0,1695.699951171875,13732
2026-08-19 11:15:00,1695.699951171875,1699.0999755859375,1687.5,1691.5999755859375,15770
2026-08-19 12:15:00,1691.5,1717.0,1686.800048828125,1711.4000244140625,23570
2026-08-19 13:15:00,1712.0,1731.0,1709.0999755859375,1709.0999755859375,16895
2026-08-19 14:15:00,1707.699951171875,1719.4000244140625,1702.300048828125,1716.199951171875,13016
2026-08-19 15:15:00,1716.0999755859375,1727.800048828125,1716.0999755859375,1717.199951171875,4322
2026-08-20 09:15:00,1734.5,1760.300048828125,1734.0,1748.5999755859375,0
2026-08-20 10:15:00,1748.300048828125,1749.699951171875,1723.0999755859375,1724.800048828125,14582
2026-08-20 11:15:00,1725.0,1728.800048828125,1713.199951171875,1719.199951171875,10897
2026-08-20 12:15:00,1719.5999755859375,1722.800048828125,1715.5,1718.5999755859375,4043
2026-08-20 13:15:00,1718.5999755859375,1720.199951171875,1704.9000244140625,1707.9000244140625,9294
2026-08-20 14:15:00,1707.0,1708.0,1690.800048828125,1694.4000244140625,19407
2026-08-20 15:15:00,1694.5,1705.5999755859375,1690.300048828125,1693.5,5903
2026-08-21 09:15:00,1710.4000244140625,1713.9000244140625,1672.5999755859375,1680.699951171875,0
2026-08-21 10:15:00,1682.5,1685.800048828125,1672.0,1673.0,21702
2026-08-21 11:15:00,1673.0,1680.0,1673.0,1677.699951171875,3953
2026-08-21 12:15:00,1676.4000244140625,1677.5,1672.300048828125,1672.699951171875,3755
2026-08-21 13:15:00,1672.699951171875,1721.9000244140625,1670.0,1707.4000244140625,30772
2026-08-21 14:15:00,1708.0,1709.9000244140625,1699.4000244140625,1704.300048828125,10948
2026-08-21 15:15:00,1703.5,1706.9000244140625,1702.0,1705.199951171875,4132
2026-08-24 09:15:00,1716.199951171875,1741.9000244140625,1705.800048828125,1719.4000244140625,0
2026-08-24 10:15:00,1719.0,1720.699951171875,1706.0,1707.9000244140625,8080
2026-08-24 11:15:00,1707.5999755859375,1709.9000244140625,1691.300048828125,1694.0999755859375,17905
2026-08-24 12:15:00,1694.300048828125,1701.4000244140625,1692.0999755859375,1694.0999755859375,5514
2026-08-24 13:15:00,1694.9000244140625,1696.5999755859375,1690.5999755859375,1691.800048828125,4822
2026-08-24 14:15:00,1691.0999755859375,1692.5999755859375,1680.0,1682.199951171875,22783
2026-08-24 15:15:00,1683.5,1687.9000244140625,1680.0,1685.0,2259
2026-08-25 09:15:00,1697.5,1697.5,1655.699951171875,1669.4000244140625,0
2026-08-25 10:15:00,1667.199951171875,1672.5999755859375,1664.0999755859375,1668.800048828125,4474
2026-08-25 11:15:00,1668.300048828125,1673.699951171875,1666.9000244140625,1670.800048828125,2474
2026-08-25 12:15:00,1672.4000244140625,1672.4000244140625,1665.199951171875,1668.199951171875,2898
2026-08-25 13:15:00,1670.0999755859375,1670.0999755859375,1662.0,1662.800048828125,4915
2026-08-25 14:15:00,1663.0,1670.9000244140625,1661.699951171875,1666.5,10468
2026-08-25 15:15:00,1666.5,1669.0,1661.0,1663.199951171875,6272
2026-08-26 09:15:00,1660.0999755859375,1680.0,1660.0999755859375,1671.5,10808
2026-08-26 10:15:00,1672.4000244140625,1673.300048828125,1655.5999755859375,1656.300048828125,5628
2026-08-26 11:15:00,1657.5999755859375,1657.5999755859375,1645.300048828125,1649.300048828125,10443
2026-08-26 12:15:00,1650.5,1655.0,1646.300048828125,1647.300048828125,9452
2026-08-26 13:15:00,1646.9000244140625,1651.300048828125,1641.0,1644.800048828125,7852
2026-08-26 14:15:00,1644.800048828125,1648.9000244140625,1642.0,1645.699951171875,10794
2026-08-26 15:15:00,1644.0999755859375,1648.4000244140625,1641.0,1644.0,3877
2026-08-27 09:15:00,1650.0,1650.0,1626.300048828125,1631.300048828125,0
2026-08-27 10:15:00,1629.0999755859375,1633.5,1622.5,1626.5,7122
2026-08-27 11:15:00,1626.4000244140625,1627.300048828125,1612.0999755859375,1614.0999755859375,11296
2026-08-27 12:15:00,1613.800048828125,1617.5,1608.4000244140625,1614.4000244140625,21078
2026-08-27 13:15:00,1615.199951171875,1615.199951171875,1609.300048828125,1610.699951171875,4849
2026-08-27 14:15:00,1610.199951171875,1617.199951171875,1608.0,1610.199951171875,13537
2026-08-27 15:15:00,1611.199951171875,1611.9000244140625,1607.699951171875,1611.5999755859375,5417
2026-08-28 09:15:00,1616.800048828125,1785.0,1616.800048828125,1778.0999755859375,523322
2026-08-28 10:15:00,1778.0999755859375,1838.300048828125,1777.0999755859375,1814.0999755859373,1234113
2026-08-28 11:15:00,1814.0999755859373,1825.0,1803.0,1822.300048828125,495887
2026-08-28 12:15:00,1822.300048828125,1857.300048828125,1821.0999755859373,1843.300048828125,790693
2026-08-28 13:15:00,1843.800048828125,1889.0,1843.5,1880.5999755859373,1084728
2026-08-28 14:15:00,1881.5999755859373,1919.0999755859373,1865.0,1888.800048828125,901840
2026-08-28 15:15:00,1887.5,1933.9000244140625,1887.199951171875,1933.9000244140625,336366
2026-08-31 09:15:00,1894.300048828125,1911.0,1791.199951171875,1792.0,0
2026-08-31 10:15:00,1792.0,1792.199951171875,1773.5999755859375,1781.0,101466
2026-08-31 11:15:00,1780.9000244140625,1786.4000244140625,1772.0999755859375,1784.4000244140625,70773
2026-08-31 12:15:00,1784.0,1806.5,1782.0999755859375,1800.5,121009
2026-08-31 13:15:00,1800.699951171875,1806.800048828125,1778.199951171875,1783.199951171875,65143
2026-08-31 14:15:00,1782.0999755859375,1803.0,1735.199951171875,1743.199951171875,466115
2026-08-31 15:15:00,1742.699951171875,1759.9000244140625,1721.300048828125,1749.0,328192
2026-09-01 09:15:00,1746.800048828125,1790.0,1743.800048828125,1776.4000244140625,0
2026-09-01 10:15:00,1777.800048828125,1790.699951171875,1766.0,1772.5,35140
2026-09-01 11:15:00,1772.5999755859375,1777.699951171875,1766.9000244140625,1776.300048828125,12790
2026-09-01 12:15:00,1779.0,1803.699951171875,1775.5,1794.0999755859375,47238
2026-09-01 13:15:00,1794.199951171875,1814.5999755859373,1791.0999755859375,1804.0999755859373,63465
2026-09-01 14:15:00,1804.0,1810.300048828125,1793.0999755859375,1804.300048828125,46254
2026-09-01 15:15:00,1803.800048828125,1810.9000244140625,1798.5999755859375,1802.0,14684
2026-09-02 09:15:00,1793.0999755859375,1793.0999755859375,1749.0999755859375,1769.699951171875,0
2026-09-02 10:15:00,1769.5,1773.0999755859375,1758.699951171875,1761.9000244140625,6035
2026-09-02 11:15:00,1761.9000244140625,1788.300048828125,1760.9000244140625,1779.0,17302
2026-09-02 12:15:00,1779.0,1779.699951171875,1771.0999755859375,1774.0,4503
2026-09-02 13:15:00,1772.5999755859375,1774.699951171875,1770.199951171875,1770.9000244140625,4665
2026-09-02 14:15:00,1770.9000244140625,1770.9000244140625,1756.5,1757.5999755859375,12961
2026-09-02 15:15:00,1758.0999755859375,1769.800048828125,1758.0999755859375,1767.0,8648
2026-09-03 09:15:00,1771.0999755859375,1800.0,1765.5,1779.699951171875,0
2026-09-03 10:15:00,1778.4000244140625,1783.5999755859375,1770.0,1775.4000244140625,6903
2026-09-03 11:15:00,1775.5,1776.9000244140625,1771.199951171875,1772.199951171875,3580
2026-09-03 12:15:00,1772.199951171875,1772.199951171875,1764.0,1767.9000244140625,6584
2026-09-03 13:15:00,1766.5999755859375,1768.800048828125,1762.0999755859375,1766.9000244140625,4487
2026-09-03 14:15:00,1766.9000244140625,1801.800048828125,1757.800048828125,1794.9000244140625,48091
2026-09-03 15:15:00,1794.9000244140625,1796.0,1786.9000244140625,1792.5999755859375,10077
2026-09-04 09:15:00,1824.0,1824.0,1774.0999755859375,1779.9000244140625,0
2026-09-04 10:15:00,1778.699951171875,1779.199951171875,1766.699951171875,1771.699951171875,7015
2026-09-04 11:15:00,1771.699951171875,1773.0,1760.5,1765.300048828125,6791
2026-09-04 12:15:00,1764.0999755859375,1765.800048828125,1760.0,1760.0,5177
2026-09-04 13:15:00,1760.0,1761.9000244140625,1754.4000244140625,1754.699951171875,6928
2026-09-04 14:15:00,1754.5,1787.699951171875,1752.9000244140625,1765.0,41686
2026-09-04 15:15:00,1765.9000244140625,1772.9000244140625,1764.199951171875,1772.9000244140625,3798
2026-09-21 09:15:00,1592.0999755859375,1600.0,1572.9000244140625,1590.4000244140625,0
2026-09-21 10:15:00,1588.5,1592.4000244140625,1583.199951171875,1583.699951171875,6028
2026-09-21 11:15:00,1585.199951171875,1590.9000244140625,1585.0,1588.9000244140625,3283
2026-09-21 12:15:00,1590.0,1597.699951171875,1586.9000244140625,1592.0,2670
2026-09-21 13:15:00,1592.699951171875,1594.699951171875,1590.0999755859375,1594.0,2248
2026-09-21 14:15:00,1593.0999755859375,1594.0,1584.4000244140625,1588.300048828125,5562
2026-09-21 15:15:00,1588.0,1589.9000244140625,1588.0,1589.199951171875,2065
2026-09-22 09:15:00,1590.0,1591.800048828125,1577.199951171875,1586.800048828125,0
2026-09-22 10:15:00,1587.0999755859375,1588.300048828125,1568.4000244140625,1575.300048828125,9575
2026-09-22 11:15:00,1574.199951171875,1578.9000244140625,1570.0999755859375,1573.199951171875,5243
2026-09-22 12:15:00,1574.699951171875,1575.5,1570.0,1571.0,1763
2026-09-22 13:15:00,1571.9000244140625,1572.0999755859375,1563.300048828125,1568.5,6108
2026-09-22 14:15:00,1568.199951171875,1574.4000244140625,1564.0999755859375,1564.0999755859375,8799
2026-09-22 15:15:00,1564.0999755859375,1569.300048828125,1564.0,1567.9000244140625,4166
2026-09-23 09:15:00,1573.0,1573.0,1558.199951171875,1558.300048828125,0
2026-09-23 10:15:00,1558.199951171875,1563.9000244140625,1557.0,1563.699951171875,3786
2026-09-23 11:15:00,1563.699951171875,1565.699951171875,1558.0,1560.0,4780
2026-09-23 12:15:00,1558.5999755859375,1579.699951171875,1558.0,1572.300048828125,13287
2026-09-23 13:15:00,1571.5999755859375,1572.5,1566.199951171875,1568.0999755859375,5129
2026-09-23 14:15:00,1568.0999755859375,1569.800048828125,1565.0,1566.300048828125,3711
2026-09-23 15:15:00,1566.300048828125,1579.199951171875,1565.0,1573.300048828125,0
2026-09-24 09:15:00,1565.0,1579.0,1551.199951171875,1565.800048828125,0
2026-09-24 10:15:00,1565.199951171875,1569.699951171875,1562.800048828125,1567.800048828125,3159
2026-09-24 11:15:00,1566.300048828125,1567.9000244140625,1557.4000244140625,1560.9000244140625,7046
2026-09-24 12:15:00,1560.9000244140625,1562.4000244140625,1552.0999755859375,1557.9000244140625,4710
2026-09-24 13:15:00,1557.9000244140625,1565.0,1540.0999755859375,1542.0999755859375,12340
2026-09-24 14:15:00,1542.9000244140625,1550.5,1540.0999755859375,1542.0,16560
2026-09-24 15:15:00,1542.0,1544.9000244140625,1538.0,1543.5999755859375,4778
2026-09-25 09:15:00,1534.0,1536.199951171875,1515.5,1525.0999755859375,0
2026-09-25 10:15:00,1525.0,1526.4000244140625,1518.800048828125,1521.0,5109
2026-09-25 11:15:00,1521.0,1524.199951171875,1519.0,1521.9000244140625,2916
2026-09-25 12:15:00,1522.300048828125,1582.9000244140625,1521.5999755859375,1579.0999755859375,88470
2026-09-25 13:15:00,1580.0,1593.0,1565.199951171875,1585.300048828125,39891
2026-09-25 14:15:00,1586.199951171875,1600.4000244140625,1577.5,1580.5999755859375,34098
2026-09-25 15:15:00,1583.0,1590.300048828125,1575.0,1575.0999755859375,8736
2026-09-28 09:15:00,1575.300048828125,1586.699951171875,1556.199951171875,1564.800048828125,0
2026-09-28 10:15:00,1566.199951171875,1566.199951171875,1550.5,1555.5,4961
2026-09-28 11:15:00,1554.0,1560.699951171875,1550.0,1558.800048828125,4717
2026-09-28 12:15:00,1556.5999755859375,1561.699951171875,1553.0,1554.699951171875,1222
2026-09-28 13:15:00,1555.0999755859375,1558.199951171875,1551.9000244140625,1551.9000244140625,2228
2026-09-28 14:15:00,1551.5,1561.800048828125,1542.5,1560.0,14495
2026-09-28 15:15:00,1560.0,1560.0999755859375,1547.0999755859375,1549.9000244140625,5303
2026-09-29 09:15:00,1560.0,1564.0,1522.0,1528.5,0
2026-09-29 10:15:00,1528.699951171875,1541.699951171875,1528.0999755859375,1540.0,4381
2026-09-29 11:15:00,1540.0999755859375,1546.4000244140625,1539.800048828125,1542.9000244140625,3254
2026-09-29 12:15:00,1542.9000244140625,1543.9000244140625,1532.9000244140625,1536.5,3400
2026-09-29 13:15:00,1536.5,1537.699951171875,1527.699951171875,1531.300048828125,5225
2026-09-29 14:15:00,1531.199951171875,1536.0,1519.0999755859375,1525.800048828125,11870
2026-09-29 15:15:00,1525.800048828125,1528.199951171875,1520.0,1523.4000244140625,3654
2026-09-30 09:15:00,1518.4000244140625,1576.0,1518.4000244140625,1554.800048828125,0
2026-09-30 10:15:00,1554.0,1559.5,1540.0,1540.5999755859375,9801
2026-09-30 11:15:00,1540.5999755859375,1556.800048828125,1534.4000244140625,1544.699951171875,14735
2026-09-30 12:15:00,1545.800048828125,1551.5999755859375,1530.0,1536.0,16444
2026-09-30 13:15:00,1536.5,1539.0,1526.0,1537.4000244140625,11974
2026-09-30 14:15:00,1538.0999755859375,1574.0,1527.0999755859375,1563.0,51417
2026-09-30 15:15:00,1563.0,1564.800048828125,1562.699951171875,1562.800048828125,8393
2026-10-01 09:15:00,1555.5,1585.9000244140625,1555.5,1584.5999755859375,0
2026-10-01 10:15:00,1583.0999755859375,1586.5999755859375,1568.800048828125,1570.5,8007
2026-10-01 11:15:00,1571.5999755859375,1576.5,1554.0,1555.0,4558
2026-10-01 12:15:00,1555.0,1574.5,1545.9000244140625,1569.5999755859375,13768
2026-10-01 13:15:00,1568.800048828125,1569.699951171875,1537.300048828125,1545.9000244140625,17324
2026-10-01 14:15:00,1545.199951171875,1562.0999755859375,1542.9000244140625,1556.5999755859375,8568
2026-10-01 15:15:00,1556.5999755859375,1559.0,1552.300048828125,1553.0,4518
2026-10-05 09:15:00,1594.300048828125,1627.199951171875,1592.5,1609.4000244140625,0
2026-10-05 10:15:00,1608.4000244140625,1608.4000244140625,1590.0,1594.199951171875,8316
2026-10-05 11:15:00,1595.4000244140625,1620.699951171875,1592.4000244140625,1603.800048828125,15840
2026-10-05 12:15:00,1605.0,1619.199951171875,1604.5999755859375,1616.5,3991
2026-10-05 13:15:00,1618.0,1630.0,1612.199951171875,1622.800048828125,18035
2026-10-05 14:15:00,1623.9000244140625,1632.4000244140625,1606.0,1611.0999755859375,19212
2026-10-05 15:15:00,1610.0,1610.0,1603.0,1608.199951171875,3184
2026-10-06 09:15:00,1608.5,1623.9000244140625,1603.5999755859375,1612.0,0
2026-10-06 10:15:00,1611.5999755859375,1613.5999755859375,1595.0,1595.0,3838
2026-10-06 11:15:00,1595.0,1623.800048828125,1591.800048828125,1617.9000244140625,23379
2026-10-06 12:15:00,1617.0,1618.9000244140625,1609.9000244140625,1611.5999755859375,4648
2026-10-06 13:15:00,1611.9000244140625,1619.800048828125,1607.4000244140625,1618.800048828125,4463
2026-10-06 14:15:00,1618.800048828125,1620.800048828125,1612.300048828125,1613.9000244140625,7184
2026-10-06 15:15:00,1613.9000244140625,1620.9000244140625,1612.0,1616.300048828125,0
2026-10-07 09:15:00,1615.0,1626.199951171875,1598.0999755859375,1609.0,5544
2026-10-07 10:15:00,1610.0999755859375,1627.4000244140625,1610.0999755859375,1616.5999755859375,4005
2026-10-07 11:15:00,1616.199951171875,1639.9000244140625,1614.199951171875,1635.0,17898
2026-10-07 12:15:00,1635.0999755859375,1636.300048828125,1607.4000244140625,1611.0999755859375,6343
2026-10-07 13:15:00,1611.0999755859375,1626.5,1611.0999755859375,1621.9000244140625,7679
2026-10-07 14:15:00,1623.4000244140625,1628.5999755859375,1620.800048828125,1625.0999755859375,8372
2026-10-07 15:15:00,1625.699951171875,1626.5,1622.0,1624.9000244140625,1490
2026-10-08 09:15:00,1637.5999755859375,1675.5999755859375,1630.0999755859375,1658.5999755859375,0
2026-10-08 10:15:00,1656.800048828125,1670.0,1645.0,1663.5999755859375,15872
2026-10-08 11:15:00,1663.5999755859375,1667.4000244140625,1630.0,1635.5999755859375,13562
2026-10-08 12:15:00,1634.199951171875,1634.9000244140625,1620.300048828125,1628.699951171875,8613
2026-10-08 13:15:00,1627.300048828125,1633.800048828125,1617.300048828125,1623.199951171875,4025
2026-10-08 14:15:00,1622.300048828125,1665.0,1612.0999755859375,1658.5,45505
2026-10-08 15:15:00,1658.5,1658.5999755859375,1640.0,1651.199951171875,7976
2026-10-09 09:15:00,1658.800048828125,1728.5,1658.800048828125,1697.5999755859375,0
2026-10-09 10:15:00,1698.0,1708.4000244140625,1686.199951171875,1689.0,16797
2026-10-09 11:15:00,1689.0999755859375,1713.199951171875,1676.300048828125,1680.300048828125,26135
2026-10-09 12:15:00,1683.0999755859375,1697.199951171875,1680.0,1697.199951171875,6637
2026-10-09 13:15:00,1695.300048828125,1700.0999755859375,1691.699951171875,1694.800048828125,8177
2026-10-09 14:15:00,1694.699951171875,1698.300048828125,1682.0,1682.0999755859375,16443
2026-10-09 15:15:00,1684.4000244140625,1685.5999755859375,1665.0,1679.9000244140625,13696
